timestamp,glucose,true_bg,twin_mean,twin_p95,twin_p5,twin_std,predicted_30m,target_30m
2026-04-08T00:00:00+00:00,6.91,7.4958,0.0,0.0,0.0,0.0,,7.4417
2026-04-08T00:02:30+00:00,6.78,7.4917,6.91,6.91,6.91,0.0,,7.4333
2026-04-08T00:05:00+00:00,6.78,7.4875,5.13,5.13,5.13,0.69,,7.4292
2026-04-08T00:07:30+00:00,7.35,7.4833,7.24,7.24,7.24,0.19,,7.425
2026-04-08T00:12:30+00:00,6.9,7.475,7.98,7.98,7.98,0.33,,7.4208
2026-04-08T00:15:00+00:00,6.56,7.4708,5.38,5.38,5.38,0.63,,7.4167
2026-04-08T00:17:30+00:00,6.99,7.4667,3.83,3.83,3.83,1.14,,7.4125
2026-04-08T00:20:00+00:00,7.19,7.4625,7.02,7.02,7.02,0.01,,7.4083
2026-04-08T00:22:30+00:00,7.6,7.4583,7.9,7.9,7.9,0.3,,7.4042
2026-04-08T00:25:00+00:00,7.12,7.4542,9.47,9.47,9.47,0.78,,7.4
2026-04-08T00:27:30+00:00,7.3,7.45,7.04,7.04,7.04,0.04,,7.3958
2026-04-08T00:30:00+00:00,7.18,7.4458,7.69,7.69,7.69,0.16,,7.3917
2026-04-08T00:32:30+00:00,7.25,7.4417,7.12,7.12,7.12,0.03,,7.3875
2026-04-08T00:37:30+00:00,6.93,7.4333,6.87,6.87,6.87,0.11,,7.3833
2026-04-08T00:40:00+00:00,7.21,7.4292,6.18,6.18,6.18,0.31,,7.3792
2026-04-08T00:42:30+00:00,7.37,7.425,7.31,7.31,7.31,0.04,,7.375
2026-04-08T00:45:00+00:00,7.77,7.4208,7.84,7.84,7.84,0.2,,7.3708
2026-04-08T00:47:30+00:00,7.78,7.4167,9.17,9.17,9.17,0.58,,7.3667
2026-04-08T00:50:00+00:00,7.76,7.4125,8.93,8.93,8.93,0.48,,7.3625
2026-04-08T00:52:30+00:00,7.85,7.4083,8.56,8.56,8.56,0.33,,7.3583
2026-04-08T00:55:00+00:00,7.92,7.4042,8.67,8.67,8.67,0.34,,7.3542
2026-04-08T00:57:30+00:00,8.0,7.4,8.68,8.68,8.68,0.32,,7.35
2026-04-08T01:00:00+00:00,8.1,7.3958,8.75,8.75,8.75,0.31,9.35,7.3458
2026-04-08T01:02:30+00:00,7.92,7.3917,8.84,8.84,8.84,0.31,7.65,7.3417
2026-04-08T01:05:00+00:00,7.85,7.3875,7.99,7.99,7.99,0.03,7.01,7.3375
2026-04-08T01:07:30+00:00,7.53,7.3833,7.64,7.64,7.64,0.09,4.95,7.3333
2026-04-08T01:10:00+00:00,7.16,7.3792,6.51,6.51,6.51,0.43,3.02,7.3292
2026-04-08T01:12:30+00:00,7.18,7.375,5.36,5.36,5.36,0.75,4.19,7.325
2026-04-08T01:15:00+00:00,6.86,7.3708,5.78,5.78,5.78,0.58,2.88,7.3208
2026-04-08T01:17:30+00:00,7.07,7.3667,4.96,4.96,4.96,0.79,5.47,7.3167
2026-04-08T01:20:00+00:00,7.18,7.3625,6.15,6.15,6.15,0.39,6.83,7.3125
2026-04-08T01:22:30+00:00,7.58,7.3583,6.8,6.8,6.8,0.16,9.86,7.3083
2026-04-08T01:25:00+00:00,7.83,7.3542,8.39,8.39,8.39,0.34,11.16,7.3042
2026-04-08T01:27:30+00:00,7.83,7.35,9.19,9.19,9.19,0.56,10.42,7.3
2026-04-08T01:30:00+00:00,7.84,7.3458,8.96,8.96,8.96,0.47,9.87,7.2958
2026-04-08T01:32:30+00:00,8.14,7.3417,8.79,8.79,8.79,0.39,11.25,7.2917
2026-04-08T01:35:00+00:00,7.86,7.3375,9.61,9.61,9.61,0.61,8.49,7.2875
2026-04-08T01:37:30+00:00,7.84,7.3333,8.29,8.29,8.29,0.18,8.07,7.2833
2026-04-08T01:40:00+00:00,8.05,7.3292,8.09,8.09,8.09,0.1,9.2,7.2792
2026-04-08T01:42:30+00:00,7.68,7.325,8.69,8.69,8.69,0.27,6.33,7.275
2026-04-08T01:45:00+00:00,7.31,7.3208,7.23,7.23,7.23,0.19,4.03,7.2708
2026-04-08T01:47:30+00:00,7.09,7.3167,5.95,5.95,5.95,0.57,3.28,7.2625
2026-04-08T01:50:00+00:00,6.7,7.3125,5.4,5.4,5.4,0.7,2.2,7.2583
2026-04-08T01:52:30+00:00,6.41,7.3083,4.38,4.38,4.38,0.97,2.2,7.2542
2026-04-08T01:55:00+00:00,6.41,7.3042,3.88,3.88,3.88,1.06,2.68,7.25
2026-04-08T01:57:30+00:00,6.74,7.3,4.44,4.44,4.44,0.82,6.19,7.2458
2026-04-08T02:00:00+00:00,7.12,7.2958,6.13,6.13,6.13,0.25,9.3,7.2417
2026-04-08T02:02:30+00:00,7.42,7.2917,7.76,7.76,7.76,0.27,11.07,7.2375
2026-04-08T02:05:00+00:00,8.01,7.2875,8.81,8.81,8.81,0.58,14.1,7.2333
2026-04-08T02:07:30+00:00,8.03,7.2833,10.69,10.69,10.69,1.12,12.76,7.2292
2026-04-08T02:10:00+00:00,8.01,7.2792,10.27,10.27,10.27,0.93,11.49,7.225
2026-04-08T02:12:30+00:00,7.88,7.275,9.74,9.74,9.74,0.72,9.55,7.2208
2026-04-08T02:15:00+00:00,7.69,7.2708,8.87,8.87,8.87,0.41,7.55,7.2167
2026-04-08T02:20:00+00:00,7.46,7.2625,7.05,7.05,7.05,0.18,5.92,7.2125
2026-04-08T02:22:30+00:00,7.4,7.2583,6.92,6.92,6.92,0.22,5.76,7.2083
2026-04-08T02:25:00+00:00,7.13,7.2542,6.76,6.76,6.76,0.27,4.29,7.2042
2026-04-08T02:27:30+00:00,7.43,7.25,5.91,5.91,5.91,0.51,6.96,7.2
2026-04-08T02:30:00+00:00,7.63,7.2458,7.18,7.18,7.18,0.1,8.51,7.1958
2026-04-08T02:32:30+00:00,7.81,7.2417,7.98,7.98,7.98,0.14,9.51,7.1917
2026-04-08T02:35:00+00:00,7.57,7.2375,8.54,8.54,8.54,0.31,7.48,7.1875
2026-04-08T02:37:30+00:00,7.51,7.2333,7.56,7.56,7.56,0.0,7.06,7.1833
2026-04-08T02:40:00+00:00,7.17,7.2292,7.33,7.33,7.33,0.07,4.93,7.1792
2026-04-08T02:42:30+00:00,7.19,7.225,6.18,6.18,6.18,0.41,5.62,7.175
2026-04-08T02:45:00+00:00,7.17,7.2208,6.44,6.44,6.44,0.31,5.95,7.1708
2026-04-08T02:47:30+00:00,6.99,7.2167,6.55,6.55,6.55,0.26,5.17,7.1667
2026-04-08T02:50:00+00:00,6.97,7.2125,6.08,6.08,6.08,0.38,5.57,7.1625
2026-04-08T02:52:30+00:00,7.05,7.2083,6.21,6.21,6.21,0.31,6.62,7.1583
2026-04-08T02:55:00+00:00,6.88,7.2042,6.71,6.71,6.71,0.14,5.77,7.1542
2026-04-08T02:57:30+00:00,6.79,7.2,6.25,6.25,6.25,0.26,5.6,7.15
2026-04-08T03:00:00+00:00,6.42,7.1958,6.12,6.12,6.12,0.28,3.58,7.1458
2026-04-08T03:02:30+00:00,5.85,7.1917,5.0,5.0,5.0,0.59,2.2,7.1417
2026-04-08T03:05:00+00:00,5.87,7.1875,3.36,3.36,3.36,1.04,2.37,7.1375
2026-04-08T03:07:30+00:00,5.93,7.1833,4.02,4.02,4.02,0.77,3.99,7.1333
2026-04-08T03:10:00+00:00,6.27,7.1792,4.72,4.72,4.72,0.5,7.16,7.1292
2026-04-08T03:12:30+00:00,6.81,7.175,6.31,6.31,6.31,0.02,10.92,7.125
2026-04-08T03:15:00+00:00,6.88,7.1708,8.35,8.35,8.35,0.64,10.64,7.1208
2026-04-08T03:17:30+00:00,6.89,7.1667,8.41,8.41,8.41,0.64,9.9,7.1167
2026-04-08T03:20:00+00:00,6.62,7.1625,8.2,8.2,8.2,0.54,7.3,7.1125
2026-04-08T03:22:30+00:00,6.77,7.1583,6.97,6.97,6.97,0.15,8.07,7.1083
2026-04-08T03:25:00+00:00,7.08,7.1542,7.41,7.41,7.41,0.27,9.75,7.1042
2026-04-08T03:27:30+00:00,7.35,7.15,8.35,8.35,8.35,0.53,10.78,7.1
2026-04-08T03:30:00+00:00,7.7,7.1458,9.01,9.01,9.01,0.69,11.91,7.0958
2026-04-08T03:32:30+00:00,7.82,7.1417,9.85,9.85,9.85,0.89,11.54,7.0917
2026-04-08T03:35:00+00:00,7.5,7.1375,9.76,9.76,9.76,0.81,8.12,7.0875
2026-04-08T03:37:30+00:00,7.2,7.1333,8.12,8.12,8.12,0.26,5.57,7.0833
2026-04-08T03:40:00+00:00,6.77,7.1292,6.79,6.79,6.79,0.17,2.78,7.0792
2026-04-08T03:42:30+00:00,6.58,7.125,5.22,5.22,5.22,0.64,2.33,7.075
2026-04-08T03:45:00+00:00,6.44,7.1208,4.79,4.79,4.79,0.74,2.36,7.0708
2026-04-08T03:47:30+00:00,6.62,7.1167,4.6,4.6,4.6,0.76,4.63,7.0667
2026-04-08T03:50:00+00:00,6.82,7.1125,5.61,5.61,5.61,0.42,6.62,7.0625
2026-04-08T03:52:30+00:00,7.23,7.1083,6.58,6.58,6.58,0.1,9.6,7.0583
2026-04-08T03:55:00+00:00,7.58,7.1042,8.14,8.14,8.14,0.38,11.45,7.0542
2026-04-08T03:57:30+00:00,7.7,7.1,9.23,9.23,9.23,0.69,11.36,7.05
2026-04-08T04:00:00+00:00,7.41,7.0958,9.37,9.37,9.37,0.69,8.43,7.0458
2026-04-08T04:02:30+00:00,7.03,7.0917,7.99,7.99,7.99,0.24,5.5,7.0417
2026-04-08T04:05:00+00:00,7.08,7.0875,6.49,6.49,6.49,0.23,6.06,7.0375
2026-04-08T04:07:30+00:00,7.18,7.0833,6.71,6.71,6.71,0.16,6.9,7.0333
2026-04-08T04:10:00+00:00,6.98,7.0792,7.1,7.1,7.1,0.03,5.62,7.0292
2026-04-08T04:12:30+00:00,6.99,7.075,6.41,6.41,6.41,0.24,5.99,7.025
2026-04-08T04:15:00+00:00,6.91,7.0708,6.54,6.54,6.54,0.19,5.69,7.0208
2026-04-08T04:17:30+00:00,6.55,7.0667,6.33,6.33,6.33,0.24,3.62,7.0167
2026-04-08T04:20:00+00:00,6.76,7.0625,5.19,5.19,5.19,0.56,5.87,7.0125
2026-04-08T04:22:30+00:00,6.45,7.0583,6.24,6.24,6.24,0.22,4.16,7.0083
2026-04-08T04:25:00+00:00,6.04,7.0542,5.31,5.31,5.31,0.48,2.2,7.0042
2026-04-08T04:27:30+00:00,5.81,7.05,4.16,4.16,4.16,0.78,2.2,7.0
2026-04-08T04:30:00+00:00,5.42,7.0458,3.79,3.79,3.79,0.84,2.2,6.9917
2026-04-08T04:32:30+00:00,5.51,7.0417,2.94,2.94,2.94,1.04,2.68,6.9875
2026-04-08T04:35:00+00:00,5.41,7.0375,3.87,3.87,3.87,0.68,3.19,6.9833
2026-04-08T04:37:30+00:00,5.57,7.0333,4.02,4.02,4.02,0.58,5.22,6.9792
2026-04-08T04:40:00+00:00,5.93,7.0292,5.01,5.01,5.01,0.23,8.16,6.975
2026-04-08T04:42:30+00:00,6.24,7.025,6.56,6.56,6.56,0.26,10.04,6.9708
2026-04-08T04:45:00+00:00,6.35,7.0208,7.67,7.67,7.67,0.6,10.12,6.9667
2026-04-08T04:47:30+00:00,6.59,7.0167,7.9,7.9,7.9,0.64,10.85,6.9625
2026-04-08T04:50:00+00:00,6.69,7.0125,8.46,8.46,8.46,0.78,10.44,6.9583
2026-04-08T04:52:30+00:00,6.91,7.0083,8.45,8.45,8.45,0.73,10.87,6.9542
2026-04-08T04:55:00+00:00,7.05,7.0042,8.84,8.84,8.84,0.8,10.55,6.95
2026-04-08T04:57:30+00:00,7.2,7.0,8.85,8.85,8.85,0.75,10.38,6.9458
2026-04-08T05:02:30+00:00,6.86,6.9917,8.11,8.11,8.11,0.42,6.22,6.9417
2026-04-08T05:05:00+00:00,6.98,6.9875,6.9,6.9,6.9,0.02,6.8,6.9375
2026-04-08T05:07:30+00:00,6.67,6.9833,7.17,7.17,7.17,0.08,4.54,6.9333
2026-04-08T05:10:00+00:00,6.41,6.9792,5.95,5.95,5.95,0.3,3.07,6.9292
2026-04-08T05:12:30+00:00,6.5,6.975,5.07,5.07,5.07,0.56,4.39,6.925
2026-04-08T05:15:00+00:00,6.49,6.9708,5.6,5.6,5.6,0.37,4.83,6.9208
2026-04-08T05:17:30+00:00,6.39,6.9667,5.74,5.74,5.74,0.31,4.56,6.9167
2026-04-08T05:20:00+00:00,6.43,6.9625,5.52,5.52,5.52,0.36,5.4,6.9125
2026-04-08T05:22:30+00:00,6.4,6.9583,5.88,5.88,5.88,0.23,5.58,6.9083
2026-04-08T05:25:00+00:00,6.57,6.9542,5.93,5.93,5.93,0.2,7.01,6.9042
2026-04-08T05:27:30+00:00,6.38,6.95,6.65,6.65,6.65,0.03,5.78,6.9
2026-04-08T05:30:00+00:00,6.36,6.9458,6.03,6.03,6.03,0.15,5.9,6.8958
2026-04-08T05:32:30+00:00,6.02,6.9417,6.07,6.07,6.07,0.12,3.85,6.8917
2026-04-08T05:35:00+00:00,5.89,6.9375,4.97,4.97,4.97,0.44,3.59,6.8875
2026-04-08T05:37:30+00:00,5.77,6.9333,4.74,4.74,4.74,0.48,3.52,6.8833
2026-04-08T05:40:00+00:00,5.57,6.9292,4.6,4.6,4.6,0.49,3.0,6.8792
2026-04-08T05:42:30+00:00,5.48,6.925,4.23,4.23,4.23,0.56,3.28,6.875
2026-04-08T05:45:00+00:00,5.71,6.9208,4.27,4.27,4.27,0.51,5.6,6.8708
2026-04-08T05:47:30+00:00,6.08,6.9167,5.4,5.4,5.4,0.13,8.4,6.8667
2026-04-08T05:50:00+00:00,6.48,6.9125,6.88,6.88,6.88,0.33,10.74,6.8625
2026-04-08T05:52:30+00:00,6.66,6.9083,8.23,8.23,8.23,0.73,10.95,6.8583
2026-04-08T05:55:00+00:00,6.8,6.9042,8.55,8.55,8.55,0.79,10.81,6.8542
2026-04-08T05:57:30+00:00,6.95,6.9,8.67,8.67,8.67,0.78,10.72,6.85
2026-04-08T06:00:00+00:00,7.17,6.8958,8.81,8.81,8.81,0.77,11.0,6.8458
2026-04-08T06:02:30+00:00,6.86,6.8917,9.12,9.12,9.12,0.81,7.67,6.8417
2026-04-08T06:05:00+00:00,6.38,6.8875,7.53,7.53,7.53,0.28,3.89,6.8375
2026-04-08T06:07:30+00:00,6.15,6.8833,5.56,5.56,5.56,0.34,2.73,6.8333
2026-04-08T06:10:00+00:00,6.08,6.8792,4.82,4.82,4.82,0.55,2.89,6.8292
2026-04-08T06:12:30+00:00,5.94,6.875,4.74,4.74,4.74,0.56,2.74,6.825
2026-04-08T06:15:00+00:00,5.93,6.8708,4.51,4.51,4.51,0.6,3.48,6.8208
2026-04-08T06:17:30+00:00,6.03,6.8667,4.75,4.75,4.75,0.49,4.86,6.8167
2026-04-08T06:20:00+00:00,6.27,6.8625,5.37,5.37,5.37,0.27,6.96,6.8125
2026-04-08T06:22:30+00:00,6.51,6.8583,6.43,6.43,6.43,0.06,8.51,6.8083
2026-04-08T06:25:00+00:00,6.02,6.8542,7.28,7.28,7.28,0.32,4.83,6.8042
2026-04-08T06:27:30+00:00,5.86,6.85,5.45,5.45,5.45,0.24,4.17,6.8
2026-04-08T06:30:00+00:00,6.4,6.8458,5.05,5.05,5.05,0.34,8.25,6.7958
2026-04-08T06:32:30+00:00,6.82,6.8417,7.12,7.12,7.12,0.3,10.71,6.7917
2026-04-08T06:35:00+00:00,6.86,6.8375,8.5,8.5,8.5,0.7,9.99,6.7875
2026-04-08T06:37:30+00:00,6.76,6.8333,8.31,8.31,8.31,0.6,8.49,6.7833
2026-04-08T06:40:00+00:00,6.13,6.8292,7.66,7.66,7.66,0.37,3.65,6.7792
2026-04-08T06:42:30+00:00,5.75,6.825,5.19,5.19,5.19,0.39,2.2,6.775
2026-04-08T06:45:00+00:00,5.62,6.8208,3.99,3.99,3.99,0.73,2.2,6.7708
2026-04-08T06:47:30+00:00,5.8,6.8167,3.86,3.86,3.86,0.73,3.97,6.7667
2026-04-08T06:50:00+00:00,5.82,6.8125,4.86,4.86,4.86,0.39,4.72,6.7625
2026-04-08T06:52:30+00:00,5.75,6.8083,5.17,5.17,5.17,0.27,4.69,6.7583
2026-04-08T06:55:00+00:00,5.92,6.8042,5.12,5.12,5.12,0.26,6.29,6.7542
2026-04-08T06:57:30+00:00,6.3,6.8,5.92,5.92,5.92,0.0,8.9,6.75
2026-04-08T07:00:00+00:00,6.56,6.7958,7.31,7.31,7.31,0.42,10.15,6.7458
2026-04-08T07:02:30+00:00,6.48,6.7917,8.1,8.1,8.1,0.64,8.72,6.7417
2026-04-08T07:05:00+00:00,6.34,6.7875,7.52,7.52,7.52,0.43,7.2,6.7375
2026-04-08T07:07:30+00:00,6.19,6.7833,6.82,6.82,6.82,0.2,5.84,6.7333
2026-04-08T07:10:00+00:00,6.18,6.7792,6.14,6.14,6.14,0.02,5.76,6.7292
2026-04-08T07:12:30+00:00,6.1,6.775,6.07,6.07,6.07,0.04,5.28,6.725
2026-04-08T07:15:00+00:00,5.65,6.7708,5.8,5.8,5.8,0.13,2.38,6.7208
2026-04-08T07:17:30+00:00,5.59,6.7667,4.23,4.23,4.23,0.59,2.83,6.7167
2026-04-08T07:20:00+00:00,5.61,6.7625,4.31,4.31,4.31,0.53,3.68,6.7125
2026-04-08T07:22:30+00:00,5.8,6.7583,4.63,4.63,4.63,0.4,5.6,6.7083
2026-04-08T07:25:00+00:00,6.0,6.7542,5.57,5.57,5.57,0.1,7.17,6.7042
2026-04-08T07:27:30+00:00,5.98,6.75,6.39,6.39,6.39,0.16,6.89,6.6958
2026-04-08T07:30:00+00:00,6.0,6.7458,6.3,6.3,6.3,0.13,6.86,6.6917
2026-04-08T07:32:30+00:00,6.01,6.7417,6.33,6.33,6.33,0.14,6.73,6.6875
2026-04-08T07:35:00+00:00,6.42,6.7375,6.3,6.3,6.3,0.12,9.32,6.6833
2026-04-08T07:37:30+00:00,6.69,6.7333,7.7,7.7,7.7,0.53,10.37,6.6792
2026-04-08T07:40:00+00:00,6.93,6.7292,8.39,8.39,8.39,0.71,10.95,6.675
2026-04-08T07:42:30+00:00,6.86,6.725,8.86,8.86,8.86,0.81,9.27,6.6708
2026-04-08T07:45:00+00:00,6.7,6.7208,8.16,8.16,8.16,0.54,7.33,6.6667
2026-04-08T07:47:30+00:00,6.59,6.7167,7.24,7.24,7.24,0.23,6.21,6.6625
2026-04-08T07:50:00+00:00,6.73,6.7125,6.66,6.66,6.66,0.03,6.93,6.6583
2026-04-08T07:52:30+00:00,6.64,6.7083,7.01,7.01,7.01,0.12,6.09,6.6542
2026-04-08T07:55:00+00:00,6.71,6.7042,6.57,6.57,6.57,0.03,6.49,6.637
2026-04-08T08:00:00+00:00,6.73,6.6958,6.77,6.77,6.77,0.02,6.48,6.5897
2026-04-08T08:02:30+00:00,6.5,6.6917,6.71,6.71,6.71,0.01,4.9,6.4645
2026-04-08T08:05:00+00:00,6.73,6.6875,5.86,5.86,5.86,0.27,6.78,6.1647
2026-04-08T08:07:30+00:00,6.73,6.6833,6.78,6.78,6.78,0.02,6.75,5.5564
2026-04-08T08:10:00+00:00,6.44,6.6792,6.76,6.76,6.76,0.01,4.73,4.5911
2026-04-08T08:12:30+00:00,6.36,6.675,5.7,5.7,5.7,0.31,4.65,4.0725
2026-04-08T08:15:00+00:00,6.17,6.6708,5.57,5.57,5.57,0.33,3.86,3.8474
2026-04-08T08:17:30+00:00,6.17,6.6667,5.08,5.08,5.08,0.45,4.48,3.7242
2026-04-08T08:20:00+00:00,6.24,6.6625,5.3,5.3,5.3,0.36,5.54,3.6873
2026-04-08T08:22:30+00:00,6.47,6.6583,5.79,5.79,5.79,0.19,7.41,3.7023
2026-04-08T08:25:00+00:00,6.53,6.6542,6.75,6.75,6.75,0.12,7.72,3.7437
2026-04-08T08:27:30+00:00,6.42,6.637,2.2,2.2,2.2,1.32,6.78,3.9187
2026-04-08T08:30:00+00:00,6.25,6.5897,2.2,2.2,2.2,1.25,5.63,4.0431
2026-04-08T08:32:30+00:00,6.03,6.4645,2.2,2.2,2.2,1.16,4.31,4.1673
2026-04-08T08:35:00+00:00,5.83,6.1647,2.2,2.2,2.2,1.05,3.52,4.2897
2026-04-08T08:37:30+00:00,5.69,5.5564,2.2,2.2,2.2,1.01,3.26,4.4095
2026-04-08T08:40:00+00:00,5.53,4.5911,2.2,2.2,2.2,0.95,2.95,4.5265
2026-04-08T08:42:30+00:00,4.88,4.0725,2.2,2.2,2.2,1.41,2.2,4.6403
2026-04-08T08:45:00+00:00,4.12,3.8474,2.2,2.2,2.2,1.18,2.2,4.7509
2026-04-08T08:47:30+00:00,3.41,3.7242,2.2,2.2,2.2,0.87,2.2,4.962
2026-04-08T08:50:00+00:00,2.88,3.6873,2.2,2.2,2.2,0.62,2.2,5.0625
2026-04-08T08:52:30+00:00,2.37,3.7023,2.2,2.2,2.2,0.45,2.2,5.1596
2026-04-08T08:55:00+00:00,2.28,3.7437,2.2,2.2,2.2,0.32,2.2,5.2533
2026-04-08T09:00:00+00:00,2.76,3.9187,2.2,2.2,2.2,0.32,3.3,5.3437
2026-04-08T09:02:30+00:00,2.93,4.0431,2.2,2.2,2.2,0.38,5.26,5.4307
2026-04-08T09:05:00+00:00,3.25,4.1673,2.2,2.2,2.2,0.49,7.61,5.5144
2026-04-08T09:07:30+00:00,3.6,4.2897,2.23,2.36,2.2,0.51,9.37,5.5949
2026-04-08T09:10:00+00:00,3.7,4.4095,2.92,3.97,2.2,0.6,8.94,5.6721
2026-04-08T09:12:30+00:00,4.16,4.5265,2.79,3.84,2.2,0.59,10.8,5.7461
2026-04-08T09:15:00+00:00,4.43,4.6403,4.24,5.12,3.4,0.79,10.87,5.817
2026-04-08T09:17:30+00:00,4.67,4.7509,4.85,5.99,3.85,0.85,10.61,5.8849
2026-04-08T09:22:30+00:00,4.82,4.962,4.72,5.83,3.35,0.81,8.18,5.9497
2026-04-08T09:25:00+00:00,4.53,5.0625,4.31,5.51,3.06,0.74,4.85,6.0116
2026-04-08T09:27:30+00:00,4.61,5.1596,2.8,3.48,2.2,0.81,4.72,6.0707
2026-04-08T09:30:00+00:00,4.46,5.2533,2.9,3.8,2.2,0.83,3.21,6.1269
2026-04-08T09:32:30+00:00,4.32,5.3437,2.38,2.77,2.2,0.92,2.22,6.1804
2026-04-08T09:35:00+00:00,4.25,5.4307,2.29,2.72,2.2,0.93,2.2,6.2313
2026-04-08T09:37:30+00:00,4.27,5.5144,2.25,2.41,2.2,0.95,2.47,6.2795
2026-04-08T09:40:00+00:00,4.59,5.5949,2.29,2.62,2.2,0.96,4.98,6.3253
2026-04-08T09:42:30+00:00,4.88,5.6721,2.8,3.68,2.2,0.86,6.71,6.3686
2026-04-08T09:45:00+00:00,5.32,5.7461,3.77,4.8,2.91,0.7,9.16,6.4096
2026-04-08T09:47:30+00:00,5.58,5.817,5.6,6.25,4.55,0.67,9.61,6.4483
2026-04-08T09:50:00+00:00,5.61,5.8849,6.09,7.27,4.66,0.7,8.72,6.4847
2026-04-08T09:52:30+00:00,5.82,5.9497,5.69,6.62,4.76,0.66,9.03,6.5191
2026-04-08T09:55:00+00:00,6.18,6.0116,6.05,7.02,5.2,0.66,10.12,6.5513
2026-04-08T09:57:30+00:00,6.11,6.0707,7.06,8.02,5.72,0.73,8.43,6.5816
2026-04-08T10:00:00+00:00,5.72,6.1269,5.76,6.73,4.92,0.67,4.8,6.61
2026-04-08T10:02:30+00:00,5.52,6.1804,4.51,5.58,3.31,0.67,3.28,6.6365
2026-04-08T10:05:00+00:00,5.05,6.2313,3.9,4.82,2.9,0.82,2.2,6.6612
2026-04-08T10:07:30+00:00,4.98,6.2795,2.31,2.77,2.2,1.22,2.2,6.6842
2026-04-08T10:10:00+00:00,5.11,6.3253,2.33,2.79,2.2,1.19,2.71,6.7055
2026-04-08T10:12:30+00:00,5.11,6.3686,3.0,3.68,2.42,0.95,3.39,6.7253
2026-04-08T10:15:00+00:00,5.28,6.4096,3.06,3.83,2.23,0.91,5.05,6.7435
2026-04-08T10:17:30+00:00,5.48,6.4483,3.8,5.21,2.88,0.73,6.61,6.7603
2026-04-08T10:20:00+00:00,5.8,6.4847,4.7,5.68,3.7,0.53,8.56,6.7757
2026-04-08T10:22:30+00:00,6.12,6.5191,5.87,6.81,4.83,0.48,10.04,6.7898
2026-04-08T10:25:00+00:00,6.35,6.5513,6.8,7.96,5.87,0.59,10.59,6.8026
2026-04-08T10:27:30+00:00,6.41,6.5816,7.69,8.46,6.79,0.72,9.78,6.8141
2026-04-08T10:30:00+00:00,6.43,6.61,7.11,7.86,6.16,0.56,8.82,6.8245
2026-04-08T10:32:30+00:00,6.21,6.6365,6.98,7.52,6.16,0.49,6.45,6.8337
2026-04-08T10:35:00+00:00,5.93,6.6612,5.88,6.93,4.8,0.43,4.22,6.8419
2026-04-08T10:37:30+00:00,5.72,6.6842,4.68,5.69,3.82,0.61,2.99,6.8491
2026-04-08T10:40:00+00:00,5.33,6.7055,4.04,4.81,2.99,0.77,2.2,6.8553
2026-04-08T10:42:30+00:00,5.18,6.7253,2.69,3.72,2.2,1.14,2.2,6.8606
2026-04-08T10:45:00+00:00,5.02,6.7435,2.67,3.26,2.2,1.1,2.2,6.865
2026-04-08T10:47:30+00:00,5.0,6.7603,2.57,3.29,2.2,1.08,2.2,6.8686
2026-04-08T10:50:00+00:00,5.44,6.7757,3.02,3.76,2.23,0.89,6.03,6.8713
2026-04-08T10:52:30+00:00,5.93,6.7898,5.11,6.02,4.18,0.36,9.44,6.8734
2026-04-08T10:55:00+00:00,6.36,6.8026,6.69,7.68,6.08,0.47,11.47,6.8747
2026-04-08T10:57:30+00:00,6.7,6.8141,7.88,8.79,7.41,0.75,12.46,6.8753
2026-04-08T11:00:00+00:00,7.04,6.8245,9.01,9.77,8.07,1.03,13.13,6.8753
2026-04-08T11:02:30+00:00,7.47,6.8337,9.62,10.24,8.62,1.13,14.12,6.8747
2026-04-08T11:05:00+00:00,7.39,6.8419,10.26,11.01,9.47,1.21,11.55,6.8735
2026-04-08T11:07:30+00:00,7.53,6.8491,9.35,9.95,8.74,0.88,10.92,6.8718
2026-04-08T11:10:00+00:00,7.42,6.8553,9.24,10.26,8.4,0.8,8.89,6.8695
2026-04-08T11:12:30+00:00,7.16,6.8606,8.38,8.99,7.58,0.53,6.15,6.8668
2026-04-08T11:15:00+00:00,6.7,6.865,6.98,7.84,6.07,0.31,2.83,6.8637
2026-04-08T11:17:30+00:00,6.49,6.8686,5.01,5.7,4.56,0.72,2.2,6.8601
2026-04-08T11:20:00+00:00,6.2,6.8713,4.54,5.31,3.9,0.81,2.2,6.8396
2026-04-08T11:22:30+00:00,6.15,6.8734,4.0,4.75,3.15,0.89,2.2,6.7803
2026-04-08T11:25:00+00:00,6.21,6.8747,4.1,4.59,3.41,0.82,3.45,6.6216
2026-04-08T11:27:30+00:00,6.18,6.8753,4.66,5.55,3.65,0.62,4.12,6.2405
2026-04-08T11:30:00+00:00,6.1,6.8753,5.25,5.82,4.3,0.4,4.29,5.4666
2026-04-08T11:32:30+00:00,6.07,6.8747,4.97,5.62,4.4,0.45,4.83,4.238
2026-04-08T11:35:00+00:00,6.06,6.8735,4.96,5.63,4.48,0.44,5.31,3.9395
2026-04-08T11:37:30+00:00,6.19,6.8718,5.44,6.26,4.65,0.3,6.66,3.6845
2026-04-08T11:40:00+00:00,6.4,6.8695,6.09,6.88,5.41,0.29,8.15,3.5561
2026-04-08T11:42:30+00:00,6.69,6.8668,7.25,7.62,6.49,0.55,9.86,3.5352
2026-04-08T11:45:00+00:00,6.81,6.8637,7.7,8.3,7.28,0.65,9.98,3.5779
2026-04-08T11:47:30+00:00,6.72,6.8601,8.28,8.9,7.59,0.78,8.54,3.652
2026-04-08T11:50:00+00:00,6.54,6.8396,2.2,2.2,2.2,1.23,6.83,3.7395
2026-04-08T11:52:30+00:00,6.23,6.7803,2.2,2.2,2.2,1.12,4.55,3.9274
2026-04-08T11:55:00+00:00,5.86,6.6216,2.2,2.2,2.2,1.03,2.41,4.1157
2026-04-08T11:57:30+00:00,5.71,6.2405,2.2,2.2,2.2,0.88,2.23,4.2626
2026-04-08T12:00:00+00:00,5.77,5.4666,2.2,2.2,2.2,0.85,3.61,4.4052
2026-04-08T12:02:30+00:00,5.59,4.238,2.2,2.2,2.2,0.88,3.11,4.5429
2026-04-08T12:05:00+00:00,5.11,3.9395,2.3,2.94,2.2,1.51,2.2,4.6751
2026-04-08T12:07:30+00:00,4.01,3.6845,2.2,2.2,2.2,1.46,2.2,4.8019
2026-04-08T12:10:00+00:00,3.26,3.5561,2.2,2.2,2.2,0.94,2.2,4.9233
2026-04-08T12:12:30+00:00,2.98,3.5352,2.2,2.2,2.2,0.58,2.2,5.0739
2026-04-08T12:15:00+00:00,2.88,3.5779,2.2,2.2,2.2,0.58,2.2,5.2183
2026-04-08T12:17:30+00:00,2.69,3.652,2.2,2.2,2.2,0.59,2.2,5.3566
2026-04-08T12:20:00+00:00,2.46,3.7395,2.2,2.2,2.2,0.5,2.2,5.4888
2026-04-08T12:22:30+00:00,2.67,3.9274,2.2,2.2,2.2,0.45,2.2,5.615
2026-04-08T12:25:00+00:00,2.81,4.1157,2.2,2.2,2.2,0.58,3.83,5.7355
2026-04-08T12:27:30+00:00,3.03,4.2626,2.2,2.2,2.2,0.46,5.85,5.8504
2026-04-08T12:30:00+00:00,3.57,4.4052,2.2,2.2,2.2,0.64,9.29,5.9597
2026-04-08T12:32:30+00:00,3.86,4.5429,2.34,2.89,2.2,0.68,10.2,6.0638
2026-04-08T12:35:00+00:00,4.29,4.6751,3.06,4.44,2.2,0.71,11.61,6.1626
2026-04-08T12:37:30+00:00,4.41,4.8019,4.45,5.51,3.45,0.89,10.57,6.2564
2026-04-08T12:40:00+00:00,4.35,4.9233,4.85,5.97,3.48,0.85,8.46,6.3454
2026-04-08T12:42:30+00:00,4.53,5.0739,3.46,4.94,2.2,0.76,8.24,6.4296
2026-04-08T12:45:00+00:00,4.81,5.2183,4.29,5.32,2.58,0.78,8.72,6.5092
2026-04-08T12:47:30+00:00,4.97,5.3566,4.53,5.98,3.4,0.78,8.48,6.5843
2026-04-08T12:50:00+00:00,5.45,5.4888,4.15,5.54,3.06,0.88,10.11,6.6552
2026-04-08T12:52:30+00:00,5.72,5.615,5.82,7.2,4.51,0.93,10.19,6.722
2026-04-08T12:55:00+00:00,5.75,5.7355,6.02,7.38,4.84,0.88,8.76,6.7847
2026-04-08T12:57:30+00:00,5.71,5.8504,5.75,6.96,4.63,0.83,7.15,6.8437
2026-04-08T13:00:00+00:00,5.62,5.9597,4.73,6.15,3.63,0.92,5.55,6.8989
2026-04-08T13:02:30+00:00,5.67,6.0638,3.6,4.71,2.83,1.05,5.3,6.9505
2026-04-08T13:05:00+00:00,5.56,6.1626,4.22,5.65,2.55,0.87,4.21,6.9988
2026-04-08T13:07:30+00:00,5.08,6.2564,3.39,4.92,2.2,1.08,2.2,7.0437
2026-04-08T13:10:00+00:00,5.18,6.3454,2.3,2.7,2.2,1.31,2.33,7.0855
2026-04-08T13:12:30+00:00,5.63,6.4296,2.85,4.02,2.2,1.11,5.94,7.1243
2026-04-08T13:15:00+00:00,5.85,6.5092,4.42,5.82,3.05,0.75,7.27,7.1601
2026-04-08T13:17:30+00:00,6.35,6.5843,4.86,6.08,3.4,0.71,10.2,7.1932
2026-04-08T13:20:00+00:00,6.72,6.6552,6.69,7.9,5.57,0.74,11.36,7.2236
2026-04-08T13:22:30+00:00,6.78,6.722,7.82,9.28,6.16,0.84,10.54,7.2514
2026-04-08T13:25:00+00:00,6.63,6.7847,7.47,8.68,6.1,0.7,8.31,7.2768
2026-04-08T13:27:30+00:00,6.52,6.8437,6.49,7.95,5.08,0.6,6.76,7.2999
2026-04-08T13:30:00+00:00,6.25,6.8989,5.82,6.81,4.23,0.65,4.56,7.3208
2026-04-08T13:32:30+00:00,5.98,6.9505,4.89,5.96,3.24,0.72,2.92,7.3395
2026-04-08T13:35:00+00:00,6.14,6.9988,3.83,4.89,2.62,0.96,4.51,7.3563
2026-04-08T13:37:30+00:00,6.06,7.0437,4.99,5.85,4.19,0.74,4.34,7.3711
2026-04-08T13:40:00+00:00,6.26,7.0855,4.51,5.75,2.8,0.81,6.02,7.3841
2026-04-08T13:42:30+00:00,6.08,7.1243,5.21,6.25,3.97,0.69,4.94,7.3954
2026-04-08T13:45:00+00:00,6.28,7.1601,4.77,5.79,3.91,0.75,6.57,7.405
2026-04-08T13:47:30+00:00,6.36,7.1932,5.49,6.65,4.26,0.57,7.05,7.4131
2026-04-08T13:50:00+00:00,6.34,7.2236,6.06,7.14,4.82,0.53,6.79,7.4196
2026-04-08T13:52:30+00:00,6.33,7.2514,5.86,7.19,4.22,0.54,6.58,7.4248
2026-04-08T13:55:00+00:00,6.26,7.2768,6.03,7.09,5.18,0.51,6.03,7.4286
2026-04-08T13:57:30+00:00,6.23,7.2999,5.61,6.77,4.46,0.57,5.92,7.4312
2026-04-08T14:00:00+00:00,6.25,7.3208,5.61,6.65,4.43,0.56,6.12,7.4326
2026-04-08T14:02:30+00:00,6.13,7.3395,5.76,6.95,4.24,0.53,5.33,7.4329
2026-04-08T14:05:00+00:00,6.25,7.3563,5.27,6.48,4.43,0.54,6.4,7.4321
2026-04-08T14:07:30+00:00,6.48,7.3711,5.9,6.9,5.11,0.45,7.91,7.4304
2026-04-08T14:10:00+00:00,6.65,7.3841,6.8,7.66,5.61,0.45,8.68,7.4277
2026-04-08T14:12:30+00:00,6.61,7.3954,7.3,8.83,5.96,0.5,7.84,7.4241
2026-04-08T14:15:00+00:00,6.63,7.405,6.73,7.69,6.05,0.41,7.59,7.4197
2026-04-08T14:17:30+00:00,6.9,7.4131,6.7,7.64,5.75,0.41,9.05,7.4146
2026-04-08T14:20:00+00:00,6.86,7.4196,7.49,8.85,6.32,0.47,8.13,7.4087
2026-04-08T14:22:30+00:00,6.55,7.4248,7.4,8.57,6.07,0.45,5.57,7.4021
2026-04-08T14:25:00+00:00,6.45,7.4286,5.67,6.69,4.92,0.55,5.04,7.3949
2026-04-08T14:27:30+00:00,6.72,7.4312,5.84,7.06,4.58,0.49,7.07,7.3872
2026-04-08T14:30:00+00:00,7.12,7.4326,7.01,7.86,6.03,0.43,9.61,7.3789
2026-04-08T14:32:30+00:00,7.31,7.4329,8.39,9.59,7.22,0.67,10.17,7.3701
2026-04-08T14:35:00+00:00,7.33,7.4321,8.6,9.27,7.82,0.67,9.41,7.3608
2026-04-08T14:37:30+00:00,7.15,7.4304,8.49,9.66,7.23,0.64,7.49,7.3511
2026-04-08T14:40:00+00:00,6.78,7.4277,7.63,8.59,6.28,0.47,4.75,7.3411
2026-04-08T14:42:30+00:00,6.69,7.4241,6.23,7.4,5.13,0.42,4.45,7.3306
2026-04-08T14:45:00+00:00,6.97,7.4197,5.81,6.81,4.68,0.47,6.77,7.3198
2026-04-08T14:47:30+00:00,7.2,7.4146,6.81,8.16,5.98,0.37,8.32,7.3088
2026-04-08T14:50:00+00:00,7.01,7.4087,7.66,8.53,6.88,0.47,6.75,7.2974
2026-04-08T14:52:30+00:00,6.67,7.4021,6.79,7.89,5.99,0.36,4.52,7.2858
2026-04-08T14:55:00+00:00,6.27,7.3949,5.92,6.77,4.85,0.38,2.37,7.274
2026-04-08T14:57:30+00:00,6.42,7.3872,4.39,5.27,3.47,0.71,4.37,7.262
2026-04-08T15:00:00+00:00,6.75,7.3789,5.34,6.38,4.58,0.44,7.28,7.2499
2026-04-08T15:02:30+00:00,6.97,7.3701,6.8,7.47,5.73,0.38,8.78,7.2375
2026-04-08T15:05:00+00:00,7.04,7.3608,7.57,8.66,6.68,0.53,8.86,7.2251
2026-04-08T15:07:30+00:00,6.79,7.3511,7.84,9.03,6.86,0.6,6.83,7.2125
2026-04-08T15:10:00+00:00,6.72,7.3411,7.04,8.02,6.12,0.41,6.32,7.1998
2026-04-08T15:12:30+00:00,6.86,7.3306,6.12,6.83,5.54,0.34,7.39,7.1871
2026-04-08T15:15:00+00:00,6.83,7.3198,6.9,7.77,6.25,0.38,7.05,7.1743
2026-04-08T15:17:30+00:00,6.69,7.3088,7.04,8.12,6.13,0.4,6.02,7.1614
2026-04-08T15:20:00+00:00,6.45,7.2974,6.53,7.65,5.65,0.33,4.61,7.1007
2026-04-08T15:22:30+00:00,6.46,7.2858,5.89,6.7,5.06,0.36,5.15,7.0415
2026-04-08T15:25:00+00:00,6.25,7.274,7.4,8.1,6.75,0.33,4.18,6.9837
2026-04-08T15:27:30+00:00,5.91,7.262,6.91,7.77,6.39,0.4,2.52,6.9273
2026-04-08T15:30:00+00:00,5.68,7.2499,5.87,6.53,5.15,0.6,2.2,6.8724
2026-04-08T15:32:30+00:00,5.54,7.2375,5.46,6.17,4.84,0.69,2.2,6.8188
2026-04-08T15:35:00+00:00,5.76,7.2251,5.19,5.83,4.48,0.67,4.84,6.8147
2026-04-08T15:37:30+00:00,6.26,7.2125,6.48,7.3,5.87,0.38,8.7,6.8105
2026-04-08T15:40:00+00:00,6.68,7.1998,7.05,7.05,7.05,0.58,11.17,6.8063
2026-04-08T15:42:30+00:00,6.93,7.1871,8.49,8.49,8.49,0.91,11.78,6.8022
2026-04-08T15:45:00+00:00,7.02,7.1743,9.11,9.11,9.11,1.09,11.29,6.798
2026-04-08T15:47:30+00:00,7.03,7.1614,9.0,9.0,9.0,0.95,10.18,6.7938
2026-04-08T15:50:00+00:00,6.64,7.1007,8.61,8.61,8.61,0.8,6.57,6.7897
2026-04-08T15:52:30+00:00,6.21,7.0415,6.84,6.84,6.84,0.42,3.45,6.7855
2026-04-08T15:55:00+00:00,5.88,6.9837,5.19,5.19,5.19,0.59,2.2,6.7813
2026-04-08T15:57:30+00:00,5.75,6.9273,4.15,4.15,4.15,0.81,2.2,6.7772
2026-04-08T16:00:00+00:00,5.82,6.8724,3.98,3.98,3.98,0.79,3.29,8.1793
2026-04-08T16:02:30+00:00,5.79,6.8188,4.59,4.59,4.59,0.6,3.88,9.1496
2026-04-08T16:05:00+00:00,5.78,6.8147,4.78,4.78,4.78,0.42,4.46,9.7868
2026-04-08T16:07:30+00:00,6.01,6.8105,5.01,5.01,5.01,0.32,6.53,10.1699
2026-04-08T16:10:00+00:00,6.46,6.8063,6.05,6.05,6.05,0.02,9.6,10.3616
2026-04-08T16:12:30+00:00,6.57,6.8022,7.7,7.7,7.7,0.52,9.74,10.4114
2026-04-08T16:15:00+00:00,6.92,6.798,7.92,7.92,7.92,0.56,11.34,10.3585
2026-04-08T16:17:30+00:00,7.14,6.7938,8.91,8.91,8.91,0.83,11.47,10.2333
2026-04-08T16:20:00+00:00,6.94,6.7897,9.27,9.27,9.27,0.89,8.94,10.0595
2026-04-08T16:22:30+00:00,6.4,6.7855,8.06,8.06,8.06,0.47,4.57,9.8549
2026-04-08T16:25:00+00:00,6.11,6.7813,5.84,5.84,5.84,0.23,2.84,9.633
2026-04-08T16:27:30+00:00,6.0,6.7772,7.47,7.88,6.97,0.74,2.74,9.4037
2026-04-08T16:30:00+00:00,5.88,8.1793,6.99,7.65,6.6,0.74,2.73,9.1745
2026-04-08T16:32:30+00:00,5.94,9.1496,6.67,7.08,6.25,0.76,3.94,8.9507
2026-04-08T16:35:00+00:00,6.59,9.7868,7.0,7.44,6.43,0.82,8.9,8.736
2026-04-08T16:37:30+00:00,7.69,10.1699,9.42,9.8,8.91,1.2,15.57,8.5329
2026-04-08T16:40:00+00:00,8.86,10.3616,12.92,13.47,12.41,2.09,21.18,8.3427
2026-04-08T16:42:30+00:00,9.26,10.4114,16.03,16.43,15.62,2.88,20.41,8.1663
2026-04-08T16:45:00+00:00,9.69,10.3585,16.31,16.56,15.89,2.82,19.84,8.0035
2026-04-08T16:47:30+00:00,9.63,10.2333,16.33,16.73,15.94,2.66,16.11,7.8544
2026-04-08T16:50:00+00:00,9.29,10.0595,14.58,15.03,14.15,2.0,11.49,7.7185
2026-04-08T16:52:30+00:00,8.94,9.8549,12.14,12.53,11.85,1.21,7.63,7.595
2026-04-08T16:55:00+00:00,8.85,9.633,10.09,10.46,9.64,0.68,6.41,7.4834
2026-04-08T16:57:30+00:00,8.81,9.4037,9.17,9.47,8.89,0.54,6.08,7.3827
2026-04-08T17:00:00+00:00,8.61,9.1745,8.81,9.16,8.5,0.52,4.83,7.2922
2026-04-08T17:02:30+00:00,8.59,8.9507,7.93,8.22,7.71,0.6,5.24,7.211
2026-04-08T17:05:00+00:00,8.47,8.736,7.91,8.21,7.65,0.57,5.08,7.1382
2026-04-08T17:07:30+00:00,8.2,8.5329,7.46,7.65,7.31,0.59,4.03,7.0732
2026-04-08T17:10:00+00:00,7.89,8.3427,6.77,7.02,6.57,0.74,3.13,7.0151
2026-04-08T17:12:30+00:00,7.64,8.1663,5.97,6.21,5.77,0.91,2.88,6.9632
2026-04-08T17:15:00+00:00,7.48,8.0035,5.59,5.79,5.38,0.95,3.26,6.917
2026-04-08T17:17:30+00:00,7.1,7.8544,5.52,5.69,5.36,0.9,2.22,6.8758
2026-04-08T17:20:00+00:00,6.65,7.7185,4.73,4.9,4.58,1.05,2.2,6.839
2026-04-08T17:22:30+00:00,6.23,7.595,3.8,3.93,3.68,1.24,2.2,6.8062
2026-04-08T17:25:00+00:00,6.1,7.4834,3.08,3.24,2.95,1.35,2.2,6.7769
2026-04-08T17:27:30+00:00,5.86,7.3827,3.5,3.66,3.38,1.12,2.2,6.7507
2026-04-08T17:30:00+00:00,6.01,7.2922,3.46,3.58,3.37,1.03,4.38,6.7272
2026-04-08T17:32:30+00:00,6.59,7.211,4.76,4.89,4.67,0.56,9.37,6.7062
2026-04-08T17:35:00+00:00,6.78,7.1382,7.32,7.43,7.24,0.3,10.62,6.6873
2026-04-08T17:37:30+00:00,6.77,7.0732,8.15,8.23,8.05,0.56,10.08,6.6703
2026-04-08T17:40:00+00:00,6.51,7.0151,8.01,8.07,7.96,0.51,7.79,6.655
2026-04-08T17:42:30+00:00,6.34,6.9632,6.96,7.04,6.92,0.19,6.54,6.6411
2026-04-08T17:45:00+00:00,6.37,6.917,6.37,6.44,6.33,0.06,6.83,6.6284
2026-04-08T17:47:30+00:00,6.31,6.8758,6.53,6.6,6.49,0.07,6.4,6.6169
2026-04-08T17:50:00+00:00,6.36,6.839,6.34,6.4,6.29,0.06,6.8,6.6063
2026-04-08T17:52:30+00:00,6.29,6.8062,6.53,6.57,6.5,0.07,6.28,6.5965
2026-04-08T17:55:00+00:00,6.07,6.7769,6.27,6.29,6.25,0.03,4.88,6.5875
2026-04-08T17:57:30+00:00,5.96,6.7507,5.56,5.59,5.52,0.23,4.47,6.5792
2026-04-08T18:00:00+00:00,5.96,6.7272,5.27,5.3,5.25,0.29,4.9,6.5714
2026-04-08T18:02:30+00:00,6.03,6.7062,5.43,5.46,5.4,0.23,5.78,6.5641
2026-04-08T18:05:00+00:00,6.11,6.6873,5.83,5.84,5.82,0.09,6.45,6.5572
2026-04-08T18:07:30+00:00,5.9,6.6703,6.18,6.2,6.17,0.03,5.08,6.5172
2026-04-08T18:10:00+00:00,6.06,6.655,5.49,5.51,5.47,0.18,6.44,6.4003
2026-04-08T18:12:30+00:00,6.05,6.6411,6.15,6.17,6.15,0.04,6.35,6.0837
2026-04-08T18:15:00+00:00,5.79,6.6284,6.13,6.15,6.12,0.03,4.65,5.3192
2026-04-08T18:17:30+00:00,6.13,6.6169,5.25,5.26,5.24,0.23,7.25,4.539
2026-04-08T18:20:00+00:00,6.26,6.6063,6.57,6.59,6.56,0.18,7.87,3.3506
2026-04-08T18:22:30+00:00,6.12,6.5965,6.95,6.97,6.94,0.29,6.56,2.7563
2026-04-08T18:25:00+00:00,6.02,6.5875,6.33,6.35,6.33,0.09,5.81,2.2536
2026-04-08T18:27:30+00:00,6.07,6.5792,5.96,5.96,5.95,0.03,6.17,2.2
2026-04-08T18:30:00+00:00,6.15,6.5714,6.13,6.14,6.13,0.02,6.61,2.2
2026-04-08T18:32:30+00:00,6.05,6.5641,6.37,6.38,6.37,0.09,5.86,2.2591
2026-04-08T18:35:00+00:00,5.96,6.5572,6.0,6.0,5.99,0.02,5.24,2.3849
2026-04-08T18:37:30+00:00,5.98,6.5172,2.2,2.2,2.2,0.74,5.55,2.5407
2026-04-08T18:40:00+00:00,5.82,6.4003,2.2,2.2,2.2,0.74,4.63,2.7083
2026-04-08T18:42:30+00:00,6.0,6.0837,2.2,2.2,2.2,0.7,6.14,2.8787
2026-04-08T18:45:00+00:00,6.15,5.3192,2.2,2.2,2.2,0.76,7.14,3.0478
2026-04-08T18:47:30+00:00,5.71,4.539,2.2,2.2,2.2,0.8,3.95,3.2138
2026-04-08T18:50:00+00:00,5.08,3.3506,2.2,2.2,2.2,0.72,2.2,3.3756
2026-04-08T18:52:30+00:00,4.32,2.7563,2.2,2.2,2.2,1.6,2.2,3.5329
2026-04-08T18:55:00+00:00,3.2,2.2536,2.2,2.2,2.2,1.32,2.2,3.6854
2026-04-08T18:57:30+00:00,2.47,2.2,2.2,2.2,2.2,1.05,2.2,3.9849
2026-04-08T19:00:00+00:00,2.05,2.2,2.2,2.2,2.2,0.9,2.2,4.2746
2026-04-08T19:02:30+00:00,1.86,2.2591,2.2,2.2,2.2,0.67,2.2,4.5544
2026-04-08T19:05:00+00:00,1.84,2.3849,2.2,2.2,2.2,0.76,2.2,4.8244
2026-04-08T19:07:30+00:00,1.93,2.5407,2.2,2.2,2.2,0.54,2.2,5.0847
2026-04-08T19:10:00+00:00,2.12,2.7083,2.2,2.2,2.2,0.76,2.6,5.3354
2026-04-08T19:12:30+00:00,2.26,2.8787,2.2,2.2,2.2,0.76,4.49,5.5765
2026-04-08T19:15:00+00:00,2.4,3.0478,2.2,2.2,2.2,0.71,5.74,5.8082
2026-04-08T19:17:30+00:00,2.52,3.2138,2.2,2.2,2.2,0.72,6.37,6.0306
2026-04-08T19:20:00+00:00,2.6,3.3756,2.2,2.2,2.2,0.72,6.48,6.2439
2026-04-08T19:22:30+00:00,2.66,3.5329,2.2,2.2,2.2,0.84,6.2,6.4483
2026-04-08T19:25:00+00:00,2.69,3.6854,2.2,2.2,2.2,0.74,5.65,6.6439
2026-04-08T19:27:30+00:00,2.69,3.9849,2.2,2.2,2.2,0.77,4.97,6.831
2026-04-08T19:30:00+00:00,2.88,4.2746,2.2,2.2,2.2,0.85,5.61,7.0096
2026-04-08T19:32:30+00:00,3.16,4.5544,2.2,2.2,2.2,0.77,6.74,7.1802
2026-04-08T19:35:00+00:00,3.46,4.8244,2.22,2.31,2.2,0.81,7.49,7.3427
2026-04-08T19:37:30+00:00,3.72,5.0847,2.25,2.48,2.2,0.96,7.93,7.4975
2026-04-08T19:40:00+00:00,4.45,5.3354,2.27,2.68,2.2,1.05,11.26,7.6448
2026-04-08T19:42:30+00:00,4.9,5.5765,3.0,5.55,2.2,1.09,12.06,7.7847
2026-04-08T19:45:00+00:00,5.31,5.8082,3.49,5.12,2.2,1.18,12.35,7.9176
2026-04-08T19:47:30+00:00,5.49,6.0306,4.89,7.24,2.75,1.28,11.06,8.0436
2026-04-08T19:50:00+00:00,5.25,6.2439,5.17,7.19,2.2,1.17,7.47,8.1629
2026-04-08T19:52:30+00:00,5.39,6.4483,2.52,3.99,2.2,1.39,7.01,8.2757
2026-04-08T19:55:00+00:00,5.56,6.6439,2.91,4.81,2.2,1.34,6.97,8.3824
2026-04-08T19:57:30+00:00,5.8,6.831,2.79,4.53,2.2,1.44,7.52,8.483
2026-04-08T20:00:00+00:00,5.95,7.0096,3.94,6.34,2.2,1.38,7.45,8.5777
2026-04-08T20:02:30+00:00,6.08,7.1802,3.16,4.95,2.2,1.53,7.32,8.6667
2026-04-08T20:05:00+00:00,6.32,7.3427,3.62,6.2,2.2,1.41,8.07,8.7502
2026-04-08T20:07:30+00:00,6.11,7.4975,4.38,6.84,2.2,1.37,5.7,8.8284
2026-04-08T20:10:00+00:00,6.0,7.6448,3.66,5.47,2.2,1.46,4.53,8.9016
2026-04-08T20:12:30+00:00,6.51,7.7847,3.39,6.03,2.2,1.53,7.95,8.9698
2026-04-08T20:15:00+00:00,6.98,7.9176,4.13,6.2,2.2,1.46,10.39,9.0334
2026-04-08T20:17:30+00:00,7.41,8.0436,5.85,8.96,2.96,1.18,11.88,9.0924
2026-04-08T20:20:00+00:00,7.67,8.1629,6.76,9.28,3.62,1.19,12.1,9.1472
2026-04-08T20:22:30+00:00,7.9,8.2757,7.28,8.81,5.58,1.31,11.98,9.1978
2026-04-08T20:25:00+00:00,7.93,8.3824,7.71,10.61,5.63,1.31,10.82,9.2445
2026-04-08T20:27:30+00:00,7.66,8.483,7.55,9.98,4.52,1.14,7.68,9.2874
2026-04-08T20:30:00+00:00,7.8,8.5777,5.17,7.9,2.71,1.37,8.08,9.3266
2026-04-08T20:32:30+00:00,7.76,8.6667,6.18,8.0,3.81,1.26,7.25,9.3625
2026-04-08T20:35:00+00:00,7.76,8.7502,5.79,8.95,2.96,1.37,6.97,9.395
2026-04-08T20:37:30+00:00,7.95,8.8284,6.11,8.46,3.46,1.25,8.11,9.4244
2026-04-08T20:40:00+00:00,8.09,8.9016,7.08,9.24,4.47,1.0,8.75,9.4508
2026-04-08T20:42:30+00:00,8.2,8.9698,6.82,9.31,4.02,1.17,9.05,9.4744
2026-04-08T20:45:00+00:00,8.08,9.0334,6.97,9.08,4.81,1.15,7.82,9.4953
2026-04-08T20:47:30+00:00,8.3,9.0924,7.03,9.01,4.95,0.99,9.11,9.5136
2026-04-08T20:50:00+00:00,8.54,9.1472,6.95,9.53,5.15,1.13,10.35,9.5295
2026-04-08T20:52:30+00:00,8.9,9.1978,8.37,10.48,5.88,0.98,12.08,9.543
2026-04-08T20:55:00+00:00,8.76,9.2445,9.17,11.77,6.11,0.95,10.17,9.5544
2026-04-08T20:57:30+00:00,8.64,9.2874,8.51,10.58,6.67,0.87,8.72,9.5637
2026-04-08T21:00:00+00:00,9.13,9.3266,7.34,8.98,5.15,0.99,11.74,9.571
2026-04-08T21:02:30+00:00,9.31,9.3625,9.73,11.08,8.14,0.88,12.03,9.5801
2026-04-08T21:05:00+00:00,9.46,9.395,9.64,11.7,7.12,0.88,12.04,9.5822
2026-04-08T21:07:30+00:00,9.5,9.4244,9.59,11.86,7.56,0.85,11.38,9.5827
2026-04-08T21:10:00+00:00,9.29,9.4508,9.62,11.59,7.31,0.87,9.16,9.5817
2026-04-08T21:12:30+00:00,9.21,9.4744,9.11,11.39,6.36,0.85,8.33,9.5794
2026-04-08T21:15:00+00:00,8.56,9.4953,8.76,10.85,5.62,0.82,3.89,9.5757
2026-04-08T21:17:30+00:00,8.32,9.5136,5.31,7.75,3.56,1.55,3.43,9.5709
2026-04-08T21:20:00+00:00,8.35,9.5295,5.4,7.63,3.99,1.42,4.69,9.5649
2026-04-08T21:22:30+00:00,8.58,9.543,5.89,7.83,3.97,1.26,7.26,9.5579
2026-04-08T21:25:00+00:00,8.64,9.5544,7.55,9.36,5.87,0.88,8.17,9.5498
2026-04-08T21:27:30+00:00,8.65,9.5637,7.69,10.12,5.67,0.84,8.56,9.5409
2026-04-08T21:30:00+00:00,8.73,9.571,7.52,8.67,6.3,0.85,9.27,9.531
2026-04-08T21:35:00+00:00,8.57,9.5801,8.03,10.17,6.28,0.77,8.28,9.5204
2026-04-08T21:37:30+00:00,8.66,9.5822,7.84,10.28,5.75,0.74,9.09,9.5091
2026-04-08T21:40:00+00:00,8.53,9.5827,8.99,11.0,7.04,0.85,8.17,9.4971
2026-04-08T21:42:30+00:00,8.34,9.5817,7.75,9.82,5.95,0.77,7.1,9.4844
2026-04-08T21:45:00+00:00,8.03,9.5794,7.5,9.45,5.43,0.68,5.41,9.4712
2026-04-08T21:47:30+00:00,8.25,9.5757,7.13,8.15,5.26,0.68,7.61,9.4574
2026-04-08T21:50:00+00:00,8.69,9.5709,7.98,9.74,6.26,0.69,10.88,9.4432
2026-04-08T21:52:30+00:00,9.09,9.5649,9.56,11.21,7.19,1.0,13.15,9.4285
2026-04-08T21:55:00+00:00,9.39,9.5579,11.08,13.0,9.36,1.31,13.98,9.4135
2026-04-08T21:57:30+00:00,9.39,9.5498,11.34,13.52,9.55,1.37,12.91,9.398
2026-04-08T22:00:00+00:00,9.11,9.5409,11.07,13.14,9.73,1.24,9.96,9.3823
2026-04-08T22:02:30+00:00,9.01,9.531,9.48,11.05,8.25,0.85,8.83,9.3663
2026-04-08T22:05:00+00:00,8.89,9.5204,9.44,10.63,8.19,0.81,7.78,9.35
2026-04-08T22:07:30+00:00,8.82,9.5091,8.76,10.57,6.87,0.71,7.43,9.2369
2026-04-08T22:10:00+00:00,8.96,9.4971,8.45,9.85,7.09,0.67,8.57,9.1269
2026-04-08T22:12:30+00:00,8.83,9.4844,11.83,13.11,10.84,0.67,7.72,9.0197
2026-04-08T22:15:00+00:00,8.74,9.4712,11.3,12.39,10.2,0.62,7.39,8.9154
2026-04-08T22:17:30+00:00,8.53,9.4574,11.05,12.55,9.64,0.64,6.25,8.8139
2026-04-08T22:20:00+00:00,8.55,9.4432,10.0,11.44,9.05,0.63,7.01,8.7152
2026-04-08T22:22:30+00:00,8.59,9.4285,10.41,11.47,9.42,0.63,7.77,8.7107
2026-04-08T22:25:00+00:00,8.31,9.4135,10.79,12.65,9.56,0.66,6.23,8.7062
2026-04-08T22:27:30+00:00,7.89,9.398,7.28,7.28,7.28,0.77,4.05,8.7016
2026-04-08T22:30:00+00:00,7.68,9.3823,6.04,6.04,6.04,0.91,3.79,8.6971
2026-04-08T22:32:30+00:00,7.32,9.3663,5.74,5.74,5.74,0.97,2.82,8.6926
2026-04-08T22:35:00+00:00,7.57,9.35,4.96,4.96,4.96,1.13,5.78,8.6881
2026-04-08T22:37:30+00:00,7.58,9.2369,6.41,6.41,6.41,1.08,6.74,8.6836
2026-04-08T22:40:00+00:00,7.68,9.1269,6.85,6.85,6.85,0.86,8.02,8.6791
2026-04-08T22:42:30+00:00,7.7,9.0197,7.5,7.5,7.5,0.74,8.39,8.6746
2026-04-08T22:45:00+00:00,7.83,8.9154,7.73,7.73,7.73,0.54,9.42,8.6702
2026-04-08T22:47:30+00:00,7.9,8.8139,8.32,8.32,8.32,0.53,9.69,8.6657
2026-04-08T22:50:00+00:00,8.2,8.7152,8.54,8.54,8.54,0.52,11.43,8.6612
2026-04-08T22:52:30+00:00,8.33,8.7107,9.55,9.55,9.55,0.56,11.55,8.6567
2026-04-08T22:55:00+00:00,8.01,8.7062,9.77,9.77,9.77,0.6,8.54,8.6523
2026-04-08T22:57:30+00:00,8.06,8.7016,8.33,8.33,8.33,0.14,8.65,8.6478
2026-04-08T23:00:00+00:00,7.94,8.6971,8.41,8.41,8.41,0.15,7.58,8.6434
2026-04-08T23:02:30+00:00,7.62,8.6926,7.87,7.87,7.87,0.03,5.46,8.6389
2026-04-08T23:05:00+00:00,7.72,8.6881,6.73,6.73,6.73,0.37,6.59,8.6345
2026-04-08T23:07:30+00:00,7.83,8.6836,7.22,7.22,7.22,0.21,7.63,8.6301
2026-04-08T23:10:00+00:00,8.11,8.6791,7.72,7.72,7.72,0.05,9.55,8.6256
2026-04-08T23:12:30+00:00,7.99,8.6746,8.72,8.72,8.72,0.26,8.41,8.6212
2026-04-08T23:15:00+00:00,7.96,8.6702,8.19,8.19,8.19,0.08,8.14,8.6168
2026-04-08T23:17:30+00:00,7.79,8.6657,8.06,8.06,8.06,0.04,6.92,8.6124
2026-04-08T23:20:00+00:00,7.9,8.6612,7.43,7.43,7.43,0.15,7.85,8.608
2026-04-08T23:22:30+00:00,7.94,8.6567,7.88,7.88,7.88,0.01,8.13,8.6036
2026-04-08T23:25:00+00:00,7.63,8.6523,8.02,8.02,8.02,0.03,5.99,8.5992
2026-04-08T23:27:30+00:00,7.51,8.6478,6.91,6.91,6.91,0.3,5.59,8.5904
2026-04-08T23:30:00+00:00,7.44,8.6434,6.62,6.62,6.62,0.37,5.65,8.586
2026-04-08T23:32:30+00:00,7.2,8.6389,6.57,6.57,6.57,0.36,4.6,8.5816
2026-04-08T23:35:00+00:00,6.55,8.6345,5.93,5.93,5.93,0.53,2.2,8.5772
2026-04-08T23:37:30+00:00,6.46,8.6301,3.94,3.94,3.94,1.08,2.23,8.5729
2026-04-08T23:40:00+00:00,6.91,8.6256,4.23,4.23,4.23,0.93,6.48,8.5685
2026-04-08T23:42:30+00:00,7.36,8.6212,6.37,6.37,6.37,0.22,9.99,8.5641
2026-04-08T23:45:00+00:00,7.67,8.6168,8.22,8.22,8.22,0.36,11.71,8.5598
2026-04-08T23:47:30+00:00,7.41,8.6124,9.26,9.26,9.26,0.66,9.15,8.5554
2026-04-08T23:50:00+00:00,7.14,8.608,8.1,8.1,8.1,0.29,7.01,8.5511
2026-04-08T23:52:30+00:00,7.51,8.6036,7.06,7.06,7.06,0.03,9.5,8.5467
2026-04-08T23:55:00+00:00,7.8,8.5992,8.37,8.37,8.37,0.36,10.95,8.5424
2026-04-09T00:00:00+00:00,7.93,8.5904,9.78,9.78,9.78,0.87,9.92,8.5381
2026-04-09T00:02:30+00:00,7.84,8.586,8.97,8.97,8.97,0.59,8.59,8.5338
2026-04-09T00:05:00+00:00,7.83,8.5816,8.35,8.35,8.35,0.38,8.09,8.5294
2026-04-09T00:07:30+00:00,7.87,8.5772,8.11,8.11,8.11,0.3,8.11,8.5251
2026-04-09T00:10:00+00:00,7.67,8.5729,8.12,8.12,8.12,0.29,6.51,8.5208
2026-04-09T00:12:30+00:00,7.64,8.5685,7.28,7.28,7.28,0.15,6.42,8.5165
2026-04-09T00:15:00+00:00,7.74,8.5641,7.17,7.17,7.17,0.15,7.29,8.5122
2026-04-09T00:17:30+00:00,7.7,8.5598,7.56,7.56,7.56,0.17,7.11,8.5079
2026-04-09T00:20:00+00:00,7.57,8.5554,7.44,7.44,7.44,0.16,6.3,8.5036
2026-04-09T00:22:30+00:00,7.35,8.5511,6.99,6.99,6.99,0.17,5.15,8.4993
2026-04-09T00:25:00+00:00,6.98,8.5467,6.32,6.32,6.32,0.31,3.26,8.4951
2026-04-09T00:27:30+00:00,6.78,8.5424,5.22,5.22,5.22,0.59,2.97,8.4908
2026-04-09T00:30:00+00:00,7.2,8.5381,4.9,4.9,4.9,0.64,6.89,8.4865
2026-04-09T00:32:30+00:00,7.34,8.5338,6.79,6.79,6.79,0.16,8.18,8.4822
2026-04-09T00:35:00+00:00,7.47,8.5294,7.46,7.46,7.46,0.27,9.03,8.478
2026-04-09T00:37:30+00:00,7.65,8.5251,7.96,7.96,7.96,0.41,9.99,8.4737
2026-04-09T00:40:00+00:00,7.54,8.5208,8.54,8.54,8.54,0.57,8.75,8.4695
2026-04-09T00:42:30+00:00,7.76,8.5165,8.0,8.0,8.0,0.41,9.92,8.4652
2026-04-09T00:45:00+00:00,7.6,8.5122,8.67,8.67,8.67,0.59,8.33,8.461
2026-04-09T00:47:30+00:00,7.84,8.5079,7.94,7.94,7.94,0.36,9.66,8.4568
2026-04-09T00:50:00+00:00,8.19,8.5036,8.67,8.67,8.67,0.55,11.45,8.4525
2026-04-09T00:52:30+00:00,8.25,8.4993,9.69,9.69,9.69,0.83,10.9,8.4483
2026-04-09T00:55:00+00:00,8.25,8.4951,9.54,9.54,9.54,0.75,10.04,8.4441
2026-04-09T00:57:30+00:00,8.23,8.4908,9.2,9.2,9.2,0.61,9.19,8.4399
2026-04-09T01:00:00+00:00,8.1,8.4865,8.83,8.83,8.83,0.47,7.8,8.4356
2026-04-09T01:02:30+00:00,7.99,8.4822,8.13,8.13,8.13,0.27,6.9,8.4314
2026-04-09T01:05:00+00:00,8.04,8.478,7.63,7.63,7.63,0.18,7.33,8.4272
2026-04-09T01:07:30+00:00,8.11,8.4737,7.79,7.79,7.79,0.2,7.83,8.423
2026-04-09T01:10:00+00:00,8.11,8.4695,8.02,8.02,8.02,0.24,7.78,8.4188
2026-04-09T01:12:30+00:00,7.98,8.4652,7.97,7.97,7.97,0.23,6.92,8.4147
2026-04-09T01:15:00+00:00,7.6,8.461,7.5,7.5,7.5,0.18,4.62,8.4105
2026-04-09T01:17:30+00:00,7.05,8.4568,6.24,6.24,6.24,0.4,2.2,8.4063
2026-04-09T01:20:00+00:00,6.76,8.4525,4.55,4.55,4.55,0.85,2.2,8.4021
2026-04-09T01:22:30+00:00,6.51,8.4483,4.02,4.02,4.02,0.95,2.2,8.3979
2026-04-09T01:25:00+00:00,6.56,8.4441,3.77,3.77,3.77,0.95,3.2,8.3938
2026-04-09T01:27:30+00:00,7.18,8.4399,4.61,4.61,4.61,0.63,8.62,8.3896
2026-04-09T01:30:00+00:00,7.39,8.4356,7.33,7.33,7.33,0.33,10.12,8.3854
2026-04-09T01:32:30+00:00,7.47,8.4314,8.2,8.2,8.2,0.58,10.31,8.3813
2026-04-09T01:35:00+00:00,7.53,8.4272,8.44,8.44,8.44,0.65,10.19,8.3771
2026-04-09T01:37:30+00:00,7.62,8.423,8.52,8.52,8.52,0.66,10.21,8.3729
2026-04-09T01:40:00+00:00,7.62,8.4188,8.66,8.66,8.66,0.68,9.61,8.3688
2026-04-09T01:42:30+00:00,7.52,8.4147,8.46,8.46,8.46,0.6,8.34,8.3646
2026-04-09T01:45:00+00:00,7.5,8.4105,7.88,7.88,7.88,0.42,7.91,8.3604
2026-04-09T01:47:30+00:00,7.57,8.4063,7.69,7.69,7.69,0.36,8.18,8.3563
2026-04-09T01:50:00+00:00,7.82,8.4021,7.85,7.85,7.85,0.39,9.58,8.3521
2026-04-09T01:52:30+00:00,7.92,8.3979,8.61,8.61,8.61,0.59,9.73,8.3479
2026-04-09T01:55:00+00:00,7.95,8.3938,8.76,8.76,8.76,0.61,9.3,8.3438
2026-04-09T01:57:30+00:00,7.59,8.3896,8.61,8.61,8.61,0.54,6.41,8.3396
2026-04-09T02:00:00+00:00,7.32,8.3854,7.15,7.15,7.15,0.2,4.73,8.3354
2026-04-09T02:02:30+00:00,6.94,8.3813,6.19,6.19,6.19,0.3,2.71,8.3313
2026-04-09T02:05:00+00:00,6.47,8.3771,5.0,5.0,5.0,0.6,2.2,8.3271
2026-04-09T02:07:30+00:00,6.0,8.3729,3.73,3.73,3.73,0.93,2.2,8.3188
2026-04-09T02:10:00+00:00,6.16,8.3688,2.64,2.64,2.64,1.18,2.32,8.3146
2026-04-09T02:12:30+00:00,6.34,8.3646,3.94,3.94,3.94,0.71,4.78,8.3104
2026-04-09T02:15:00+00:00,6.68,8.3604,5.15,5.15,5.15,0.32,7.89,8.3063
2026-04-09T02:17:30+00:00,7.14,8.3563,6.74,6.74,6.74,0.33,11.06,8.3021
2026-04-09T02:20:00+00:00,7.49,8.3521,8.48,8.48,8.48,0.82,12.55,8.2979
2026-04-09T02:22:30+00:00,7.72,8.3479,9.54,9.54,9.54,1.12,12.9,8.2938
2026-04-09T02:25:00+00:00,7.67,8.3438,9.98,9.98,9.98,1.2,11.42,8.2896
2026-04-09T02:27:30+00:00,7.87,8.3396,9.36,9.36,9.36,0.97,11.66,8.2854
2026-04-09T02:30:00+00:00,7.96,8.3354,9.65,9.65,9.65,1.01,11.04,8.2813
2026-04-09T02:32:30+00:00,7.9,8.3313,9.49,9.49,9.49,0.91,9.57,8.2771
2026-04-09T02:35:00+00:00,7.88,8.3271,8.85,8.85,8.85,0.67,8.67,8.2729
2026-04-09T02:40:00+00:00,7.76,8.3188,8.22,8.22,8.22,0.43,6.94,8.2688
2026-04-09T02:42:30+00:00,7.71,8.3146,7.55,7.55,7.55,0.26,6.51,8.2646
2026-04-09T02:45:00+00:00,7.64,8.3104,7.27,7.27,7.27,0.21,6.18,8.2604
2026-04-09T02:47:30+00:00,7.2,8.3063,7.03,7.03,7.03,0.2,3.45,8.2563
2026-04-09T02:50:00+00:00,6.72,8.3021,5.51,5.51,5.51,0.49,2.2,8.2521
2026-04-09T02:52:30+00:00,6.45,8.2979,4.09,4.09,4.09,0.86,2.2,8.2479
2026-04-09T02:55:00+00:00,6.25,8.2938,3.67,3.67,3.67,0.93,2.2,8.2438
2026-04-09T02:57:30+00:00,6.19,8.2896,3.56,3.56,3.56,0.89,2.48,8.2396
2026-04-09T03:00:00+00:00,6.34,8.2854,4.0,4.0,4.0,0.69,4.73,8.2354
2026-04-09T03:02:30+00:00,6.57,8.2813,5.1,5.1,5.1,0.33,7.12,8.2313
2026-04-09T03:05:00+00:00,7.09,8.2771,6.31,6.31,6.31,0.25,10.86,8.2271
2026-04-09T03:07:30+00:00,7.48,8.2729,8.32,8.32,8.32,0.8,12.7,8.2229
2026-04-09T03:10:00+00:00,7.63,8.2688,9.57,9.57,9.57,1.14,12.56,8.2188
2026-04-09T03:12:30+00:00,7.73,8.2646,9.75,9.75,9.75,1.16,11.93,8.2146
2026-04-09T03:15:00+00:00,7.55,8.2604,9.65,9.65,9.65,1.08,9.66,8.2104
2026-04-09T03:17:30+00:00,7.21,8.2563,8.57,8.57,8.57,0.71,6.6,8.2063
2026-04-09T03:20:00+00:00,7.06,8.2521,7.04,7.04,7.04,0.28,5.53,8.2021
2026-04-09T03:22:30+00:00,6.96,8.2479,6.44,6.44,6.44,0.2,5.09,8.1979
2026-04-09T03:25:00+00:00,6.77,8.2438,6.13,6.13,6.13,0.22,4.13,8.1938
2026-04-09T03:27:30+00:00,6.96,8.2396,5.53,5.53,5.53,0.32,6.03,8.1896
2026-04-09T03:30:00+00:00,6.98,8.2354,6.41,6.41,6.41,0.21,6.41,8.1854
2026-04-09T03:32:30+00:00,6.82,8.2313,6.57,6.57,6.57,0.22,5.53,8.1813
2026-04-09T03:35:00+00:00,6.87,8.2271,6.08,6.08,6.08,0.21,6.31,8.1771
2026-04-09T03:37:30+00:00,7.04,8.2229,6.43,6.43,6.43,0.22,7.64,8.1729
2026-04-09T03:40:00+00:00,7.28,8.2188,7.11,7.11,7.11,0.35,9.16,8.1688
2026-04-09T03:42:30+00:00,7.47,8.2146,7.94,7.94,7.94,0.57,10.04,8.1646
2026-04-09T03:45:00+00:00,7.64,8.2104,8.49,8.49,8.49,0.71,10.48,8.1604
2026-04-09T03:47:30+00:00,7.79,8.2063,8.84,8.84,8.84,0.79,10.72,8.1563
2026-04-09T03:50:00+00:00,7.56,8.2021,9.1,9.1,9.1,0.83,8.27,8.1521
2026-04-09T03:52:30+00:00,7.25,8.1979,7.93,7.93,7.93,0.46,5.79,8.1479
2026-04-09T03:55:00+00:00,7.05,8.1938,6.65,6.65,6.65,0.2,4.64,8.1438
2026-04-09T03:57:30+00:00,7.23,8.1896,5.97,5.97,5.97,0.27,6.39,8.1396
2026-04-09T04:00:00+00:00,7.27,8.1854,6.77,6.77,6.77,0.21,6.8,8.1354
2026-04-09T04:02:30+00:00,7.52,8.1813,6.95,6.95,6.95,0.24,8.56,8.1313
2026-04-09T04:05:00+00:00,7.71,8.1771,7.85,7.85,7.85,0.45,9.6,8.1271
2026-04-09T04:07:30+00:00,7.95,8.1729,8.45,8.45,8.45,0.6,10.66,8.1229
2026-04-09T04:10:00+00:00,7.75,8.1688,9.09,9.09,9.09,0.76,8.59,8.1188
2026-04-09T04:12:30+00:00,7.6,8.1646,8.13,8.13,8.13,0.46,7.22,8.1146
2026-04-09T04:15:00+00:00,7.59,8.1604,7.43,7.43,7.43,0.27,7.11,8.1104
2026-04-09T04:17:30+00:00,7.39,8.1563,7.35,7.35,7.35,0.25,5.76,8.1063
2026-04-09T04:20:00+00:00,7.24,8.1521,6.61,6.61,6.61,0.21,5.09,8.1021
2026-04-09T04:22:30+00:00,7.1,8.1479,6.18,6.18,6.18,0.26,4.68,8.0979
2026-04-09T04:25:00+00:00,7.12,8.1438,5.86,5.86,5.86,0.32,5.52,8.0938
2026-04-09T04:27:30+00:00,7.47,8.1396,6.2,6.2,6.2,0.23,8.37,8.0896
2026-04-09T04:30:00+00:00,7.94,8.1354,7.63,7.63,7.63,0.38,11.34,8.0854
2026-04-09T04:32:30+00:00,8.07,8.1313,9.24,9.24,9.24,0.82,11.45,8.0813
2026-04-09T04:35:00+00:00,7.71,8.1271,9.46,9.46,9.46,0.86,8.15,8.0771
2026-04-09T04:37:30+00:00,7.63,8.1229,7.87,7.87,7.87,0.38,7.4,8.0729
2026-04-09T04:40:00+00:00,7.47,8.1188,7.49,7.49,7.49,0.28,6.26,8.0688
2026-04-09T04:42:30+00:00,7.47,8.1146,6.88,6.88,6.88,0.19,6.53,8.0646
2026-04-09T04:45:00+00:00,7.25,8.1104,6.96,6.96,6.96,0.19,5.24,8.0604
2026-04-09T04:47:30+00:00,7.26,8.1063,6.24,6.24,6.24,0.25,5.84,8.0563
2026-04-09T04:50:00+00:00,7.21,8.1021,6.46,6.46,6.46,0.2,5.92,8.0521
2026-04-09T04:52:30+00:00,7.13,8.0979,6.44,6.44,6.44,0.2,5.77,8.0479
2026-04-09T04:55:00+00:00,7.07,8.0938,6.3,6.3,6.3,0.21,5.84,8.0438
2026-04-09T04:57:30+00:00,7.16,8.0896,6.28,6.28,6.28,0.2,6.89,8.0396
2026-04-09T05:00:00+00:00,7.42,8.0854,6.78,6.78,6.78,0.21,8.83,8.0354
2026-04-09T05:02:30+00:00,7.25,8.0813,7.8,7.8,7.8,0.44,7.48,8.0313
2026-04-09T05:05:00+00:00,7.38,8.0771,7.16,7.16,7.16,0.28,8.33,8.0271
2026-04-09T05:07:30+00:00,7.46,8.0729,7.62,7.62,7.62,0.39,8.67,8.0229
2026-04-09T05:10:00+00:00,7.57,8.0688,7.85,7.85,7.85,0.45,9.11,8.0188
2026-04-09T05:12:30+00:00,7.56,8.0646,8.14,8.14,8.14,0.51,8.66,8.0146
2026-04-09T05:15:00+00:00,7.52,8.0604,7.97,7.97,7.97,0.45,8.03,8.0104
2026-04-09T05:17:30+00:00,7.6,8.0563,7.69,7.69,7.69,0.36,8.35,8.0063
2026-04-09T05:20:00+00:00,7.75,8.0521,7.87,7.87,7.87,0.4,9.1,8.0021
2026-04-09T05:22:30+00:00,7.72,8.0479,8.3,8.3,8.3,0.5,8.47,7.9979
2026-04-09T05:25:00+00:00,7.5,8.0438,8.03,8.03,8.03,0.41,6.68,7.9938
2026-04-09T05:27:30+00:00,7.48,8.0396,7.12,7.12,7.12,0.19,6.68,7.9896
2026-04-09T05:30:00+00:00,7.38,8.0354,7.07,7.07,7.07,0.18,6.08,7.9854
2026-04-09T05:32:30+00:00,7.57,8.0313,6.72,6.72,6.72,0.17,7.64,7.9813
2026-04-09T05:35:00+00:00,7.64,8.0271,7.48,7.48,7.48,0.26,8.12,7.9771
2026-04-09T05:37:30+00:00,7.5,8.0229,7.73,7.73,7.73,0.32,7.05,7.9729
2026-04-09T05:40:00+00:00,7.16,8.0188,7.19,7.19,7.19,0.19,4.9,7.9688
2026-04-09T05:42:30+00:00,6.73,8.0146,6.04,6.04,6.04,0.29,2.58,7.9646
2026-04-09T05:45:00+00:00,6.64,8.0104,4.71,4.71,4.71,0.63,3.13,7.9604
2026-04-09T05:47:30+00:00,6.86,8.0063,4.81,4.81,4.81,0.56,5.66,7.9563
2026-04-09T05:50:00+00:00,7.22,8.0021,5.99,5.99,5.99,0.21,8.56,7.9521
2026-04-09T05:52:30+00:00,7.43,7.9979,7.47,7.47,7.47,0.37,9.87,7.9479
2026-04-09T05:55:00+00:00,7.73,7.9938,8.23,8.23,8.23,0.58,11.46,7.9438
2026-04-09T05:57:30+00:00,7.86,7.9896,9.19,9.19,9.19,0.84,11.42,7.9396
2026-04-09T06:00:00+00:00,7.78,7.9854,9.34,9.34,9.34,0.87,9.93,7.9354
2026-04-09T06:02:30+00:00,7.67,7.9813,8.72,8.72,8.72,0.65,8.51,7.9313
2026-04-09T06:05:00+00:00,7.58,7.9771,8.07,8.07,8.07,0.44,7.54,7.9271
2026-04-09T06:07:30+00:00,7.76,7.9729,7.59,7.59,7.59,0.29,8.6,7.9229
2026-04-09T06:10:00+00:00,7.6,7.9688,8.13,8.13,8.13,0.43,7.16,7.9188
2026-04-09T06:12:30+00:00,7.49,7.9646,7.41,7.41,7.41,0.23,6.38,7.9146
2026-04-09T06:15:00+00:00,7.32,7.9604,6.97,6.97,6.97,0.17,5.41,7.9104
2026-04-09T06:17:30+00:00,7.02,7.9563,6.4,6.4,6.4,0.22,3.81,7.9063
2026-04-09T06:20:00+00:00,7.32,7.9521,5.47,5.47,5.47,0.44,6.69,7.9021
2026-04-09T06:22:30+00:00,7.69,7.9479,6.84,6.84,6.84,0.16,9.39,7.8979
2026-04-09T06:25:00+00:00,7.84,7.9438,8.23,8.23,8.23,0.48,10.03,7.8938
2026-04-09T06:27:30+00:00,7.94,7.9396,8.65,8.65,8.65,0.59,10.14,7.8896
2026-04-09T06:30:00+00:00,8.32,7.9354,8.81,8.81,8.81,0.61,12.12,7.8854
2026-04-09T06:32:30+00:00,8.42,7.9313,9.96,9.96,9.96,0.92,11.72,7.8813
2026-04-09T06:35:00+00:00,8.27,7.9271,9.92,9.92,9.92,0.86,9.67,7.8771
2026-04-09T06:37:30+00:00,7.77,7.9229,8.99,8.99,8.99,0.54,5.74,7.8729
2026-04-09T06:40:00+00:00,7.42,7.9188,6.97,6.97,6.97,0.19,3.64,7.8688
2026-04-09T06:42:30+00:00,7.32,7.9146,5.76,5.76,5.76,0.5,3.78,7.8646
2026-04-09T06:45:00+00:00,6.82,7.9104,5.66,5.66,5.66,0.5,2.2,7.8604
2026-04-09T06:47:30+00:00,6.93,7.9063,4.22,4.22,4.22,0.88,3.52,7.8563
2026-04-09T06:50:00+00:00,6.91,7.9021,5.1,5.1,5.1,0.57,4.49,7.8521
2026-04-09T06:52:30+00:00,6.76,7.8979,5.46,5.46,5.46,0.42,4.4,7.8479
2026-04-09T06:55:00+00:00,6.8,7.8938,5.32,5.32,5.32,0.42,5.59,7.8438
2026-04-09T06:57:30+00:00,6.62,7.8896,5.85,5.85,5.85,0.24,4.95,7.8396
2026-04-09T07:00:00+00:00,5.95,7.8854,5.47,5.47,5.47,0.31,2.2,7.8354
2026-04-09T07:02:30+00:00,5.78,7.8813,3.45,3.45,3.45,0.85,2.2,7.8313
2026-04-09T07:05:00+00:00,5.72,7.8771,3.45,3.45,3.45,0.78,2.72,7.8271
2026-04-09T07:07:30+00:00,5.95,7.8729,3.85,3.85,3.85,0.6,5.46,7.8229
2026-04-09T07:10:00+00:00,6.21,7.8688,5.18,5.18,5.18,0.18,7.79,7.8188
2026-04-09T07:12:30+00:00,6.44,7.8646,6.4,6.4,6.4,0.3,9.36,7.8146
2026-04-09T07:15:00+00:00,6.48,7.8604,7.32,7.32,7.32,0.57,9.21,7.8104
2026-04-09T07:17:30+00:00,6.71,7.8563,7.39,7.39,7.39,0.58,10.18,7.8063
2026-04-09T07:20:00+00:00,6.88,7.8521,8.04,8.04,8.04,0.75,10.58,7.7979
2026-04-09T07:22:30+00:00,7.2,7.8479,8.42,8.42,8.42,0.83,11.59,7.7938
2026-04-09T07:25:00+00:00,7.5,7.8438,9.2,9.2,9.2,1.02,12.29,7.7896
2026-04-09T07:27:30+00:00,7.47,7.8396,9.79,9.79,9.79,1.14,10.75,7.7854
2026-04-09T07:30:00+00:00,6.99,7.8354,9.11,9.11,9.11,0.87,6.37,7.7813
2026-04-09T07:32:30+00:00,6.86,7.8313,6.94,6.94,6.94,0.19,5.27,7.7771
2026-04-09T07:35:00+00:00,6.8,7.8271,6.31,6.31,6.31,0.13,5.0,7.7729
2026-04-09T07:37:30+00:00,6.63,7.8229,6.08,6.08,6.08,0.17,4.12,7.7688
2026-04-09T07:40:00+00:00,6.56,7.8188,5.53,5.53,5.53,0.31,4.14,7.7646
2026-04-09T07:42:30+00:00,6.46,7.8146,5.42,5.42,5.42,0.33,4.04,7.7604
2026-04-09T07:45:00+00:00,6.54,7.8104,5.25,5.25,5.25,0.35,5.25,7.7306
2026-04-09T07:47:30+00:00,6.38,7.8063,5.78,5.78,5.78,0.19,4.57,7.6414
2026-04-09T07:52:30+00:00,6.72,7.7979,5.59,5.59,5.59,0.2,7.9,7.3986
2026-04-09T07:55:00+00:00,6.61,7.7938,6.99,6.99,6.99,0.29,7.0,6.8117
2026-04-09T07:57:30+00:00,6.75,7.7896,6.58,6.58,6.58,0.17,7.94,5.6166
2026-04-09T08:00:00+00:00,7.45,7.7854,7.1,7.1,7.1,0.31,12.21,4.6649
2026-04-09T08:02:30+00:00,7.75,7.7813,9.49,9.49,9.49,1.0,12.98,4.0381
2026-04-09T08:05:00+00:00,7.87,7.7771,10.14,10.14,10.14,1.14,12.33,3.4924
2026-04-09T08:07:30+00:00,7.72,7.7729,10.04,10.04,10.04,1.05,10.03,3.1561
2026-04-09T08:10:00+00:00,7.64,7.7688,8.94,8.94,8.94,0.66,8.6,2.9985
2026-04-09T08:12:30+00:00,7.5,7.7646,8.28,8.28,8.28,0.41,7.06,2.9509
2026-04-09T08:15:00+00:00,7.37,7.7604,7.5,7.5,7.5,0.16,5.98,2.9627
2026-04-09T08:17:30+00:00,7.14,7.7306,2.2,2.2,2.2,1.27,4.53,3.0054
2026-04-09T08:20:00+00:00,7.05,7.6414,2.2,2.2,2.2,1.13,4.4,3.0644
2026-04-09T08:22:30+00:00,6.94,7.3986,2.2,2.2,2.2,1.12,4.27,3.1323
2026-04-09T08:25:00+00:00,7.04,6.8117,2.2,2.2,2.2,1.1,5.59,3.2057
2026-04-09T08:27:30+00:00,6.53,5.6166,2.2,2.2,2.2,1.1,2.66,3.2825
2026-04-09T08:30:00+00:00,5.81,4.6649,2.2,2.2,2.2,0.95,2.2,3.3617
2026-04-09T08:32:30+00:00,4.77,4.0381,2.2,2.2,2.2,1.45,2.2,3.4426
2026-04-09T08:35:00+00:00,3.61,3.4924,2.2,2.2,2.2,1.13,2.2,3.5247
2026-04-09T08:37:30+00:00,2.72,3.1561,2.2,2.2,2.2,0.79,2.2,3.6076
2026-04-09T08:40:00+00:00,2.09,2.9985,2.2,2.2,2.2,0.49,2.2,3.6908
2026-04-09T08:42:30+00:00,1.79,2.9509,2.2,2.2,2.2,0.42,2.2,3.7742
2026-04-09T08:45:00+00:00,1.71,2.9627,2.2,2.2,2.2,0.26,2.2,3.9449
2026-04-09T08:47:30+00:00,1.79,3.0054,2.2,2.2,2.2,0.3,2.2,4.1149
2026-04-09T08:50:00+00:00,1.95,3.0644,2.2,2.2,2.2,0.36,2.2,4.2837
2026-04-09T08:52:30+00:00,2.14,3.1323,2.2,2.2,2.2,0.4,4.52,4.4509
2026-04-09T08:55:00+00:00,2.32,3.2057,2.2,2.2,2.2,0.48,6.34,4.6162
2026-04-09T08:57:30+00:00,2.49,3.2825,2.2,2.2,2.2,0.5,7.35,4.7794
2026-04-09T09:00:00+00:00,2.65,3.3617,2.2,2.2,2.2,0.4,7.89,4.9401
2026-04-09T09:02:30+00:00,2.83,3.4426,2.24,2.52,2.2,0.45,8.07,5.0982
2026-04-09T09:05:00+00:00,3.05,3.5247,2.38,3.09,2.2,0.5,8.43,5.2534
2026-04-09T09:07:30+00:00,3.17,3.6076,2.52,3.72,2.2,0.57,7.89,5.4055
2026-04-09T09:10:00+00:00,3.21,3.6908,2.45,3.07,2.2,0.72,6.95,5.5545
2026-04-09T09:12:30+00:00,3.47,3.7742,2.51,3.73,2.2,0.57,7.4,5.7002
2026-04-09T09:15:00+00:00,3.65,3.9449,2.84,3.98,2.2,0.63,7.32,5.8424
2026-04-09T09:17:30+00:00,4.0,4.1149,2.68,4.45,2.2,0.64,8.27,5.9811
2026-04-09T09:20:00+00:00,4.3,4.2837,3.45,5.31,2.2,0.78,8.71,6.1163
2026-04-09T09:22:30+00:00,4.03,4.4509,3.3,5.14,2.2,0.82,5.47,6.2479
2026-04-09T09:25:00+00:00,3.88,4.6162,2.75,4.16,2.2,0.75,3.56,6.3758
2026-04-09T09:27:30+00:00,3.63,4.7794,2.31,2.72,2.2,0.8,2.2,6.5
2026-04-09T09:30:00+00:00,3.72,4.9401,2.24,2.53,2.2,0.86,2.25,6.6206
2026-04-09T09:32:30+00:00,4.15,5.0982,2.2,2.2,2.2,0.8,5.17,6.7375
2026-04-09T09:35:00+00:00,4.2,5.2534,2.65,3.8,2.2,0.81,5.04,6.8507
2026-04-09T09:37:30+00:00,4.4,5.4055,2.52,3.56,2.2,0.83,5.93,6.9603
2026-04-09T09:40:00+00:00,4.8,5.5545,2.78,4.82,2.2,0.85,8.0,7.0662
2026-04-09T09:42:30+00:00,4.79,5.7002,3.47,4.68,2.2,0.86,6.91,7.1686
2026-04-09T09:45:00+00:00,4.95,5.8424,4.42,5.96,2.5,0.76,7.16,7.2674
2026-04-09T09:47:30+00:00,5.5,5.9811,4.13,5.42,3.04,0.77,9.78,7.3628
2026-04-09T09:50:00+00:00,5.44,6.1163,6.07,7.36,4.89,0.94,8.08,7.4547
2026-04-09T09:52:30+00:00,5.28,6.2479,4.85,6.06,3.22,0.87,5.96,7.5432
2026-04-09T09:55:00+00:00,5.25,6.3758,3.8,5.79,2.2,0.9,5.18,7.6284
2026-04-09T09:57:30+00:00,5.47,6.5,4.45,6.44,2.67,0.78,6.26,7.7103
2026-04-09T10:00:00+00:00,5.41,6.6206,4.69,5.84,3.28,0.79,5.39,7.7891
2026-04-09T10:02:30+00:00,5.52,6.7375,4.01,5.47,2.67,0.86,5.78,7.8647
2026-04-09T10:05:00+00:00,5.79,6.8507,5.05,6.46,3.1,0.74,7.26,7.9372
2026-04-09T10:07:30+00:00,5.76,6.9603,5.65,7.2,3.87,0.65,6.45,8.0735
2026-04-09T10:10:00+00:00,5.6,7.0662,4.94,6.64,2.72,0.73,4.98,8.1374
2026-04-09T10:12:30+00:00,5.26,7.1686,4.33,5.61,2.77,0.79,2.69,8.1985
2026-04-09T10:15:00+00:00,5.24,7.2674,3.58,4.61,2.2,0.95,3.0,8.2569
2026-04-09T10:17:30+00:00,5.38,7.3628,3.41,5.11,2.2,0.96,4.49,8.3127
2026-04-09T10:20:00+00:00,5.86,7.4547,4.49,5.62,3.2,0.76,7.86,8.366
2026-04-09T10:22:30+00:00,6.24,7.5432,5.46,7.47,3.64,0.63,9.92,8.4168
2026-04-09T10:25:00+00:00,6.37,7.6284,7.06,8.45,5.32,0.67,9.82,8.4653
2026-04-09T10:27:30+00:00,6.46,7.7103,6.77,8.52,5.17,0.65,9.41,8.5114
2026-04-09T10:30:00+00:00,6.63,7.7891,7.71,8.53,6.5,0.74,9.54,8.5551
2026-04-09T10:32:30+00:00,6.83,7.8647,7.44,8.68,6.05,0.64,9.88,8.5967
2026-04-09T10:35:00+00:00,7.3,7.9372,7.89,9.09,6.86,0.74,11.77,8.6362
2026-04-09T10:40:00+00:00,7.42,8.0735,8.36,9.98,7.18,0.71,10.03,8.6736
2026-04-09T10:42:30+00:00,7.58,8.1374,8.6,9.84,7.5,0.68,9.94,8.709
2026-04-09T10:45:00+00:00,7.74,8.1985,8.19,9.89,7.26,0.59,9.98,8.7424
2026-04-09T10:47:30+00:00,7.48,8.2569,8.13,9.83,7.06,0.55,7.18,8.774
2026-04-09T10:50:00+00:00,7.43,8.3127,7.13,8.44,5.91,0.58,6.45,8.8039
2026-04-09T10:52:30+00:00,7.53,8.366,6.56,8.49,4.94,0.64,7.01,8.832
2026-04-09T10:55:00+00:00,7.61,8.4168,7.26,8.68,5.93,0.51,7.4,8.8585
2026-04-09T10:57:30+00:00,7.56,8.4653,7.66,9.15,5.95,0.51,6.85,8.8833
2026-04-09T11:00:00+00:00,7.77,8.5114,7.33,9.21,5.43,0.55,8.2,8.9067
2026-04-09T11:02:30+00:00,7.91,8.5551,7.44,8.87,5.97,0.54,8.91,8.9286
2026-04-09T11:05:00+00:00,7.8,8.5967,8.35,9.96,6.74,0.53,7.74,8.949
2026-04-09T11:07:30+00:00,8.02,8.6362,7.6,8.76,6.23,0.51,9.07,8.9681
2026-04-09T11:10:00+00:00,8.36,8.6736,8.49,9.68,6.8,0.6,10.96,8.9859
2026-04-09T11:12:30+00:00,8.4,8.709,9.76,11.07,8.33,0.81,10.39,9.0025
2026-04-09T11:15:00+00:00,8.53,8.7424,9.2,10.63,7.7,0.65,10.56,9.0178
2026-04-09T11:17:30+00:00,8.22,8.774,9.89,10.99,8.19,0.79,7.73,9.032
2026-04-09T11:20:00+00:00,8.18,8.8039,8.23,9.77,7.09,0.48,7.35,9.0452
2026-04-09T11:22:30+00:00,7.92,8.832,8.41,9.43,7.6,0.5,5.68,9.0572
2026-04-09T11:25:00+00:00,7.78,8.8585,6.79,8.53,5.31,0.6,5.16,9.0683
2026-04-09T11:27:30+00:00,7.6,8.8833,6.46,7.28,5.86,0.63,4.53,9.0784
2026-04-09T11:30:00+00:00,7.87,8.9067,6.0,7.42,4.95,0.69,7.16,9.0876
2026-04-09T11:32:30+00:00,8.06,8.9286,7.29,8.24,6.23,0.46,8.71,9.0959
2026-04-09T11:35:00+00:00,8.42,8.949,8.35,9.66,7.4,0.5,11.02,9.1034
2026-04-09T11:37:30+00:00,8.57,8.9681,9.45,10.3,8.28,0.72,11.46,9.1101
2026-04-09T11:40:00+00:00,8.6,8.9859,9.87,10.7,8.55,0.81,10.9,9.0877
2026-04-09T11:42:30+00:00,8.56,9.0025,10.16,11.09,8.74,0.85,9.94,8.9994
2026-04-09T11:45:00+00:00,8.73,9.0178,9.9,10.56,8.78,0.75,10.61,8.7413
2026-04-09T11:47:30+00:00,8.56,9.032,9.85,10.94,8.79,0.72,8.83,8.0298
2026-04-09T11:50:00+00:00,8.33,9.0452,8.61,9.71,7.84,0.48,7.01,6.6509
2026-04-09T11:52:30+00:00,8.23,9.0572,9.92,10.87,9.24,0.43,6.55,4.4985
2026-04-09T11:55:00+00:00,8.19,9.0683,9.91,10.75,8.8,0.48,6.61,3.7538
2026-04-09T11:57:30+00:00,7.99,9.0784,9.54,10.61,8.52,0.48,5.62,3.1012
2026-04-09T12:00:00+00:00,8.53,9.0876,9.01,9.84,8.17,0.56,9.84,2.682
2026-04-09T12:02:30+00:00,8.81,9.0959,10.79,11.71,10.04,0.51,11.4,2.4896
2026-04-09T12:05:00+00:00,8.8,9.1034,11.73,12.77,10.84,0.69,10.74,2.4202
2026-04-09T12:07:30+00:00,8.95,9.1101,9.73,9.73,9.73,0.64,11.14,2.4177
2026-04-09T12:10:00+00:00,8.87,9.0877,2.2,2.2,2.2,2.1,9.97,2.4506
2026-04-09T12:12:30+00:00,8.83,8.9994,2.2,2.2,2.2,2.16,9.26,2.5029
2026-04-09T12:15:00+00:00,8.83,8.7413,2.2,2.2,2.2,2.16,8.99,2.5663
2026-04-09T12:17:30+00:00,8.62,8.0298,2.2,2.2,2.2,2.2,7.44,2.6369
2026-04-09T12:20:00+00:00,8.39,6.6509,2.2,2.2,2.2,2.09,6.04,2.7125
2026-04-09T12:22:30+00:00,7.75,4.4985,2.2,2.2,2.2,1.97,2.52,2.7918
2026-04-09T12:25:00+00:00,6.72,3.7538,2.2,2.2,2.2,2.46,2.2,2.8739
2026-04-09T12:27:30+00:00,5.34,3.1012,2.2,2.2,2.2,2.28,2.2,2.9582
2026-04-09T12:30:00+00:00,4.18,2.682,2.2,2.2,2.2,1.74,2.2,3.0442
2026-04-09T12:32:30+00:00,3.0,2.4896,2.2,2.2,2.2,1.17,2.2,3.1314
2026-04-09T12:35:00+00:00,2.11,2.4202,2.2,2.2,2.2,0.85,2.2,3.2196
2026-04-09T12:37:30+00:00,1.66,2.4177,2.2,2.2,2.2,0.64,2.2,3.3083
2026-04-09T12:40:00+00:00,1.51,2.4506,2.2,2.2,2.2,0.51,2.2,3.3972
2026-04-09T12:42:30+00:00,1.57,2.5029,2.2,2.2,2.2,0.42,2.2,3.4861
2026-04-09T12:45:00+00:00,1.76,2.5663,2.2,2.2,2.2,0.52,2.2,3.5746
2026-04-09T12:47:30+00:00,2.0,2.6369,2.2,2.2,2.2,0.46,4.55,3.6627
2026-04-09T12:50:00+00:00,2.24,2.7125,2.2,2.2,2.2,0.56,7.06,3.75
2026-04-09T12:52:30+00:00,2.45,2.7918,2.2,2.2,2.2,0.62,8.52,3.927
2026-04-09T12:55:00+00:00,2.62,2.8739,2.2,2.2,2.2,0.74,8.86,4.1018
2026-04-09T12:57:30+00:00,2.73,2.9582,2.26,2.53,2.2,0.64,8.63,4.2742
2026-04-09T13:00:00+00:00,2.79,3.0442,2.45,3.2,2.2,0.67,7.9,4.4439
2026-04-09T13:02:30+00:00,2.83,3.1314,2.21,2.24,2.2,0.78,7.1,4.6108
2026-04-09T13:05:00+00:00,2.81,3.2196,2.2,2.2,2.2,0.78,5.88,4.7745
2026-04-09T13:07:30+00:00,2.76,3.3083,2.2,2.2,2.2,0.82,4.69,4.935
2026-04-09T13:10:00+00:00,2.82,3.3972,2.2,2.2,2.2,0.71,4.41,5.0921
2026-04-09T13:12:30+00:00,2.85,3.4861,2.2,2.2,2.2,0.73,4.0,5.2457
2026-04-09T13:15:00+00:00,2.82,3.5746,2.22,2.29,2.2,0.81,3.26,5.3958
2026-04-09T13:17:30+00:00,2.8,3.6627,2.2,2.2,2.2,0.83,2.81,5.5421
2026-04-09T13:20:00+00:00,2.8,3.75,2.2,2.2,2.2,0.84,2.6,5.6847
2026-04-09T13:22:30+00:00,2.85,3.927,2.2,2.2,2.2,0.82,2.78,5.8235
2026-04-09T13:25:00+00:00,3.27,4.1018,2.2,2.2,2.2,0.83,5.48,5.9585
2026-04-09T13:27:30+00:00,3.63,4.2742,2.37,3.1,2.2,0.83,7.2,6.0897
2026-04-09T13:30:00+00:00,3.73,4.4439,2.91,4.25,2.2,0.87,6.8,6.2171
2026-04-09T13:32:30+00:00,3.85,4.6108,2.44,3.24,2.2,0.95,6.58,6.3406
2026-04-09T13:35:00+00:00,4.1,4.7745,2.92,4.39,2.2,0.93,7.23,6.4604
2026-04-09T13:37:30+00:00,4.44,4.935,3.4,5.36,2.2,0.92,8.24,6.5763
2026-04-09T13:40:00+00:00,4.92,5.0921,3.83,5.76,2.57,0.97,9.97,6.6885
2026-04-09T13:42:30+00:00,4.99,5.2457,5.02,6.45,3.19,1.0,8.74,6.797
2026-04-09T13:45:00+00:00,4.55,5.3958,4.95,6.69,2.56,0.97,4.43,6.9019
2026-04-09T13:47:30+00:00,4.52,5.5421,2.9,4.81,2.2,1.12,3.77,7.0031
2026-04-09T13:50:00+00:00,5.0,5.6847,2.69,3.68,2.2,1.2,6.64,7.1007
2026-04-09T13:52:30+00:00,5.23,5.8235,4.43,6.24,2.88,0.94,7.41,7.1949
2026-04-09T13:55:00+00:00,5.42,5.9585,4.3,6.17,2.84,1.05,7.72,7.2856
2026-04-09T13:57:30+00:00,5.41,6.0897,5.15,6.91,3.54,0.9,6.71,7.3729
2026-04-09T14:00:00+00:00,5.35,6.2171,4.51,6.18,3.01,1.0,5.57,7.4569
2026-04-09T14:02:30+00:00,5.15,6.3406,4.58,6.02,3.15,0.96,3.8,7.5377
2026-04-09T14:05:00+00:00,5.37,6.4604,3.57,5.27,2.33,1.15,5.3,7.6154
2026-04-09T14:07:30+00:00,5.42,6.5763,3.66,6.23,2.4,1.15,5.4,7.69
2026-04-09T14:10:00+00:00,5.62,6.6885,4.68,6.24,2.99,0.94,6.57,7.7615
2026-04-09T14:12:30+00:00,5.83,6.797,4.78,6.3,3.02,0.94,7.51,7.8301
2026-04-09T14:15:00+00:00,6.26,6.9019,6.0,7.62,4.54,0.74,9.83,7.8959
2026-04-09T14:17:30+00:00,6.63,7.0031,7.07,8.32,5.97,0.79,10.99,7.9589
2026-04-09T14:20:00+00:00,6.81,7.1007,8.01,9.65,6.25,0.9,10.74,8.0192
2026-04-09T14:22:30+00:00,6.97,7.1949,7.71,9.71,6.06,0.8,10.58,8.0769
2026-04-09T14:25:00+00:00,7.15,7.2856,8.04,9.33,6.66,0.74,10.42,8.132
2026-04-09T14:27:30+00:00,6.99,7.3729,8.11,10.01,6.1,0.77,8.05,8.1847
2026-04-09T14:30:00+00:00,6.59,7.4569,7.05,8.5,5.69,0.72,4.65,8.2349
2026-04-09T14:32:30+00:00,6.16,7.5377,5.49,7.18,3.94,0.95,2.2,8.2829
2026-04-09T14:35:00+00:00,5.76,7.6154,3.66,4.92,2.2,1.41,2.2,8.3286
2026-04-09T14:37:30+00:00,5.52,7.69,2.64,4.11,2.2,1.66,2.2,8.3721
2026-04-09T14:40:00+00:00,5.64,7.7615,2.83,4.06,2.2,1.53,2.2,8.4135
2026-04-09T14:42:30+00:00,6.18,7.8301,3.33,4.55,2.2,1.34,6.67,8.4529
2026-04-09T14:45:00+00:00,6.7,7.8959,6.18,7.75,4.44,0.65,10.28,8.4903
2026-04-09T14:47:30+00:00,7.25,7.9589,7.16,8.49,5.71,0.61,13.07,8.5257
2026-04-09T14:50:00+00:00,7.89,8.0192,9.6,10.6,8.38,0.94,15.76,8.5593
2026-04-09T14:52:30+00:00,8.47,8.0769,10.99,12.39,9.39,1.25,17.4,8.5911
2026-04-09T14:55:00+00:00,8.61,8.132,12.35,13.94,10.69,1.57,15.71,8.6211
2026-04-09T14:57:30+00:00,8.64,8.1847,12.6,13.66,11.09,1.59,13.57,8.6495
2026-04-09T15:00:00+00:00,8.41,8.2349,11.39,12.95,9.79,1.18,10.27,8.6763
2026-04-09T15:02:30+00:00,8.18,8.2829,10.06,11.27,8.99,0.81,7.53,8.7015
2026-04-09T15:05:00+00:00,8.37,8.3286,8.3,9.29,6.97,0.62,8.32,8.7252
2026-04-09T15:07:30+00:00,8.35,8.3721,8.8,9.99,7.38,0.55,7.69,8.7475
2026-04-09T15:10:00+00:00,8.44,8.4135,8.38,9.53,7.4,0.58,8.01,8.7685
2026-04-09T15:12:30+00:00,8.34,8.4529,8.55,10.43,6.78,0.6,7.07,8.7881
2026-04-09T15:15:00+00:00,8.06,8.4903,8.03,9.56,6.46,0.59,5.2,8.8064
2026-04-09T15:17:30+00:00,7.88,8.5257,6.78,8.43,5.37,0.8,4.47,8.8236
2026-04-09T15:20:00+00:00,7.73,8.5593,6.51,8.02,5.6,0.8,4.2,8.8396
2026-04-09T15:22:30+00:00,7.89,8.5911,5.84,6.94,5.06,0.95,6.17,8.8544
2026-04-09T15:25:00+00:00,8.02,8.6211,7.06,8.67,6.22,0.63,7.58,8.8682
2026-04-09T15:27:30+00:00,8.2,8.6495,7.32,8.81,6.29,0.64,9.01,8.881
2026-04-09T15:30:00+00:00,8.26,8.6763,8.59,9.98,7.5,0.56,9.3,8.8928
2026-04-09T15:32:30+00:00,8.16,8.7015,8.57,9.6,7.31,0.57,8.49,8.9036
2026-04-09T15:35:00+00:00,8.39,8.7252,8.27,9.36,7.31,0.52,9.97,8.9136
2026-04-09T15:37:30+00:00,8.31,8.7475,9.35,10.61,8.02,0.65,9.05,8.9227
2026-04-09T15:40:00+00:00,8.44,8.7685,8.78,9.95,7.78,0.55,9.65,8.8494
2026-04-09T15:42:30+00:00,8.42,8.7881,9.07,10.64,7.8,0.59,9.18,8.7779
2026-04-09T15:45:00+00:00,8.34,8.8064,11.32,12.2,9.96,0.57,8.38,8.7083
2026-04-09T15:47:30+00:00,8.48,8.8236,11.12,11.95,9.6,0.56,9.22,8.6405
2026-04-09T15:50:00+00:00,8.77,8.8396,11.22,12.31,10.47,0.54,10.9,8.5746
2026-04-09T15:52:30+00:00,8.92,8.8544,12.14,13.05,11.28,0.7,11.33,8.5103
2026-04-09T15:55:00+00:00,8.76,8.8682,12.34,13.36,11.38,0.72,9.47,8.506
2026-04-09T15:57:30+00:00,8.4,8.881,11.48,12.35,10.58,0.55,6.73,8.5017
2026-04-09T16:00:00+00:00,8.24,8.8928,7.93,7.93,7.93,0.55,5.9,8.4975
2026-04-09T16:02:30+00:00,7.96,8.9036,7.4,7.4,7.4,0.65,4.55,8.4932
2026-04-09T16:05:00+00:00,8.18,8.9136,6.58,6.58,6.58,0.84,6.84,9.9982
2026-04-09T16:07:30+00:00,8.37,8.9227,7.63,7.63,7.63,0.62,8.55,11.0382
2026-04-09T16:10:00+00:00,8.54,8.8494,8.47,8.47,8.47,0.47,9.74,11.7181
2026-04-09T16:12:30+00:00,8.7,8.7779,9.11,9.11,9.11,0.47,10.56,12.1241
2026-04-09T16:15:00+00:00,8.61,8.7083,9.6,9.6,9.6,0.46,9.53,12.3242
2026-04-09T16:17:30+00:00,8.44,8.6405,9.15,9.15,9.15,0.36,8.11,12.372
2026-04-09T16:20:00+00:00,8.3,8.5746,8.44,8.44,8.44,0.4,7.23,12.3096
2026-04-09T16:22:30+00:00,8.1,8.5103,7.96,7.96,7.96,0.49,6.19,12.1696
2026-04-09T16:25:00+00:00,8.41,8.506,7.36,7.36,7.36,0.58,8.74,11.9774
2026-04-09T16:27:30+00:00,8.88,8.5017,8.62,8.62,8.62,0.24,11.83,11.7523
2026-04-09T16:30:00+00:00,9.07,8.4975,10.26,10.26,10.26,0.38,12.39,11.5088
2026-04-09T16:32:30+00:00,8.96,8.4932,10.7,10.7,10.7,0.48,10.78,11.258
2026-04-09T16:35:00+00:00,8.97,9.9982,12.97,13.5,12.39,1.28,10.22,11.0077
2026-04-09T16:37:30+00:00,8.74,11.0382,12.82,13.34,12.24,1.22,8.22,10.7638
2026-04-09T16:40:00+00:00,9.38,11.7181,11.39,11.95,10.8,0.96,12.43,10.5301
2026-04-09T16:42:30+00:00,10.28,12.1241,13.4,13.81,12.81,1.37,17.27,10.3093
2026-04-09T16:45:00+00:00,11.13,12.3242,16.01,16.74,15.3,2.01,20.82,10.1029
2026-04-09T16:47:30+00:00,11.51,12.372,18.02,18.39,17.57,2.48,20.37,9.9116
2026-04-09T16:50:00+00:00,11.5,12.3096,18.12,18.69,17.59,2.38,17.44,9.7356
2026-04-09T16:52:30+00:00,11.8,12.1696,16.9,17.29,16.32,1.93,17.15,9.5743
2026-04-09T16:55:00+00:00,11.77,11.9774,16.66,17.06,16.14,1.73,14.77,9.4273
2026-04-09T16:57:30+00:00,12.33,11.7523,15.39,15.91,14.95,1.28,16.78,9.294
2026-04-09T17:00:00+00:00,12.38,11.5088,16.52,16.94,16.12,1.47,15.12,9.1734
2026-04-09T17:02:30+00:00,12.17,11.258,15.69,15.96,15.19,1.15,12.31,9.0648
2026-04-09T17:05:00+00:00,11.76,11.0077,13.93,14.28,13.57,0.63,8.7,8.9672
2026-04-09T17:07:30+00:00,11.52,10.7638,11.92,12.32,11.67,0.56,7.22,8.8797
2026-04-09T17:10:00+00:00,10.84,10.5301,10.95,11.33,10.6,0.75,3.5,8.8014
2026-04-09T17:12:30+00:00,9.85,10.3093,8.52,8.9,8.2,1.36,2.2,8.7314
2026-04-09T17:15:00+00:00,9.09,10.1029,5.49,5.77,5.14,2.17,2.2,8.669
2026-04-09T17:17:30+00:00,9.13,9.9116,3.66,3.98,3.43,2.58,2.2,8.6133
2026-04-09T17:20:00+00:00,9.06,9.7356,5.1,5.37,4.91,2.0,2.66,8.5638
2026-04-09T17:22:30+00:00,9.08,9.5743,5.87,6.11,5.68,1.63,5.2,8.5196
2026-04-09T17:25:00+00:00,9.06,9.4273,7.08,7.24,6.85,1.16,6.72,8.4803
2026-04-09T17:27:30+00:00,8.65,9.294,7.71,7.93,7.51,0.86,5.54,8.4453
2026-04-09T17:30:00+00:00,8.13,9.1734,6.87,7.03,6.77,1.02,3.73,8.4141
2026-04-09T17:32:30+00:00,7.92,9.0648,5.79,5.95,5.66,1.25,4.27,8.3863
2026-04-09T17:35:00+00:00,7.91,8.9672,5.82,5.99,5.7,1.14,5.78,8.3614
2026-04-09T17:37:30+00:00,8.0,8.8797,6.55,6.68,6.45,0.83,7.65,8.3392
2026-04-09T17:40:00+00:00,8.11,8.8014,7.5,7.62,7.38,0.48,9.2,8.3192
2026-04-09T17:42:30+00:00,8.07,8.7314,8.26,8.36,8.18,0.21,9.29,8.3013
2026-04-09T17:45:00+00:00,8.43,8.669,8.37,8.48,8.29,0.16,11.89,8.2851
2026-04-09T17:47:30+00:00,8.67,8.6133,9.82,9.93,9.74,0.36,13.02,8.2705
2026-04-09T17:50:00+00:00,8.72,8.5638,10.58,10.66,10.51,0.57,12.52,8.2572
2026-04-09T17:52:30+00:00,8.29,8.5196,10.5,10.56,10.45,0.52,8.76,8.2451
2026-04-09T17:55:00+00:00,8.29,8.4803,8.69,8.77,8.65,0.13,8.63,8.2341
2026-04-09T17:57:30+00:00,8.32,8.4453,8.63,8.67,8.6,0.15,8.68,8.2239
2026-04-09T18:00:00+00:00,8.15,8.4141,8.67,8.73,8.63,0.1,7.45,8.2146
2026-04-09T18:02:30+00:00,8.11,8.3863,8.04,8.09,8.0,0.25,7.33,8.2059
2026-04-09T18:05:00+00:00,8.1,8.3614,7.93,7.96,7.9,0.27,7.44,8.1978
2026-04-09T18:07:30+00:00,8.08,8.3392,7.95,7.99,7.92,0.26,7.48,8.1903
2026-04-09T18:10:00+00:00,7.99,8.3192,7.93,7.98,7.91,0.25,7.08,8.1832
2026-04-09T18:12:30+00:00,8.28,8.3013,7.69,7.72,7.67,0.31,9.26,8.1765
2026-04-09T18:15:00+00:00,8.43,8.2851,8.79,8.82,8.78,0.1,10.08,8.1701
2026-04-09T18:17:30+00:00,8.42,8.2705,9.27,9.29,9.26,0.2,9.64,8.1641
2026-04-09T18:20:00+00:00,8.59,8.2572,9.12,9.13,9.1,0.15,10.44,8.1583
2026-04-09T18:22:30+00:00,8.44,8.2451,9.59,9.61,9.58,0.27,8.88,8.1527
2026-04-09T18:25:00+00:00,8.07,8.2341,8.85,8.87,8.84,0.09,6.23,8.1473
2026-04-09T18:27:30+00:00,7.68,8.2239,7.47,7.49,7.46,0.42,3.99,8.1421
2026-04-09T18:30:00+00:00,7.23,8.2146,6.2,6.21,6.19,0.78,2.2,8.137
2026-04-09T18:32:30+00:00,7.01,8.2059,4.91,4.92,4.9,1.12,2.2,8.132
2026-04-09T18:35:00+00:00,7.06,8.1978,4.63,4.64,4.62,1.14,3.74,8.1272
2026-04-09T18:37:30+00:00,7.39,8.1903,5.4,5.42,5.4,0.84,7.08,8.1224
2026-04-09T18:40:00+00:00,7.36,8.1832,7.02,7.03,7.02,0.31,7.35,8.1178
2026-04-09T18:42:30+00:00,7.61,8.1765,7.17,7.17,7.16,0.24,9.34,8.1132
2026-04-09T18:45:00+00:00,7.64,8.1701,8.23,8.24,8.22,0.14,9.36,8.1086
2026-04-09T18:47:30+00:00,7.62,8.1641,8.33,8.33,8.32,0.17,8.98,8.1041
2026-04-09T18:50:00+00:00,7.6,8.1583,8.21,8.22,8.21,0.14,8.66,8.0997
2026-04-09T18:52:30+00:00,7.57,8.1527,8.11,8.11,8.11,0.11,8.26,8.0953
2026-04-09T18:55:00+00:00,7.51,8.1473,7.96,7.96,7.95,0.08,7.7,8.0909
2026-04-09T18:57:30+00:00,7.47,8.1421,7.69,7.69,7.69,0.09,7.37,8.0866
2026-04-09T19:00:00+00:00,7.77,8.137,7.53,7.53,7.52,0.13,9.43,8.0823
2026-04-09T19:02:30+00:00,7.73,8.132,8.61,8.61,8.6,0.24,8.68,8.078
2026-04-09T19:05:00+00:00,7.84,8.1272,8.28,8.29,8.28,0.13,9.16,8.0737
2026-04-09T19:07:30+00:00,7.85,8.1224,8.58,8.58,8.58,0.2,8.83,8.0694
2026-04-09T19:10:00+00:00,7.98,8.1178,8.46,8.47,8.46,0.16,9.36,8.0652
2026-04-09T19:12:30+00:00,7.89,8.1132,8.78,8.78,8.78,0.23,8.27,8.0609
2026-04-09T19:15:00+00:00,7.93,8.1086,8.27,8.27,8.26,0.08,8.3,8.0567
2026-04-09T19:17:30+00:00,7.79,8.1041,8.29,8.3,8.29,0.08,7.17,8.0525
2026-04-09T19:20:00+00:00,7.63,8.0997,7.71,7.71,7.71,0.15,6.15,8.0483
2026-04-09T19:22:30+00:00,7.84,8.0953,7.13,7.14,7.13,0.31,7.87,8.0441
2026-04-09T19:25:00+00:00,8.01,8.0909,7.97,7.97,7.97,0.07,8.95,8.0399
2026-04-09T19:27:30+00:00,8.34,8.0866,8.54,8.54,8.54,0.14,10.89,8.0357
2026-04-09T19:30:00+00:00,8.58,8.0823,9.6,9.6,9.6,0.43,11.78,8.0315
2026-04-09T19:32:30+00:00,8.46,8.078,10.18,10.19,10.18,0.58,10.05,8.0273
2026-04-09T19:35:00+00:00,8.05,8.0737,9.41,9.41,9.41,0.31,6.72,8.0231
2026-04-09T19:37:30+00:00,7.69,8.0694,7.73,7.73,7.73,0.23,4.43,8.0189
2026-04-09T19:40:00+00:00,7.35,8.0652,6.45,6.45,6.45,0.6,2.92,8.0148
2026-04-09T19:42:30+00:00,7.43,8.0609,5.5,5.5,5.5,0.85,4.52,8.0106
2026-04-09T19:45:00+00:00,7.3,8.0567,6.13,6.13,6.13,0.62,4.53,7.9689
2026-04-09T19:47:30+00:00,7.38,8.0525,6.0,6.0,6.0,0.62,5.93,7.8405
2026-04-09T19:50:00+00:00,7.51,8.0483,6.61,6.62,6.61,0.39,7.37,7.4875
2026-04-09T19:52:30+00:00,7.75,8.0441,7.31,7.31,7.31,0.16,9.27,6.6316
2026-04-09T19:55:00+00:00,7.64,8.0399,8.32,8.32,8.32,0.17,8.33,4.8868
2026-04-09T19:57:30+00:00,7.66,8.0357,7.9,7.9,7.9,0.06,8.38,3.5478
2026-04-09T20:00:00+00:00,7.59,8.0315,7.96,7.96,7.96,0.08,7.84,2.5567
2026-04-09T20:02:30+00:00,7.48,8.0273,7.72,7.72,7.72,0.04,7.11,2.2
2026-04-09T20:05:00+00:00,7.55,8.0231,7.34,7.34,7.34,0.12,7.69,2.2
2026-04-09T20:07:30+00:00,7.69,8.0189,7.63,7.63,7.63,0.04,8.67,2.2
2026-04-09T20:10:00+00:00,8.16,8.0148,8.16,8.16,8.16,0.15,11.59,2.2
2026-04-09T20:12:30+00:00,8.38,8.0106,9.74,9.74,9.74,0.61,12.16,2.2
2026-04-09T20:15:00+00:00,8.33,7.9689,2.2,2.2,2.2,1.56,10.76,2.2407
2026-04-09T20:17:30+00:00,8.19,7.8405,2.2,2.2,2.2,1.52,9.02,2.2622
2026-04-09T20:20:00+00:00,7.81,7.4875,2.2,2.2,2.2,1.42,6.09,2.3034
2026-04-09T20:22:30+00:00,7.34,6.6316,2.2,2.2,2.2,1.3,3.17,2.3587
2026-04-09T20:25:00+00:00,6.83,4.8868,2.2,2.2,2.2,1.14,2.2,2.4248
2026-04-09T20:27:30+00:00,6.16,3.5478,2.2,2.2,2.2,1.01,2.2,2.4998
2026-04-09T20:30:00+00:00,4.91,2.5567,2.2,2.2,2.2,1.69,2.2,2.5823
2026-04-09T20:32:30+00:00,3.56,2.2,2.2,2.2,2.2,1.34,2.2,2.6711
2026-04-09T20:35:00+00:00,2.49,2.2,2.2,2.2,2.2,0.97,2.2,2.7655
2026-04-09T20:37:30+00:00,1.87,2.2,2.2,2.2,2.2,0.59,2.2,2.8645
2026-04-09T20:40:00+00:00,1.59,2.2,2.2,2.2,2.2,0.42,2.2,2.9675
2026-04-09T20:42:30+00:00,1.56,2.2,2.2,2.2,2.2,0.46,2.2,3.0738
2026-04-09T20:45:00+00:00,1.68,2.2407,2.2,2.2,2.2,0.44,2.2,3.1829
2026-04-09T20:47:30+00:00,1.89,2.2622,2.2,2.2,2.2,0.44,2.42,3.2941
2026-04-09T20:50:00+00:00,2.12,2.3034,2.2,2.2,2.2,0.48,5.36,3.4069
2026-04-09T20:52:30+00:00,2.34,2.3587,2.2,2.2,2.2,0.55,7.3,3.521
2026-04-09T20:55:00+00:00,2.52,2.4248,2.2,2.2,2.2,0.61,8.29,3.6359
2026-04-09T20:57:30+00:00,2.65,2.4998,2.2,2.2,2.2,0.66,8.32,3.7512
2026-04-09T21:00:00+00:00,2.74,2.5823,2.2,2.2,2.2,0.81,7.9,3.9861
2026-04-09T21:02:30+00:00,2.78,2.6711,2.2,2.2,2.2,0.73,7.24,4.2205
2026-04-09T21:05:00+00:00,2.78,2.7655,2.2,2.2,2.2,0.66,6.2,4.4539
2026-04-09T21:07:30+00:00,2.76,2.8645,2.2,2.2,2.2,0.68,5.12,4.6859
2026-04-09T21:10:00+00:00,2.72,2.9675,2.2,2.2,2.2,0.65,4.1,4.9158
2026-04-09T21:12:30+00:00,2.78,3.0738,2.2,2.2,2.2,0.64,3.96,5.1433
2026-04-09T21:15:00+00:00,2.75,3.1829,2.2,2.2,2.2,0.66,3.32,5.3681
2026-04-09T21:17:30+00:00,2.9,3.2941,2.2,2.2,2.2,0.63,3.97,5.5899
2026-04-09T21:20:00+00:00,2.85,3.4069,2.2,2.2,2.2,0.7,3.19,5.8083
2026-04-09T21:22:30+00:00,2.85,3.521,2.2,2.2,2.2,0.71,2.91,6.0231
2026-04-09T21:25:00+00:00,2.97,3.6359,2.2,2.2,2.2,0.7,3.48,6.2341
2026-04-09T21:27:30+00:00,3.22,3.7512,2.2,2.2,2.2,0.72,4.89,6.4411
2026-04-09T21:30:00+00:00,3.23,3.9861,2.2,2.2,2.2,0.79,4.4,6.644
2026-04-09T21:32:30+00:00,3.13,4.2205,2.2,2.2,2.2,0.81,3.28,6.8426
2026-04-09T21:35:00+00:00,3.12,4.4539,2.2,2.2,2.2,0.78,2.95,7.0369
2026-04-09T21:37:30+00:00,3.43,4.6859,2.2,2.2,2.2,0.65,4.92,7.2266
2026-04-09T21:40:00+00:00,3.7,4.9158,2.2,2.2,2.2,0.84,6.23,7.4118
2026-04-09T21:42:30+00:00,3.56,5.1433,2.28,2.55,2.2,0.84,4.49,7.5924
2026-04-09T21:45:00+00:00,3.6,5.3681,2.21,2.23,2.2,0.86,4.31,7.7684
2026-04-09T21:47:30+00:00,3.82,5.5899,2.2,2.2,2.2,0.84,5.38,7.9398
2026-04-09T21:50:00+00:00,3.89,5.8083,2.34,3.2,2.2,0.88,5.26,8.1065
2026-04-09T21:52:30+00:00,4.23,6.0231,2.32,2.75,2.2,0.89,6.97,8.2685
2026-04-09T21:55:00+00:00,4.78,6.2341,2.63,3.99,2.2,0.91,9.57,8.4259
2026-04-09T21:57:30+00:00,5.4,6.4411,3.09,4.72,2.2,1.03,12.07,8.5787
2026-04-09T22:00:00+00:00,5.83,6.644,4.73,5.96,3.0,1.09,12.84,8.7268
2026-04-09T22:02:30+00:00,6.45,6.8426,5.76,7.87,3.38,1.16,14.52,8.8702
2026-04-09T22:05:00+00:00,6.95,7.0369,7.67,9.19,6.19,1.47,15.08,9.0089
2026-04-09T22:07:30+00:00,7.36,7.2266,7.45,8.91,6.07,1.42,14.89,9.1431
2026-04-09T22:10:00+00:00,7.76,7.4118,8.63,11.48,7.19,1.44,14.65,9.2728
2026-04-09T22:12:30+00:00,7.96,7.5924,8.03,9.54,6.23,1.41,13.25,9.398
2026-04-09T22:15:00+00:00,7.91,7.7684,8.75,10.81,6.94,1.31,10.55,9.5189
2026-04-09T22:17:30+00:00,8.12,7.9398,7.13,8.72,4.88,1.12,10.32,9.6355
2026-04-09T22:20:00+00:00,7.98,8.1065,6.47,8.18,4.64,1.24,7.86,9.748
2026-04-09T22:22:30+00:00,7.77,8.2685,6.3,7.92,4.34,1.19,5.58,9.8563
2026-04-09T22:25:00+00:00,7.56,8.4259,5.24,7.26,2.93,1.31,3.93,9.9606
2026-04-09T22:27:30+00:00,7.44,8.5787,4.52,5.86,3.07,1.43,3.48,10.061
2026-04-09T22:30:00+00:00,7.45,8.7268,3.7,5.66,2.2,1.67,4.17,10.1575
2026-04-09T22:32:30+00:00,7.5,8.8702,4.16,5.79,2.2,1.49,5.09,10.25
2026-04-09T22:35:00+00:00,7.52,9.0089,4.36,6.7,2.46,1.44,5.7,10.3387
2026-04-09T22:37:30+00:00,7.89,9.1431,4.64,7.01,2.62,1.35,8.56,10.4237
2026-04-09T22:40:00+00:00,8.09,9.2728,6.75,8.14,4.6,0.89,9.75,10.505
2026-04-09T22:42:30+00:00,8.41,9.398,6.97,8.78,5.67,0.87,11.47,10.5829
2026-04-09T22:45:00+00:00,9.0,9.5189,8.25,9.47,6.43,0.88,14.35,10.6573
2026-04-09T22:47:30+00:00,9.18,9.6355,9.58,11.64,8.1,0.94,13.99,10.7283
2026-04-09T22:50:00+00:00,9.41,9.748,9.89,11.41,8.51,0.93,13.98,10.7962
2026-04-09T22:52:30+00:00,9.95,9.8563,10.12,11.19,8.75,0.94,15.95,10.8609
2026-04-09T22:55:00+00:00,10.19,9.9606,11.75,12.7,10.21,1.23,15.52,10.9226
2026-04-09T22:57:30+00:00,9.86,10.061,11.44,13.53,9.87,1.14,11.62,10.9813
2026-04-09T23:00:00+00:00,9.4,10.1575,9.98,11.85,8.35,0.9,7.44,11.0372
2026-04-09T23:02:30+00:00,9.3,10.25,7.4,8.51,6.26,1.01,6.66,11.0904
2026-04-09T23:05:00+00:00,9.37,10.3387,7.89,9.2,5.88,0.86,7.42,11.1409
2026-04-09T23:07:30+00:00,9.51,10.4237,8.12,9.23,6.42,0.8,8.48,11.1888
2026-04-09T23:10:00+00:00,9.69,10.505,8.02,10.08,6.28,0.86,9.76,11.2342
2026-04-09T23:12:30+00:00,10.04,10.5829,8.41,10.03,7.11,0.82,11.89,11.2773
2026-04-09T23:15:00+00:00,10.16,10.6573,10.49,11.9,8.67,0.96,12.07,11.318
2026-04-09T23:17:30+00:00,10.07,10.7283,10.4,12.05,8.78,0.96,10.8,11.3564
2026-04-09T23:20:00+00:00,9.96,10.7962,9.41,10.55,8.2,0.83,9.73,11.3928
2026-04-09T23:22:30+00:00,9.82,10.8609,9.38,11.21,8.03,0.74,8.62,11.427
2026-04-09T23:25:00+00:00,9.76,10.9226,9.06,10.32,6.92,0.66,8.39,11.4592
2026-04-09T23:27:30+00:00,10.15,10.9813,8.51,10.42,6.87,0.71,11.26,11.4895
2026-04-09T23:30:00+00:00,10.17,11.0372,9.95,11.27,8.61,0.82,11.01,11.5304
2026-04-09T23:32:30+00:00,10.37,11.0904,10.21,11.82,8.79,0.82,12.07,11.569
2026-04-09T23:35:00+00:00,10.42,11.1409,10.75,12.17,9.5,0.96,11.91,11.6054
2026-04-09T23:37:30+00:00,10.34,11.1888,10.4,12.32,9.16,0.89,10.86,11.6398
2026-04-09T23:40:00+00:00,10.44,11.2342,10.4,11.47,8.96,0.85,11.24,11.6721
2026-04-09T23:42:30+00:00,10.56,11.2773,10.49,11.72,9.16,0.85,11.68,11.7025
2026-04-09T23:45:00+00:00,10.81,11.318,10.31,11.8,9.3,0.83,12.94,11.6067
2026-04-09T23:47:30+00:00,11.0,11.3564,11.42,12.32,10.34,1.02,13.5,11.5135
2026-04-09T23:50:00+00:00,11.1,11.3928,14.92,16.33,13.59,1.12,13.32,11.4227
2026-04-09T23:52:30+00:00,11.42,11.427,14.65,16.04,13.99,1.05,14.66,11.3344
2026-04-09T23:55:00+00:00,11.53,11.4592,15.75,16.9,14.67,1.29,14.35,11.2484
2026-04-09T23:57:30+00:00,11.38,11.4895,15.28,16.36,14.19,1.17,12.26,11.1648
2026-04-10T00:00:00+00:00,11.3,11.5304,14.61,15.7,13.44,0.92,11.18,11.1551
2026-04-10T00:02:30+00:00,11.15,11.569,13.6,14.87,12.81,0.71,9.86,11.1455
2026-04-10T00:05:00+00:00,11.16,11.6054,10.78,10.78,10.78,0.67,10.0,11.1359
2026-04-10T00:07:30+00:00,10.93,11.6398,10.79,10.79,10.79,0.66,8.6,11.1263
2026-04-10T00:10:00+00:00,10.69,11.6721,9.98,9.98,9.98,0.61,7.43,11.1168
2026-04-10T00:12:30+00:00,10.69,11.7025,9.25,9.25,9.25,0.69,8.23,11.1072
2026-04-10T00:15:00+00:00,10.78,11.6067,9.52,9.52,9.52,0.77,9.47,11.0978
2026-04-10T00:17:30+00:00,10.96,11.5135,10.06,10.06,10.06,0.79,11.09,11.0883
2026-04-10T00:20:00+00:00,10.86,11.4227,10.85,10.85,10.85,0.74,10.55,11.0789
2026-04-10T00:22:30+00:00,11.02,11.3344,10.58,10.58,10.58,0.66,11.76,11.0695
2026-04-10T00:25:00+00:00,11.07,11.2484,11.21,11.21,11.21,0.59,12.03,11.0601
2026-04-10T00:27:30+00:00,11.27,11.1648,11.39,11.39,11.39,0.56,13.2,11.0508
2026-04-10T00:30:00+00:00,11.05,11.1551,12.05,12.05,12.05,0.51,11.25,11.0415
2026-04-10T00:32:30+00:00,11.07,11.1455,11.11,11.11,11.11,0.25,11.28,11.0322
2026-04-10T00:35:00+00:00,11.21,11.1359,11.14,11.14,11.14,0.25,12.18,11.023
2026-04-10T00:37:30+00:00,11.12,11.1263,11.61,11.61,11.61,0.37,11.24,11.0137
2026-04-10T00:40:00+00:00,11.29,11.1168,11.16,11.16,11.16,0.25,12.32,11.0046
2026-04-10T00:42:30+00:00,11.48,11.1072,11.73,11.73,11.73,0.39,13.28,10.9954
2026-04-10T00:45:00+00:00,11.35,11.0978,12.29,12.29,12.29,0.53,11.85,10.9863
2026-04-10T00:47:30+00:00,11.03,11.0883,11.61,11.61,11.61,0.33,9.48,10.9772
2026-04-10T00:50:00+00:00,10.63,11.0789,10.38,10.38,10.38,0.18,7.11,10.9681
2026-04-10T00:52:30+00:00,10.12,11.0695,9.05,9.05,9.05,0.5,4.77,10.959
2026-04-10T00:55:00+00:00,9.9,11.0601,7.55,7.55,7.55,0.9,4.76,10.95
2026-04-10T00:57:30+00:00,10.14,11.0508,7.29,7.29,7.29,0.91,7.73,10.941
2026-04-10T01:00:00+00:00,10.23,11.0415,8.72,8.72,8.72,0.44,9.28,10.9321
2026-04-10T01:02:30+00:00,10.43,11.0322,9.44,9.44,9.44,0.22,11.15,10.9231
2026-04-10T01:05:00+00:00,10.07,11.023,10.39,10.39,10.39,0.24,8.94,10.9142
2026-04-10T01:07:30+00:00,9.89,11.0137,9.27,9.27,9.27,0.22,8.22,10.9054
2026-04-10T01:10:00+00:00,10.09,11.0046,8.85,8.85,8.85,0.29,10.28,10.8965
2026-04-10T01:12:30+00:00,10.11,10.9954,9.87,9.87,9.87,0.19,10.62,10.8877
2026-04-10T01:15:00+00:00,10.33,10.9863,10.07,10.07,10.07,0.24,12.19,10.8789
2026-04-10T01:17:30+00:00,10.42,10.9772,10.93,10.93,10.93,0.47,12.42,10.8701
2026-04-10T01:20:00+00:00,10.45,10.9681,11.14,11.14,11.14,0.53,12.25,10.8614
2026-04-10T01:22:30+00:00,10.5,10.959,11.15,11.15,11.15,0.52,12.15,10.8527
2026-04-10T01:25:00+00:00,10.38,10.95,11.18,11.18,11.18,0.51,10.92,10.844
2026-04-10T01:27:30+00:00,10.57,10.941,10.6,10.6,10.6,0.34,11.98,10.8354
2026-04-10T01:30:00+00:00,10.68,10.9321,11.18,11.18,11.18,0.49,12.27,10.8267
2026-04-10T01:32:30+00:00,10.47,10.9231,11.4,11.4,11.4,0.53,10.32,10.8181
2026-04-10T01:35:00+00:00,10.71,10.9142,10.44,10.44,10.44,0.26,11.84,10.8095
2026-04-10T01:37:30+00:00,10.57,10.9054,11.23,11.23,11.23,0.45,10.53,10.801
2026-04-10T01:40:00+00:00,10.34,10.8965,10.58,10.58,10.58,0.27,8.87,10.7925
2026-04-10T01:42:30+00:00,10.41,10.8877,9.7,9.7,9.7,0.18,9.63,10.784
2026-04-10T01:45:00+00:00,10.58,10.8789,10.03,10.03,10.03,0.18,10.9,10.7755
2026-04-10T01:47:30+00:00,10.53,10.8701,10.66,10.66,10.66,0.3,10.49,10.7671
2026-04-10T01:50:00+00:00,10.74,10.8614,10.46,10.46,10.46,0.25,11.86,10.7587
2026-04-10T01:52:30+00:00,11.04,10.8527,11.17,11.17,11.17,0.43,13.53,10.7503
2026-04-10T01:55:00+00:00,11.16,10.844,12.1,12.1,12.1,0.68,13.65,10.7419
2026-04-10T01:57:30+00:00,11.27,10.8354,12.28,12.28,12.28,0.7,13.62,10.7336
2026-04-10T02:00:00+00:00,10.93,10.8267,12.37,12.37,12.37,0.7,10.63,10.7253
2026-04-10T02:02:30+00:00,10.65,10.8181,10.9,10.9,10.9,0.27,8.63,10.717
2026-04-10T02:05:00+00:00,10.93,10.8095,9.82,9.82,9.82,0.22,10.82,10.7087
2026-04-10T02:07:30+00:00,10.99,10.801,10.87,10.87,10.87,0.26,11.15,10.7005
2026-04-10T02:10:00+00:00,11.2,10.7925,11.04,11.04,11.04,0.29,12.43,10.6923
2026-04-10T02:12:30+00:00,11.1,10.784,11.72,11.72,11.72,0.47,11.39,10.6841
2026-04-10T02:15:00+00:00,11.0,10.7755,11.22,11.22,11.22,0.32,10.56,10.676
2026-04-10T02:17:30+00:00,10.7,10.7671,10.79,10.79,10.79,0.22,8.6,10.6679
2026-04-10T02:20:00+00:00,10.35,10.7587,9.73,9.73,9.73,0.25,6.71,10.6598
2026-04-10T02:22:30+00:00,10.18,10.7503,8.64,8.64,8.64,0.52,6.51,10.6517
2026-04-10T02:25:00+00:00,10.45,10.7419,8.36,8.36,8.36,0.56,9.35,10.6436
2026-04-10T02:27:30+00:00,10.81,10.7336,9.69,9.69,9.69,0.2,12.23,10.6356
2026-04-10T02:30:00+00:00,11.14,10.7253,11.17,11.17,11.17,0.41,14.29,10.6276
2026-04-10T02:32:30+00:00,11.3,10.717,12.33,12.33,12.33,0.74,14.67,10.6196
2026-04-10T02:35:00+00:00,11.24,10.7087,12.68,12.68,12.68,0.81,13.39,10.6117
2026-04-10T02:37:30+00:00,10.88,10.7005,12.16,12.16,12.16,0.63,10.41,10.6038
2026-04-10T02:40:00+00:00,10.93,10.6923,10.68,10.68,10.68,0.23,10.72,10.5959
2026-04-10T02:42:30+00:00,10.88,10.6841,10.82,10.82,10.82,0.25,10.35,10.588
2026-04-10T02:45:00+00:00,10.84,10.676,10.62,10.62,10.62,0.21,10.17,10.5801
2026-04-10T02:47:30+00:00,10.83,10.6679,10.49,10.49,10.49,0.19,10.19,10.5723
2026-04-10T02:50:00+00:00,10.79,10.6598,10.47,10.47,10.47,0.19,10.05,10.5645
2026-04-10T02:52:30+00:00,10.72,10.6517,10.36,10.36,10.36,0.18,9.78,10.5567
2026-04-10T02:55:00+00:00,10.57,10.6436,10.19,10.19,10.19,0.18,9.08,10.549
2026-04-10T02:57:30+00:00,10.24,10.6356,9.77,9.77,9.77,0.21,7.26,10.5413
2026-04-10T03:00:00+00:00,9.96,10.6276,8.75,8.75,8.75,0.43,6.25,10.5335
2026-04-10T03:02:30+00:00,10.18,10.6196,8.08,8.08,8.08,0.58,8.83,10.5259
2026-04-10T03:05:00+00:00,10.06,10.6117,9.27,9.27,9.27,0.23,8.59,10.5182
2026-04-10T03:07:30+00:00,10.07,10.6038,9.09,9.09,9.09,0.25,9.25,10.5106
2026-04-10T03:10:00+00:00,10.21,10.5959,9.38,9.38,9.38,0.19,10.66,10.503
2026-04-10T03:12:30+00:00,9.97,10.588,10.09,10.09,10.09,0.25,9.14,10.4954
2026-04-10T03:15:00+00:00,9.88,10.5801,9.32,9.32,9.32,0.18,8.96,10.4878
2026-04-10T03:17:30+00:00,9.88,10.5723,9.2,9.2,9.2,0.18,9.41,10.4803
2026-04-10T03:20:00+00:00,10.16,10.5645,9.4,9.4,9.4,0.18,11.56,10.4728
2026-04-10T03:22:30+00:00,10.48,10.5567,10.52,10.52,10.52,0.41,13.5,10.4653
2026-04-10T03:25:00+00:00,10.67,10.549,11.61,11.61,11.61,0.72,14.13,10.4578
2026-04-10T03:27:30+00:00,10.73,10.5413,12.09,12.09,12.09,0.83,13.65,10.4504
2026-04-10T03:30:00+00:00,10.97,10.5335,12.0,12.0,12.0,0.77,14.39,10.443
2026-04-10T03:32:30+00:00,11.05,10.5259,12.52,12.52,12.52,0.89,13.88,10.4356
2026-04-10T03:35:00+00:00,10.92,10.5182,12.4,12.4,12.4,0.81,12.06,10.4282
2026-04-10T03:37:30+00:00,11.21,10.5106,11.56,11.56,11.56,0.52,13.42,10.4209
2026-04-10T03:40:00+00:00,11.56,10.503,12.32,12.32,12.32,0.71,14.96,10.4136
2026-04-10T03:42:30+00:00,11.22,10.4954,13.22,13.22,13.22,0.93,11.51,10.4063
2026-04-10T03:45:00+00:00,10.78,10.4878,11.55,11.55,11.55,0.4,8.14,10.399
2026-04-10T03:47:30+00:00,10.5,10.4803,9.77,9.77,9.77,0.26,6.68,10.3917
2026-04-10T03:50:00+00:00,10.25,10.4728,8.87,8.87,8.87,0.48,5.78,10.3845
2026-04-10T03:52:30+00:00,10.2,10.4653,8.21,8.21,8.21,0.65,6.59,10.3773
2026-04-10T03:55:00+00:00,10.08,10.4578,8.43,8.43,8.43,0.54,6.79,10.3701
2026-04-10T03:57:30+00:00,10.11,10.4504,8.37,8.37,8.37,0.52,7.98,10.3629
2026-04-10T04:00:00+00:00,10.52,10.443,8.85,8.85,8.85,0.35,11.45,10.3558
2026-04-10T04:02:30+00:00,10.48,10.4356,10.59,10.59,10.59,0.3,11.24,10.3487
2026-04-10T04:05:00+00:00,10.7,10.4282,10.53,10.53,10.53,0.29,12.69,10.3416
2026-04-10T04:07:30+00:00,10.41,10.4209,11.34,11.34,11.34,0.51,10.42,10.3345
2026-04-10T04:10:00+00:00,10.15,10.4136,10.24,10.24,10.24,0.22,8.74,10.3274
2026-04-10T04:12:30+00:00,9.86,10.4063,9.36,9.36,9.36,0.2,7.23,10.3204
2026-04-10T04:15:00+00:00,9.87,10.399,8.5,8.5,8.5,0.38,8.07,10.3134
2026-04-10T04:17:30+00:00,10.06,10.3917,8.82,8.82,8.82,0.27,9.92,10.3064
2026-04-10T04:20:00+00:00,10.07,10.3845,9.72,9.72,9.72,0.18,10.24,10.2995
2026-04-10T04:22:30+00:00,10.0,10.3773,9.89,9.89,9.89,0.21,9.85,10.2925
2026-04-10T04:25:00+00:00,10.06,10.3701,9.7,9.7,9.7,0.19,10.46,10.2856
2026-04-10T04:27:30+00:00,10.07,10.3629,10.02,10.02,10.02,0.25,10.5,10.2787
2026-04-10T04:30:00+00:00,10.2,10.3558,10.07,10.07,10.07,0.27,11.34,10.2718
2026-04-10T04:32:30+00:00,10.14,10.3487,10.53,10.53,10.53,0.39,10.74,10.265
2026-04-10T04:35:00+00:00,10.03,10.3416,10.27,10.27,10.27,0.31,9.84,10.2581
2026-04-10T04:37:30+00:00,9.86,10.3345,9.83,9.83,9.83,0.2,8.79,10.2513
2026-04-10T04:40:00+00:00,10.24,10.3274,9.26,9.26,9.26,0.16,11.63,10.2445
2026-04-10T04:42:30+00:00,10.05,10.3204,10.71,10.71,10.71,0.44,10.0,10.2378
2026-04-10T04:45:00+00:00,10.11,10.3134,9.92,9.92,9.92,0.22,10.45,10.231
2026-04-10T04:47:30+00:00,10.3,10.3064,10.15,10.15,10.15,0.27,11.6,10.2243
2026-04-10T04:50:00+00:00,10.62,10.2995,10.77,10.77,10.77,0.43,13.4,10.2176
2026-04-10T04:52:30+00:00,10.66,10.2925,11.78,11.78,11.78,0.71,12.9,10.2109
2026-04-10T04:55:00+00:00,10.49,10.2856,11.64,11.64,11.64,0.64,11.11,10.2042
2026-04-10T04:57:30+00:00,10.31,10.2787,10.8,10.8,10.8,0.37,9.54,10.1976
2026-04-10T05:00:00+00:00,10.11,10.2718,9.99,9.99,9.99,0.17,8.25,10.191
2026-04-10T05:02:30+00:00,10.33,10.265,9.27,9.27,9.27,0.2,10.14,10.1844
2026-04-10T05:05:00+00:00,10.08,10.2581,10.18,10.18,10.18,0.2,8.45,10.1778
2026-04-10T05:07:30+00:00,10.28,10.2513,9.28,9.28,9.28,0.2,10.15,10.1712
2026-04-10T05:10:00+00:00,10.37,10.2445,10.09,10.09,10.09,0.19,10.8,10.1647
2026-04-10T05:12:30+00:00,10.48,10.2378,10.43,10.43,10.43,0.27,11.46,10.1582
2026-04-10T05:15:00+00:00,10.38,10.231,10.8,10.8,10.8,0.36,10.56,10.1517
2026-04-10T05:17:30+00:00,10.41,10.2243,10.37,10.37,10.37,0.24,10.65,10.1452
2026-04-10T05:20:00+00:00,10.17,10.2176,10.43,10.43,10.43,0.25,8.95,10.1387
2026-04-10T05:22:30+00:00,9.88,10.2109,9.54,9.54,9.54,0.15,7.32,10.1323
2026-04-10T05:25:00+00:00,9.78,10.2042,8.63,8.63,8.63,0.35,7.32,10.1259
2026-04-10T05:27:30+00:00,9.57,10.1976,8.51,8.51,8.51,0.36,6.63,10.1195
2026-04-10T05:30:00+00:00,9.44,10.191,8.03,8.03,8.03,0.47,6.66,10.1131
2026-04-10T05:32:30+00:00,8.98,10.1844,7.92,7.92,7.92,0.46,4.67,10.1068
2026-04-10T05:35:00+00:00,9.1,10.1778,6.67,6.67,6.67,0.79,6.67,10.1004
2026-04-10T05:37:30+00:00,9.48,10.1712,7.61,7.61,7.61,0.45,10.17,10.0941
2026-04-10T05:40:00+00:00,9.89,10.1647,9.36,9.36,9.36,0.19,13.07,10.0878
2026-04-10T05:42:30+00:00,10.05,10.1582,10.93,10.93,10.93,0.63,13.59,10.0815
2026-04-10T05:45:00+00:00,10.2,10.1517,11.37,11.37,11.37,0.74,13.87,10.0753
2026-04-10T05:47:30+00:00,10.37,10.1452,11.68,11.68,11.68,0.81,14.11,10.069
2026-04-10T05:50:00+00:00,10.35,10.1387,11.98,11.98,11.98,0.86,12.97,10.0628
2026-04-10T05:52:30+00:00,10.45,10.1323,11.55,11.55,11.55,0.69,12.8,10.0566
2026-04-10T05:55:00+00:00,10.54,10.1259,11.58,11.58,11.58,0.66,12.54,10.0504
2026-04-10T05:57:30+00:00,10.27,10.1195,11.54,11.54,11.54,0.61,10.03,10.0443
2026-04-10T06:00:00+00:00,9.84,10.1131,10.24,10.24,10.24,0.38,6.94,10.0381
2026-04-10T06:02:30+00:00,9.67,10.1068,8.6,8.6,8.6,0.31,6.36,10.032
2026-04-10T06:05:00+00:00,9.16,10.1004,8.14,8.14,8.14,0.4,3.85,10.0259
2026-04-10T06:07:30+00:00,8.78,10.0941,6.57,6.57,6.57,0.8,2.77,10.0198
2026-04-10T06:10:00+00:00,8.65,10.0878,5.73,5.73,5.73,0.99,3.62,10.0138
2026-04-10T06:12:30+00:00,8.72,10.0815,5.91,5.91,5.91,0.86,5.5,10.0077
2026-04-10T06:15:00+00:00,8.6,10.0753,6.77,6.77,6.77,0.55,5.92,10.0017
2026-04-10T06:17:30+00:00,8.43,10.069,6.86,6.86,6.86,0.47,5.89,9.9957
2026-04-10T06:20:00+00:00,8.74,10.0628,6.73,6.73,6.73,0.46,9.1,9.9897
2026-04-10T06:22:30+00:00,9.48,10.0566,8.33,8.33,8.33,0.26,14.37,9.9837
2026-04-10T06:25:00+00:00,9.92,10.0504,11.14,11.14,11.14,1.02,16.23,9.9777
2026-04-10T06:27:30+00:00,10.04,10.0443,12.47,12.47,12.47,1.38,15.6,9.9718
2026-04-10T06:30:00+00:00,10.49,10.0381,12.44,12.44,12.44,1.32,17.01,9.9658
2026-04-10T06:32:30+00:00,10.54,10.032,13.47,13.47,13.47,1.56,15.51,9.9598
2026-04-10T06:35:00+00:00,10.3,10.0259,12.97,12.97,12.97,1.32,12.46,9.9539
2026-04-10T06:37:30+00:00,10.02,10.0198,11.49,11.49,11.49,0.82,9.58,9.9479
2026-04-10T06:40:00+00:00,9.73,10.0138,10.05,10.05,10.05,0.37,7.33,9.942
2026-04-10T06:42:30+00:00,9.66,10.0077,8.83,8.83,8.83,0.22,7.16,9.9361
2026-04-10T06:45:00+00:00,9.7,10.0017,8.61,8.61,8.61,0.25,7.84,9.9301
2026-04-10T06:47:30+00:00,9.78,9.9957,8.84,8.84,8.84,0.22,8.71,9.9242
2026-04-10T06:50:00+00:00,10.11,9.9897,9.21,9.21,9.21,0.21,11.12,9.9183
2026-04-10T06:52:30+00:00,9.85,9.9837,10.42,10.42,10.42,0.46,9.12,9.9124
2026-04-10T06:55:00+00:00,9.82,9.9777,9.42,9.42,9.42,0.23,9.01,9.9065
2026-04-10T06:57:30+00:00,9.78,9.9718,9.32,9.32,9.32,0.21,8.97,9.9006
2026-04-10T07:00:00+00:00,9.67,9.9658,9.27,9.27,9.27,0.21,8.39,9.8947
2026-04-10T07:02:30+00:00,9.67,9.9598,8.92,8.92,8.92,0.2,8.76,9.8888
2026-04-10T07:05:00+00:00,9.62,9.9539,9.06,9.06,9.06,0.2,8.75,9.883
2026-04-10T07:07:30+00:00,9.52,9.9479,9.01,9.01,9.01,0.19,8.35,9.8771
2026-04-10T07:10:00+00:00,9.45,9.942,8.76,8.76,8.76,0.2,8.27,9.8712
2026-04-10T07:12:30+00:00,10.07,9.9361,8.67,8.67,8.67,0.2,12.82,9.8654
2026-04-10T07:15:00+00:00,10.04,9.9301,11.02,11.02,11.02,0.69,12.05,9.8595
2026-04-10T07:17:30+00:00,9.75,9.9242,10.75,10.75,10.75,0.59,9.63,9.8537
2026-04-10T07:20:00+00:00,9.38,9.9183,9.57,9.57,9.57,0.26,7.14,9.8479
2026-04-10T07:22:30+00:00,9.14,9.9124,8.25,8.25,8.25,0.28,6.12,9.842
2026-04-10T07:25:00+00:00,8.89,9.9065,7.61,7.61,7.61,0.42,5.23,9.8362
2026-04-10T07:27:30+00:00,8.68,9.9006,7.0,7.0,7.0,0.55,4.92,9.8304
2026-04-10T07:30:00+00:00,8.52,9.8947,6.67,6.67,6.67,0.61,5.03,9.8246
2026-04-10T07:32:30+00:00,8.74,9.8888,6.57,6.57,6.57,0.59,7.67,9.8188
2026-04-10T07:35:00+00:00,9.05,9.883,7.81,7.81,7.81,0.22,10.34,9.813
2026-04-10T07:37:30+00:00,9.3,9.8771,9.18,9.18,9.18,0.35,12.0,9.8072
2026-04-10T07:40:00+00:00,9.75,9.8712,10.13,10.13,10.13,0.62,14.41,9.8015
2026-04-10T07:42:30+00:00,9.89,9.8654,11.62,11.62,11.62,1.03,14.23,9.7957
2026-04-10T07:45:00+00:00,9.71,9.8595,11.75,11.75,11.75,1.03,11.97,9.7899
2026-04-10T07:47:30+00:00,9.38,9.8537,10.69,10.69,10.69,0.67,9.06,9.7842
2026-04-10T07:50:00+00:00,9.35,9.8479,9.26,9.26,9.26,0.25,8.8,9.7784
2026-04-10T07:52:30+00:00,9.74,9.842,9.1,9.1,9.1,0.2,11.37,9.7727
2026-04-10T07:55:00+00:00,9.9,9.8362,10.42,10.42,10.42,0.54,11.89,9.7669
2026-04-10T07:57:30+00:00,10.11,9.8304,10.76,10.76,10.76,0.61,12.63,9.7612
2026-04-10T08:00:00+00:00,10.31,9.8246,11.24,11.24,11.24,0.72,13.14,9.7497
2026-04-10T08:02:30+00:00,10.08,9.8188,11.62,11.62,11.62,0.79,10.66,9.744
2026-04-10T08:05:00+00:00,10.03,9.813,10.44,10.44,10.44,0.4,9.93,9.7383
2026-04-10T08:07:30+00:00,10.11,9.8072,10.07,10.07,10.07,0.28,10.25,9.7326
2026-04-10T08:10:00+00:00,10.04,9.8015,10.22,10.22,10.22,0.3,9.54,9.7269
2026-04-10T08:12:30+00:00,9.82,9.7957,9.84,9.84,9.84,0.19,8.01,9.7212
2026-04-10T08:15:00+00:00,9.91,9.7899,9.01,9.01,9.01,0.19,8.92,9.7156
2026-04-10T08:17:30+00:00,9.98,9.7842,9.4,9.4,9.4,0.14,9.59,9.7099
2026-04-10T08:20:00+00:00,9.79,9.7784,9.7,9.7,9.7,0.16,8.34,9.7042
2026-04-10T08:22:30+00:00,9.62,9.7727,9.03,9.03,9.03,0.17,7.59,9.6986
2026-04-10T08:25:00+00:00,9.82,9.7669,8.56,8.56,8.56,0.27,9.5,9.6929
2026-04-10T08:27:30+00:00,9.95,9.7612,9.48,9.48,9.48,0.14,10.47,9.6873
2026-04-10T08:32:30+00:00,9.78,9.7497,9.61,9.61,9.61,0.16,9.39,9.6816
2026-04-10T08:35:00+00:00,9.53,9.744,9.44,9.44,9.44,0.13,7.82,9.676
2026-04-10T08:37:30+00:00,9.41,9.7383,8.59,8.59,8.59,0.23,7.56,9.6703
2026-04-10T08:40:00+00:00,9.2,9.7326,8.38,8.38,8.38,0.27,6.68,9.6277
2026-04-10T08:42:30+00:00,9.14,9.7269,7.84,7.84,7.84,0.4,7.08,9.4994
2026-04-10T08:45:00+00:00,8.71,9.7212,7.94,7.94,7.94,0.34,4.91,9.1495
2026-04-10T08:47:30+00:00,8.36,9.7156,6.71,6.71,6.71,0.67,3.94,8.3033
2026-04-10T08:50:00+00:00,8.18,9.7099,5.94,5.94,5.94,0.84,4.16,6.5802
2026-04-10T08:52:30+00:00,8.12,9.7042,5.86,5.86,5.86,0.8,5.04,5.2085
2026-04-10T08:55:00+00:00,8.36,9.6986,6.24,6.24,6.24,0.63,7.88,4.1038
2026-04-10T08:57:30+00:00,8.75,9.6929,7.61,7.61,7.61,0.18,11.06,3.1826
2026-04-10T09:00:00+00:00,9.09,9.6873,9.28,9.28,9.28,0.39,13.15,2.5792
2026-04-10T09:02:30+00:00,9.85,9.6816,10.51,10.51,10.51,0.75,17.22,2.2481
2026-04-10T09:05:00+00:00,10.24,9.676,12.98,12.98,12.98,1.46,18.01,2.2
2026-04-10T09:07:30+00:00,10.37,9.6703,2.52,3.26,2.2,2.53,16.71,2.2
2026-04-10T09:10:00+00:00,9.92,9.6277,2.61,3.24,2.2,2.56,11.96,2.2
2026-04-10T09:12:30+00:00,9.57,9.4994,2.2,2.2,2.2,2.25,8.7,2.231
2026-04-10T09:15:00+00:00,9.14,9.1495,2.2,2.2,2.2,2.1,5.59,2.2356
2026-04-10T09:17:30+00:00,9.02,8.3033,2.2,2.2,2.2,1.87,5.37,2.2577
2026-04-10T09:20:00+00:00,9.2,6.5802,2.2,2.2,2.2,1.84,7.27,2.2939
2026-04-10T09:22:30+00:00,8.93,5.2085,2.74,4.27,2.2,2.42,5.93,2.3422
2026-04-10T09:25:00+00:00,7.8,4.1038,2.24,2.37,2.2,2.61,2.2,2.4009
2026-04-10T09:27:30+00:00,6.3,3.1826,2.2,2.2,2.2,2.2,2.2,2.4687
2026-04-10T09:30:00+00:00,4.58,2.5792,2.2,2.2,2.2,1.77,2.2,2.5446
2026-04-10T09:32:30+00:00,3.19,2.2481,2.2,2.2,2.2,1.05,2.2,2.6276
2026-04-10T09:35:00+00:00,2.1,2.2,2.2,2.2,2.2,0.59,2.2,2.7167
2026-04-10T09:37:30+00:00,1.54,2.2,2.2,2.2,2.2,0.37,2.2,2.8112
2026-04-10T09:40:00+00:00,1.27,2.2,2.2,2.2,2.2,0.24,2.2,2.9104
2026-04-10T09:42:30+00:00,1.27,2.231,2.2,2.2,2.2,0.23,2.2,3.0135
2026-04-10T09:45:00+00:00,1.51,2.2356,2.2,2.2,2.2,0.21,2.2,3.1199
2026-04-10T09:47:30+00:00,1.82,2.2577,2.2,2.2,2.2,0.26,4.27,3.2291
2026-04-10T09:50:00+00:00,2.12,2.2939,2.2,2.2,2.2,0.32,7.56,3.3406
2026-04-10T09:52:30+00:00,2.4,2.3422,2.2,2.2,2.2,0.43,9.36,3.4537
2026-04-10T09:55:00+00:00,2.61,2.4009,2.21,2.26,2.2,0.43,10.1,3.5682
2026-04-10T09:57:30+00:00,2.9,2.4687,2.21,2.23,2.2,0.45,10.85,3.6836
2026-04-10T10:00:00+00:00,2.97,2.5446,2.53,3.83,2.2,0.58,9.71,3.9196
2026-04-10T10:02:30+00:00,3.02,2.6276,2.53,3.83,2.2,0.57,8.51,4.1559
2026-04-10T10:05:00+00:00,3.09,2.7167,2.61,3.84,2.2,0.56,7.5,4.3921
2026-04-10T10:07:30+00:00,2.96,2.8112,2.45,3.44,2.2,0.57,5.48,4.6274
2026-04-10T10:10:00+00:00,2.84,2.9104,2.2,2.22,2.2,0.52,3.73,4.8615
2026-04-10T10:12:30+00:00,2.72,3.0135,2.2,2.2,2.2,0.57,2.42,5.0938
2026-04-10T10:15:00+00:00,2.62,3.1199,2.2,2.2,2.2,0.45,2.2,5.324
2026-04-10T10:17:30+00:00,2.62,3.2291,2.2,2.2,2.2,0.49,2.2,5.5517
2026-04-10T10:20:00+00:00,2.94,3.3406,2.2,2.2,2.2,0.48,3.79,5.7766
2026-04-10T10:22:30+00:00,2.93,3.4537,2.21,2.25,2.2,0.56,3.43,5.9984
2026-04-10T10:25:00+00:00,2.75,3.5682,2.21,2.26,2.2,0.58,2.2,6.2169
2026-04-10T10:27:30+00:00,2.62,3.6836,2.2,2.2,2.2,0.52,2.2,6.4318
2026-04-10T10:30:00+00:00,2.65,3.9196,2.2,2.2,2.2,0.56,2.2,6.6429
2026-04-10T10:32:30+00:00,2.98,4.1559,2.2,2.2,2.2,0.44,4.09,6.8501
2026-04-10T10:35:00+00:00,3.26,4.3921,2.3,2.9,2.2,0.58,5.68,7.0532
2026-04-10T10:37:30+00:00,3.23,4.6274,2.58,3.97,2.2,0.62,4.78,7.2522
2026-04-10T10:40:00+00:00,3.61,4.8615,2.52,3.45,2.2,0.57,6.85,7.4468
2026-04-10T10:42:30+00:00,4.18,5.0938,2.74,4.3,2.2,0.63,9.5,7.6371
2026-04-10T10:45:00+00:00,4.62,5.324,4.75,6.35,2.59,0.83,10.8,7.823
2026-04-10T10:47:30+00:00,5.03,5.5517,5.66,7.74,4.33,0.97,11.57,8.0045
2026-04-10T10:50:00+00:00,5.42,5.7766,6.56,7.65,4.7,1.11,11.96,8.1814
2026-04-10T10:52:30+00:00,5.54,5.9984,7.84,9.24,6.48,1.25,10.46,8.3539
2026-04-10T10:55:00+00:00,5.58,6.2169,6.56,8.19,5.1,0.98,8.8,8.5218
2026-04-10T10:57:30+00:00,5.53,6.4318,6.07,7.59,4.78,0.82,7.04,8.6852
2026-04-10T11:00:00+00:00,5.4,6.6429,5.58,6.99,4.02,0.71,5.08,8.8438
2026-04-10T11:02:30+00:00,5.57,6.8501,4.62,6.47,3.11,0.71,5.67,8.9978
2026-04-10T11:05:00+00:00,5.87,7.0532,4.58,5.9,3.8,0.76,7.09,9.1472
2026-04-10T11:07:30+00:00,6.07,7.2522,5.45,6.52,3.52,0.67,7.62,9.2921
2026-04-10T11:10:00+00:00,6.46,7.4468,5.79,7.4,3.99,0.7,9.34,9.4324
2026-04-10T11:12:30+00:00,6.82,7.6371,6.8,8.45,5.55,0.68,10.46,9.5684
2026-04-10T11:15:00+00:00,7.23,7.823,7.4,8.87,5.93,0.71,11.72,9.6999
2026-04-10T11:17:30+00:00,7.43,8.0045,8.98,11.01,6.73,0.95,11.42,9.8272
2026-04-10T11:20:00+00:00,7.65,8.1814,8.9,10.53,7.33,0.85,11.25,9.9502
2026-04-10T11:22:30+00:00,7.52,8.3539,8.87,9.8,7.39,0.79,8.99,10.069
2026-04-10T11:25:00+00:00,7.58,8.5218,7.9,8.94,6.84,0.57,8.43,10.1837
2026-04-10T11:27:30+00:00,8.16,8.6852,7.82,8.92,6.18,0.62,11.53,10.2941
2026-04-10T11:30:00+00:00,8.35,8.8438,9.26,10.45,8.44,0.69,11.44,10.3527
2026-04-10T11:32:30+00:00,8.35,8.9978,9.36,10.61,7.96,0.72,10.11,10.4085
2026-04-10T11:35:00+00:00,8.56,9.1472,9.17,10.38,7.38,0.64,10.52,10.4617
2026-04-10T11:37:30+00:00,8.55,9.2921,9.47,10.65,7.73,0.61,9.45,10.5123
2026-04-10T11:40:00+00:00,8.52,9.4324,8.8,9.69,7.43,0.52,8.53,10.5604
2026-04-10T11:42:30+00:00,8.99,9.5684,8.53,10.19,6.42,0.56,11.19,10.6061
2026-04-10T11:45:00+00:00,9.33,9.6999,9.88,11.46,8.46,0.6,12.51,10.6494
2026-04-10T11:47:30+00:00,9.62,9.8272,10.93,12.53,9.58,0.81,13.24,10.6904
2026-04-10T11:50:00+00:00,9.78,9.9502,11.51,12.74,10.08,0.87,12.98,10.7293
2026-04-10T11:52:30+00:00,9.98,10.069,11.34,12.81,9.57,0.81,13.02,10.766
2026-04-10T11:55:00+00:00,10.18,10.1837,11.27,12.58,9.77,0.75,13.08,10.8007
2026-04-10T11:57:30+00:00,10.28,10.2941,11.59,13.0,10.05,0.79,12.51,10.8334
2026-04-10T12:00:00+00:00,10.41,10.3527,11.16,12.12,10.27,0.62,12.28,10.8643
2026-04-10T12:02:30+00:00,10.31,10.4085,11.56,12.47,10.86,0.68,10.59,10.8933
2026-04-10T12:05:00+00:00,10.17,10.4617,10.41,11.11,9.8,0.43,9.1,10.9205
2026-04-10T12:07:30+00:00,10.34,10.5123,10.06,11.01,8.96,0.38,10.12,10.9204
2026-04-10T12:10:00+00:00,10.14,10.5604,10.25,11.06,9.41,0.39,8.48,10.8598
2026-04-10T12:12:30+00:00,10.08,10.6061,9.42,10.35,8.74,0.43,8.25,10.6447
2026-04-10T12:15:00+00:00,9.97,10.6494,9.51,10.21,8.45,0.4,7.76,10.0861
2026-04-10T12:17:30+00:00,9.88,10.6904,8.98,9.71,7.89,0.47,7.63,8.9222
2026-04-10T12:20:00+00:00,9.46,10.7293,8.71,9.49,7.94,0.52,5.33,7.0572
2026-04-10T12:22:30+00:00,9.73,10.766,7.5,8.29,6.71,0.78,8.27,5.6295
2026-04-10T12:25:00+00:00,10.2,10.8007,9.03,9.9,8.05,0.4,11.86,4.379
2026-04-10T12:27:30+00:00,10.37,10.8334,10.6,11.34,9.75,0.48,12.76,3.9678
2026-04-10T12:30:00+00:00,10.46,10.8643,11.41,12.21,10.64,0.67,12.8,3.7415
2026-04-10T12:32:30+00:00,10.72,10.8933,11.72,12.29,11.16,0.7,13.95,3.6312
2026-04-10T12:35:00+00:00,10.65,10.9205,2.55,3.65,2.2,2.81,12.63,3.5862
2026-04-10T12:37:30+00:00,10.86,10.9204,2.32,2.79,2.2,2.82,13.36,3.5777
2026-04-10T12:40:00+00:00,11.26,10.8598,2.52,3.43,2.2,2.87,15.26,3.5478
2026-04-10T12:42:30+00:00,11.47,10.6447,3.64,5.17,2.2,2.94,15.25,3.5332
2026-04-10T12:45:00+00:00,11.87,10.0861,3.77,5.3,2.39,3.0,16.61,3.53
2026-04-10T12:47:30+00:00,11.55,8.9222,4.77,5.83,3.42,2.9,12.99,3.5358
2026-04-10T12:50:00+00:00,11.1,7.0572,7.81,9.58,6.26,1.89,9.18,3.5492
2026-04-10T12:52:30+00:00,10.04,5.6295,5.84,7.73,4.02,2.55,2.44,3.5693
2026-04-10T12:55:00+00:00,8.62,4.379,2.59,3.4,2.2,3.11,2.2,3.6239
2026-04-10T12:57:30+00:00,6.79,3.9678,2.2,2.2,2.2,2.9,2.2,3.6828
2026-04-10T13:00:00+00:00,4.74,3.7415,2.2,2.2,2.2,2.07,2.2,3.7454
2026-04-10T13:02:30+00:00,3.46,3.6312,2.2,2.2,2.2,1.31,2.2,3.8114
2026-04-10T13:05:00+00:00,2.72,3.5862,2.2,2.2,2.2,0.87,2.2,3.9528
2026-04-10T13:07:30+00:00,2.16,3.5777,2.2,2.2,2.2,0.62,2.2,4.099
2026-04-10T13:10:00+00:00,1.85,3.5478,2.2,2.2,2.2,0.47,2.2,4.2489
2026-04-10T13:12:30+00:00,1.84,3.5332,2.2,2.2,2.2,0.36,2.2,4.4019
2026-04-10T13:15:00+00:00,2.15,3.53,2.2,2.2,2.2,0.39,2.2,4.5573
2026-04-10T13:17:30+00:00,2.61,3.5358,2.2,2.2,2.2,0.51,6.87,4.7144
2026-04-10T13:20:00+00:00,2.93,3.5492,2.2,2.2,2.2,0.62,9.92,4.8728
2026-04-10T13:22:30+00:00,3.19,3.5693,2.2,2.2,2.2,0.69,11.29,5.0318
2026-04-10T13:25:00+00:00,3.38,3.6239,2.27,2.5,2.2,0.74,11.67,5.1911
2026-04-10T13:27:30+00:00,3.62,3.6828,2.42,3.3,2.2,0.79,11.88,5.3501
2026-04-10T13:30:00+00:00,3.81,3.7454,2.72,3.72,2.2,0.86,11.45,5.5086
2026-04-10T13:32:30+00:00,3.64,3.8114,3.4,4.6,2.2,0.88,8.51,5.6661
2026-04-10T13:35:00+00:00,3.55,3.9528,2.5,3.55,2.2,0.85,6.73,5.8224
2026-04-10T13:37:30+00:00,3.86,4.099,2.29,2.74,2.2,0.87,7.79,5.9771
2026-04-10T13:40:00+00:00,4.18,4.2489,2.45,3.28,2.2,0.92,8.5,6.1301
2026-04-10T13:42:30+00:00,4.68,4.4019,3.16,4.35,2.2,0.93,10.28,6.281
2026-04-10T13:45:00+00:00,4.91,4.5573,3.91,5.32,2.66,1.01,9.99,6.4298
2026-04-10T13:47:30+00:00,4.97,4.7144,4.12,5.08,3.03,1.05,8.53,6.5762
2026-04-10T13:50:00+00:00,5.19,4.8728,3.73,5.77,2.38,1.06,8.46,6.72
2026-04-10T13:52:30+00:00,5.24,5.0318,3.76,5.01,2.39,1.11,7.47,6.8612
2026-04-10T13:55:00+00:00,5.03,5.1911,3.52,4.57,2.68,1.19,4.89,6.9997
2026-04-10T13:57:30+00:00,4.89,5.3501,2.61,4.01,2.2,1.3,3.41,7.1353
2026-04-10T14:00:00+00:00,5.2,5.5086,2.29,2.68,2.2,1.36,5.37,7.268
2026-04-10T14:02:30+00:00,5.33,5.6661,2.96,4.27,2.2,1.26,5.8,7.3977
2026-04-10T14:05:00+00:00,5.76,5.8224,3.32,4.51,2.2,1.23,8.25,7.5243
2026-04-10T14:07:30+00:00,5.97,5.9771,4.53,5.92,2.84,1.13,8.71,7.6478
2026-04-10T14:10:00+00:00,6.22,6.1301,4.76,5.97,3.14,1.11,9.33,7.7683
2026-04-10T14:12:30+00:00,6.52,6.281,5.29,6.63,4.29,1.1,10.18,7.8856
2026-04-10T14:15:00+00:00,6.64,6.4298,6.36,7.6,5.22,1.0,9.61,7.9998
2026-04-10T14:17:30+00:00,6.45,6.5762,6.47,7.95,4.59,0.95,7.17,8.1108
2026-04-10T14:20:00+00:00,6.25,6.72,4.89,5.83,4.08,1.22,5.21,8.2187
2026-04-10T14:22:30+00:00,6.17,6.8612,4.64,5.84,3.56,1.14,4.49,8.3236
2026-04-10T14:25:00+00:00,5.91,6.9997,3.66,4.92,2.27,1.42,2.87,8.4253
2026-04-10T14:27:30+00:00,5.95,7.1353,3.24,4.13,2.2,1.48,3.7,8.5239
2026-04-10T14:30:00+00:00,6.05,7.268,3.27,4.14,2.47,1.46,4.79,8.6194
2026-04-10T14:32:30+00:00,6.05,7.3977,3.93,5.1,2.68,1.26,5.11,8.7118
2026-04-10T14:35:00+00:00,6.42,7.5243,3.96,4.68,3.09,1.28,7.77,8.8011
2026-04-10T14:37:30+00:00,6.55,7.6478,5.3,6.58,4.42,1.0,8.33,8.8875
2026-04-10T14:40:00+00:00,6.82,7.7683,5.93,7.16,4.68,0.87,9.64,8.9708
2026-04-10T14:42:30+00:00,7.15,7.8856,6.85,7.8,5.57,0.74,11.06,9.0513
2026-04-10T14:45:00+00:00,7.5,7.9998,7.63,9.02,6.22,0.76,12.09,9.1289
2026-04-10T14:47:30+00:00,7.85,8.1108,8.43,9.69,7.77,0.76,12.98,9.2037
2026-04-10T14:50:00+00:00,8.2,8.2187,9.28,10.9,8.12,0.85,13.58,9.2757
2026-04-10T14:52:30+00:00,8.55,8.3236,9.98,11.22,9.0,0.86,14.1,9.3451
2026-04-10T14:55:00+00:00,8.52,8.4253,10.71,11.66,8.91,0.96,11.97,9.4119
2026-04-10T14:57:30+00:00,8.8,8.5239,9.69,10.73,8.63,0.7,12.31,9.4761
2026-04-10T15:00:00+00:00,8.54,8.6194,10.18,11.17,9.2,0.72,9.14,9.5378
2026-04-10T15:02:30+00:00,8.6,8.7118,8.33,9.57,7.28,0.68,8.8,9.5971
2026-04-10T15:05:00+00:00,8.86,8.8011,8.19,9.23,7.4,0.73,9.9,9.654
2026-04-10T15:07:30+00:00,9.08,8.8875,8.98,10.0,7.88,0.62,10.61,9.7086
2026-04-10T15:10:00+00:00,9.49,8.9708,9.21,10.55,7.95,0.61,12.53,9.761
2026-04-10T15:12:30+00:00,9.45,9.0513,10.44,11.73,9.2,0.59,11.06,9.8112
2026-04-10T15:15:00+00:00,9.15,9.1289,9.97,10.97,9.4,0.55,8.18,9.8593
2026-04-10T15:17:30+00:00,8.86,9.2037,8.45,9.52,7.29,0.75,6.07,9.9053
2026-04-10T15:20:00+00:00,8.86,9.2757,7.62,8.31,6.42,0.9,6.44,9.9493
2026-04-10T15:22:30+00:00,8.78,9.3451,7.55,8.48,6.53,0.93,6.31,9.9913
2026-04-10T15:25:00+00:00,8.83,9.4119,7.54,8.58,6.39,0.87,7.16,10.0315
2026-04-10T15:27:30+00:00,8.69,9.4761,7.81,9.03,6.55,0.8,6.6,10.0698
2026-04-10T15:30:00+00:00,8.46,9.5378,7.49,8.34,6.76,0.84,5.63,10.1062
2026-04-10T15:32:30+00:00,8.22,9.5971,6.73,7.97,5.94,1.01,4.81,10.1409
2026-04-10T15:35:00+00:00,8.53,9.654,6.45,7.28,5.43,1.01,7.87,10.1739
2026-04-10T15:37:30+00:00,8.85,9.7086,7.84,9.16,6.7,0.66,10.42,10.2051
2026-04-10T15:40:00+00:00,8.74,9.761,9.0,9.84,8.12,0.56,9.49,10.2348
2026-04-10T15:42:30+00:00,9.05,9.8112,8.65,9.66,7.84,0.55,11.49,10.2629
2026-04-10T15:45:00+00:00,9.24,9.8593,9.73,10.56,9.05,0.62,12.22,10.2895
2026-04-10T15:47:30+00:00,9.39,9.9053,10.22,11.14,9.39,0.67,12.43,10.3147
2026-04-10T15:50:00+00:00,9.77,9.9493,10.45,10.88,9.64,0.68,13.99,10.3384
2026-04-10T15:52:30+00:00,9.97,9.9913,11.51,12.17,10.9,0.88,14.07,10.3608
2026-04-10T15:55:00+00:00,10.33,10.0315,11.9,12.6,11.14,0.92,15.06,10.3819
2026-04-10T15:57:30+00:00,10.37,10.0698,12.89,13.53,12.11,1.11,13.93,10.4018
2026-04-10T16:00:00+00:00,10.53,10.1062,12.3,13.05,11.38,0.9,13.69,10.4204
2026-04-10T16:02:30+00:00,10.55,10.1409,12.13,12.62,11.41,0.81,12.58,10.4379
2026-04-10T16:05:00+00:00,10.5,10.1739,11.69,12.52,10.93,0.67,11.21,10.4543
2026-04-10T16:07:30+00:00,10.33,10.2051,10.98,11.47,10.21,0.53,9.42,10.3958
2026-04-10T16:10:00+00:00,10.09,10.2348,11.9,12.62,11.2,0.49,7.64,10.3387
2026-04-10T16:12:30+00:00,10.17,10.2629,11.11,11.78,10.34,0.58,8.45,10.2832
2026-04-10T16:15:00+00:00,10.66,10.2895,11.34,11.9,10.57,0.54,11.94,10.2292
2026-04-10T16:17:30+00:00,10.75,10.3147,12.94,13.76,12.21,0.48,12.08,10.1766
2026-04-10T16:20:00+00:00,10.79,10.3384,13.11,13.68,12.48,0.48,11.83,10.1254
2026-04-10T16:22:30+00:00,10.58,10.3608,12.72,13.18,12.18,0.43,10.03,10.119
2026-04-10T16:25:00+00:00,10.54,10.3819,10.63,10.63,10.63,0.43,9.71,10.1126
2026-04-10T16:27:30+00:00,10.47,10.4018,10.42,10.42,10.42,0.47,9.34,10.1063
2026-04-10T16:30:00+00:00,10.68,10.4204,10.18,10.18,10.18,0.51,10.93,10.0999
2026-04-10T16:32:30+00:00,10.95,10.4379,10.97,10.97,10.97,0.39,12.62,10.0936
2026-04-10T16:35:00+00:00,10.72,10.4543,11.87,11.87,11.87,0.34,10.6,10.0873
2026-04-10T16:37:30+00:00,10.88,10.3958,10.88,10.88,10.88,0.38,11.62,10.081
2026-04-10T16:40:00+00:00,10.6,10.3387,11.41,11.41,11.41,0.28,9.5,10.0748
2026-04-10T16:42:30+00:00,10.21,10.2832,10.32,10.32,10.32,0.51,7.07,10.0685
2026-04-10T16:45:00+00:00,9.63,10.2292,8.99,8.99,8.99,0.87,4.17,10.0623
2026-04-10T16:47:30+00:00,9.6,10.1766,7.22,7.22,7.22,1.35,5.4,10.0561
2026-04-10T16:50:00+00:00,9.67,10.1254,7.62,7.62,7.62,1.16,7.06,10.05
2026-04-10T16:52:30+00:00,9.82,10.119,8.39,8.39,8.39,0.88,9.01,10.0438
2026-04-10T16:55:00+00:00,10.19,10.1126,9.3,9.3,9.3,0.58,11.97,10.0377
2026-04-10T16:57:30+00:00,10.6,10.1063,10.84,10.84,10.84,0.25,14.6,10.0315
2026-04-10T17:00:00+00:00,11.11,10.0999,12.32,12.32,12.32,0.47,16.97,10.0254
2026-04-10T17:02:30+00:00,11.45,10.0936,13.87,13.87,13.87,0.87,17.72,10.0194
2026-04-10T17:05:00+00:00,10.97,10.0873,14.56,14.56,14.56,1.01,12.95,10.0133
2026-04-10T17:07:30+00:00,10.37,10.081,12.23,12.23,12.23,0.32,8.19,10.0073
2026-04-10T17:10:00+00:00,9.86,10.0748,9.81,9.81,9.81,0.6,5.02,10.0012
2026-04-10T17:12:30+00:00,9.7,10.0685,8.03,8.03,8.03,1.1,5.19,9.9952
2026-04-10T17:15:00+00:00,9.76,10.0623,7.8,7.8,7.8,1.13,6.62,9.9892
2026-04-10T17:17:30+00:00,9.76,10.0561,8.42,8.42,8.42,0.91,7.52,9.9833
2026-04-10T17:20:00+00:00,9.45,10.05,8.75,8.75,8.75,0.77,6.18,9.9773
2026-04-10T17:22:30+00:00,9.29,10.0438,7.95,7.95,7.95,0.97,6.16,9.9713
2026-04-10T17:25:00+00:00,9.41,10.0377,7.8,7.8,7.8,0.97,8.04,9.9653
2026-04-10T17:27:30+00:00,9.67,10.0315,8.66,8.66,8.66,0.67,10.44,9.9594
2026-04-10T17:30:00+00:00,9.78,10.0254,9.87,9.87,9.87,0.34,11.28,9.9534
2026-04-10T17:32:30+00:00,10.06,10.0194,10.36,10.36,10.36,0.25,13.06,9.9475
2026-04-10T17:35:00+00:00,10.08,10.0133,11.38,11.38,11.38,0.34,12.55,9.9415
2026-04-10T17:37:30+00:00,9.81,10.0073,11.26,11.26,11.26,0.3,10.18,9.9356
2026-04-10T17:40:00+00:00,9.65,10.0012,10.13,10.13,10.13,0.3,9.02,9.9297
2026-04-10T17:42:30+00:00,9.6,9.9952,9.54,9.54,9.54,0.44,8.81,9.9238
2026-04-10T17:45:00+00:00,9.84,9.9892,9.4,9.4,9.4,0.46,10.63,9.9178
2026-04-10T17:47:30+00:00,10.13,9.9833,10.32,10.32,10.32,0.27,12.42,9.9119
2026-04-10T17:50:00+00:00,10.22,9.9773,11.3,11.3,11.3,0.29,12.39,9.906
2026-04-10T17:52:30+00:00,10.21,9.9713,11.39,11.39,11.39,0.3,11.68,9.9001
2026-04-10T17:55:00+00:00,10.46,9.9653,11.12,11.12,11.12,0.25,12.88,9.8943
2026-04-10T17:57:30+00:00,10.63,9.9594,11.81,11.81,11.81,0.34,13.28,9.8884
2026-04-10T18:00:00+00:00,10.26,9.9534,12.11,12.11,12.11,0.41,9.96,9.8825
2026-04-10T18:02:30+00:00,9.86,9.9475,10.47,10.47,10.47,0.24,7.08,9.8766
2026-04-10T18:05:00+00:00,9.63,9.9415,8.93,8.93,8.93,0.65,6.08,9.8708
2026-04-10T18:07:30+00:00,9.49,9.9356,8.26,8.26,8.26,0.83,5.96,9.8649
2026-04-10T18:10:00+00:00,9.33,9.9297,8.04,8.04,8.04,0.86,5.86,9.8591
2026-04-10T18:12:30+00:00,9.14,9.9238,7.82,7.82,7.82,0.89,5.54,9.8532
2026-04-10T18:15:00+00:00,9.05,9.9178,7.5,7.5,7.5,0.94,6.1,9.8474
2026-04-10T18:17:30+00:00,9.01,9.9119,7.63,7.63,7.63,0.85,6.85,9.8416
2026-04-10T18:20:00+00:00,9.33,9.906,7.9,7.9,7.9,0.72,9.87,9.8358
2026-04-10T18:22:30+00:00,9.43,9.9001,9.4,9.4,9.4,0.27,10.68,9.83
2026-04-10T18:25:00+00:00,9.62,9.8943,9.87,9.87,9.87,0.17,11.88,9.8242
2026-04-10T18:27:30+00:00,9.74,9.8884,10.57,10.57,10.57,0.23,12.33,9.8184
2026-04-10T18:30:00+00:00,9.8,9.8825,10.92,10.92,10.92,0.31,12.18,9.8126
2026-04-10T18:32:30+00:00,10.39,9.8766,10.97,10.97,10.97,0.3,15.35,9.8068
2026-04-10T18:35:00+00:00,10.77,9.8708,12.84,12.84,12.84,0.81,16.47,9.801
2026-04-10T18:37:30+00:00,10.68,9.8649,13.68,13.68,13.68,1.0,14.36,9.7651
2026-04-10T18:40:00+00:00,10.54,9.8591,12.72,12.72,12.72,0.65,12.22,9.6597
2026-04-10T18:42:30+00:00,10.06,9.8532,11.75,11.75,11.75,0.32,8.2,9.3742
2026-04-10T18:45:00+00:00,9.74,9.8474,9.7,9.7,9.7,0.4,6.17,8.6853
2026-04-10T18:47:30+00:00,9.8,9.8416,8.53,8.53,8.53,0.74,7.22,7.284
2026-04-10T18:50:00+00:00,9.73,9.8358,8.9,8.9,8.9,0.61,7.25,5.0572
2026-04-10T18:52:30+00:00,9.78,9.83,8.79,8.79,8.79,0.63,8.17,4.266
2026-04-10T18:55:00+00:00,9.73,9.8242,9.16,9.16,9.16,0.5,8.34,3.5745
2026-04-10T18:57:30+00:00,9.77,9.8184,9.18,9.18,9.18,0.47,8.97,3.1331
2026-04-10T19:00:00+00:00,9.69,9.8126,9.45,9.45,9.45,0.37,8.77,2.9053
2026-04-10T19:02:30+00:00,9.66,9.8068,9.31,9.31,9.31,0.4,8.92,2.8103
2026-04-10T19:05:00+00:00,9.92,9.801,9.35,9.35,9.35,0.37,10.93,2.7886
2026-04-10T19:07:30+00:00,9.65,9.7651,2.2,2.2,2.2,2.56,9.04,2.8065
2026-04-10T19:10:00+00:00,9.66,9.6597,2.2,2.2,2.2,2.36,9.33,2.8466
2026-04-10T19:12:30+00:00,9.82,9.3742,2.2,2.2,2.2,2.44,10.53,2.9002
2026-04-10T19:15:00+00:00,9.64,8.6853,2.2,2.2,2.2,2.52,9.23,2.9629
2026-04-10T19:17:30+00:00,9.59,7.284,2.2,2.2,2.2,2.47,9.04,3.0322
2026-04-10T19:20:00+00:00,9.15,5.0572,2.2,2.2,2.2,2.45,6.32,3.1068
2026-04-10T19:22:30+00:00,8.39,4.266,2.83,4.31,2.2,2.68,2.25,3.1856
2026-04-10T19:25:00+00:00,7.01,3.5745,2.2,2.2,2.2,2.82,2.2,3.2678
2026-04-10T19:27:30+00:00,5.28,3.1331,2.2,2.2,2.2,2.53,2.2,3.3529
2026-04-10T19:30:00+00:00,3.96,2.9053,2.2,2.2,2.2,1.78,2.2,3.4403
2026-04-10T19:32:30+00:00,3.19,2.8103,2.2,2.2,2.2,1.3,2.2,3.5295
2026-04-10T19:35:00+00:00,2.71,2.7886,2.2,2.2,2.2,0.96,2.2,3.6202
2026-04-10T19:37:30+00:00,2.22,2.8065,2.2,2.2,2.2,0.79,2.2,3.7118
2026-04-10T19:40:00+00:00,1.86,2.8466,2.2,2.2,2.2,0.59,2.2,3.9006
2026-04-10T19:42:30+00:00,1.77,2.9002,2.2,2.2,2.2,0.54,2.2,4.0901
2026-04-10T19:45:00+00:00,2.06,2.9629,2.2,2.2,2.2,0.47,2.2,4.2798
2026-04-10T19:47:30+00:00,2.5,3.0322,2.2,2.2,2.2,0.52,6.55,4.469
2026-04-10T19:50:00+00:00,2.76,3.1068,2.2,2.2,2.2,0.79,8.84,4.6573
2026-04-10T19:52:30+00:00,3.2,3.1856,2.2,2.2,2.2,0.7,11.28,4.8443
2026-04-10T19:55:00+00:00,3.37,3.2678,2.61,3.34,2.2,0.79,11.18,5.0296
2026-04-10T19:57:30+00:00,3.18,3.3529,2.48,3.69,2.2,0.81,8.5,5.2128
2026-04-10T20:00:00+00:00,3.07,3.4403,2.64,3.67,2.2,0.77,6.79,5.3937
2026-04-10T20:02:30+00:00,3.38,3.5295,2.26,2.52,2.2,0.76,7.85,5.5721
2026-04-10T20:05:00+00:00,3.82,3.6202,2.44,3.32,2.2,0.78,9.49,5.7475
2026-04-10T20:07:30+00:00,4.18,3.7118,3.19,5.21,2.2,0.86,10.25,5.92
2026-04-10T20:10:00+00:00,4.24,3.9006,4.1,6.5,2.2,1.02,8.76,6.0892
2026-04-10T20:12:30+00:00,4.02,4.0901,3.98,5.56,2.2,0.86,5.83,6.255
2026-04-10T20:15:00+00:00,4.0,4.2798,2.43,3.3,2.2,1.03,4.77,6.4174
2026-04-10T20:17:30+00:00,4.12,4.469,2.4,3.31,2.2,1.01,4.93,6.5761
2026-04-10T20:20:00+00:00,4.13,4.6573,2.52,3.48,2.2,1.04,4.34,6.7312
2026-04-10T20:22:30+00:00,4.28,4.8443,2.45,3.18,2.2,1.07,4.93,6.8824
2026-04-10T20:25:00+00:00,4.43,5.0296,2.56,4.25,2.2,1.05,5.39,7.0299
2026-04-10T20:27:30+00:00,4.74,5.2128,2.99,4.49,2.2,0.98,6.88,7.1735
2026-04-10T20:30:00+00:00,5.23,5.3937,3.39,4.4,2.2,1.03,9.17,7.4491
2026-04-10T20:32:30+00:00,5.74,5.5721,4.94,6.09,3.71,0.96,11.16,7.581
2026-04-10T20:35:00+00:00,5.67,5.7475,6.66,7.84,5.08,1.0,9.06,7.7091
2026-04-10T20:37:30+00:00,5.77,5.92,5.11,6.6,3.52,0.99,8.38,7.8333
2026-04-10T20:40:00+00:00,6.07,6.0892,5.17,6.83,3.53,1.01,9.26,7.9536
2026-04-10T20:42:30+00:00,6.14,6.255,6.23,7.91,4.74,0.91,8.35,8.0702
2026-04-10T20:45:00+00:00,6.46,6.4174,5.55,7.33,3.89,1.03,9.4,8.183
2026-04-10T20:47:30+00:00,6.62,6.5761,5.91,7.53,4.42,0.99,9.22,8.2921
2026-04-10T20:50:00+00:00,6.7,6.7312,6.73,8.16,5.12,0.91,8.57,8.3975
2026-04-10T20:52:30+00:00,6.98,6.8824,6.39,7.62,5.17,0.83,9.47,8.4993
2026-04-10T20:55:00+00:00,7.18,7.0299,7.24,8.84,5.24,0.81,9.64,8.5975
2026-04-10T20:57:30+00:00,7.5,7.1735,7.46,9.13,5.32,0.82,10.66,8.6921
2026-04-10T21:02:30+00:00,7.82,7.4491,7.58,9.24,6.25,0.82,10.31,8.7831
2026-04-10T21:05:00+00:00,7.82,7.581,8.22,10.01,6.07,0.8,9.16,8.8707
2026-04-10T21:07:30+00:00,7.82,7.7091,7.44,8.79,5.79,0.84,8.31,8.955
2026-04-10T21:10:00+00:00,8.03,7.8333,7.22,8.25,6.15,0.77,9.11,9.0359
2026-04-10T21:12:30+00:00,7.87,7.9536,7.7,9.43,5.99,0.72,7.35,9.1882
2026-04-10T21:15:00+00:00,7.93,8.0702,7.07,8.89,5.08,0.77,7.49,9.2597
2026-04-10T21:17:30+00:00,8.01,8.183,7.41,8.54,6.46,0.68,7.8,9.3282
2026-04-10T21:20:00+00:00,8.15,8.2921,7.24,8.73,5.55,0.75,8.55,9.3938
2026-04-10T21:22:30+00:00,8.32,8.3975,7.82,9.44,5.87,0.65,9.32,9.4567
2026-04-10T21:25:00+00:00,8.74,8.4993,8.95,9.82,7.76,0.65,11.65,9.5167
2026-04-10T21:27:30+00:00,9.0,8.5975,9.21,10.95,7.75,0.7,12.47,9.5742
2026-04-10T21:30:00+00:00,8.74,8.6921,10.12,11.19,8.86,0.77,9.61,9.629
2026-04-10T21:32:30+00:00,8.56,8.7831,8.49,10.68,7.14,0.64,7.83,9.6814
2026-04-10T21:35:00+00:00,8.7,8.8707,8.05,9.49,6.76,0.61,8.69,9.7313
2026-04-10T21:37:30+00:00,8.68,8.955,8.62,10.19,6.95,0.55,8.31,9.7788
2026-04-10T21:40:00+00:00,8.77,9.0359,8.58,10.2,6.44,0.57,8.8,9.8241
2026-04-10T21:45:00+00:00,8.99,9.1882,8.81,10.18,7.87,0.59,9.9,9.8672
2026-04-10T21:47:30+00:00,8.98,9.2597,9.19,10.93,7.71,0.57,9.48,9.9082
2026-04-10T21:50:00+00:00,8.69,9.3282,8.66,10.07,7.22,0.58,7.23,9.9472
2026-04-10T21:52:30+00:00,8.95,9.3938,8.04,9.01,6.72,0.61,9.25,9.9841
2026-04-10T21:55:00+00:00,9.11,9.4567,8.81,9.82,7.6,0.56,10.16,10.0191
2026-04-10T21:57:30+00:00,9.24,9.5167,9.28,10.15,8.28,0.57,10.69,10.0523
2026-04-10T22:00:00+00:00,9.41,9.5742,9.61,10.66,8.67,0.6,11.38,10.0836
2026-04-10T22:02:30+00:00,9.57,9.629,10.67,11.27,9.95,0.81,11.77,10.1131
2026-04-10T22:05:00+00:00,9.69,9.6814,10.79,11.85,9.5,0.8,11.86,10.1409
2026-04-10T22:07:30+00:00,9.71,9.7313,10.73,12.15,9.4,0.78,11.23,10.167
2026-04-10T22:10:00+00:00,9.48,9.7788,10.8,11.82,9.68,0.75,9.13,10.1916
2026-04-10T22:12:30+00:00,9.34,9.8241,9.25,10.62,8.2,0.51,8.03,10.2146
2026-04-10T22:15:00+00:00,9.3,9.8672,8.79,9.91,7.91,0.49,7.93,10.2362
2026-04-10T22:17:30+00:00,9.54,9.9082,8.34,9.78,7.35,0.53,9.7,10.2564
2026-04-10T22:20:00+00:00,9.86,9.9472,9.75,10.72,8.56,0.54,11.75,10.2752
2026-04-10T22:22:30+00:00,10.05,9.9841,10.63,11.76,9.37,0.72,12.47,10.2927
2026-04-10T22:25:00+00:00,10.21,10.0191,11.34,12.53,10.59,0.86,12.79,10.309
2026-04-10T22:27:30+00:00,10.25,10.0523,11.5,12.25,10.46,0.89,12.26,10.324
2026-04-10T22:30:00+00:00,10.17,10.0836,11.23,12.59,10.5,0.77,10.97,10.338
2026-04-10T22:32:30+00:00,10.17,10.1131,10.67,11.98,9.68,0.64,10.57,10.3508
2026-04-10T22:35:00+00:00,10.22,10.1409,10.2,11.35,9.36,0.55,10.58,10.3626
2026-04-10T22:37:30+00:00,10.15,10.167,10.73,11.92,9.53,0.59,9.78,10.2864
2026-04-10T22:40:00+00:00,10.15,10.1916,10.48,11.47,9.48,0.54,9.71,10.2123
2026-04-10T22:42:30+00:00,10.07,10.2146,12.3,13.34,11.25,0.48,9.15,10.1402
2026-04-10T22:45:00+00:00,10.38,10.2362,12.18,13.09,11.25,0.5,11.32,10.0701
2026-04-10T22:47:30+00:00,10.82,10.2564,12.84,13.92,12.09,0.6,13.92,10.0019
2026-04-10T22:50:00+00:00,10.63,10.2752,14.45,15.51,13.52,0.99,11.76,9.9356
2026-04-10T22:52:30+00:00,10.84,10.2927,13.35,14.23,12.37,0.69,12.72,9.9297
2026-04-10T22:55:00+00:00,10.91,10.309,13.57,14.64,12.75,0.74,12.53,9.9238
2026-04-10T22:57:30+00:00,10.96,10.324,11.84,11.84,11.84,0.72,12.24,9.9179
2026-04-10T23:00:00+00:00,10.63,10.338,11.75,11.75,11.75,0.69,9.51,9.912
2026-04-10T23:02:30+00:00,10.29,10.3508,10.37,10.37,10.37,0.5,7.33,9.9061
2026-04-10T23:05:00+00:00,10.28,10.3626,9.15,9.15,9.15,0.59,7.86,9.9002
2026-04-10T23:07:30+00:00,10.68,10.2864,9.29,9.29,9.29,0.67,11.06,9.8943
2026-04-10T23:10:00+00:00,10.62,10.2123,10.86,10.86,10.86,0.5,10.59,9.8884
2026-04-10T23:12:30+00:00,10.61,10.1402,10.63,10.63,10.63,0.51,10.54,9.8825
2026-04-10T23:15:00+00:00,10.72,10.0701,10.6,10.6,10.6,0.43,11.31,9.8767
2026-04-10T23:17:30+00:00,10.91,10.0019,11.0,11.0,11.0,0.44,12.46,9.8708
2026-04-10T23:20:00+00:00,10.44,9.9356,11.63,11.63,11.63,0.45,8.91,9.865
2026-04-10T23:22:30+00:00,9.96,9.9297,9.83,9.83,9.83,0.22,6.02,9.8591
2026-04-10T23:25:00+00:00,9.53,9.9238,8.23,8.23,8.23,0.67,4.33,9.8533
2026-04-10T23:27:30+00:00,9.36,9.9179,7.06,7.06,7.06,0.97,4.67,9.8474
2026-04-10T23:30:00+00:00,9.41,9.912,7.0,7.0,7.0,0.93,6.31,9.8416
2026-04-10T23:32:30+00:00,9.58,9.9061,7.74,7.74,7.74,0.64,8.61,9.8358
2026-04-10T23:35:00+00:00,9.58,9.9002,8.82,8.82,8.82,0.27,9.22,9.83
2026-04-10T23:37:30+00:00,9.68,9.8943,9.11,9.11,9.11,0.16,10.32,9.8242
2026-04-10T23:40:00+00:00,9.54,9.8884,9.69,9.69,9.69,0.12,9.52,9.8184
2026-04-10T23:42:30+00:00,9.66,9.8825,9.31,9.31,9.31,0.1,10.61,9.8126
2026-04-10T23:45:00+00:00,9.73,9.8767,9.89,9.89,9.89,0.2,11.05,9.8068
2026-04-10T23:47:30+00:00,9.56,9.8708,10.18,10.18,10.18,0.28,9.73,9.801
2026-04-10T23:50:00+00:00,9.78,9.865,9.55,9.55,9.55,0.12,11.27,9.7953
2026-04-10T23:52:30+00:00,10.33,9.8591,10.37,10.37,10.37,0.34,14.63,9.7895
2026-04-10T23:55:00+00:00,10.64,9.8533,12.21,12.21,12.21,0.87,15.42,9.7837
2026-04-10T23:57:30+00:00,10.67,9.8474,12.91,12.91,12.91,1.04,14.46,9.778
2026-04-11T00:00:00+00:00,10.66,9.8416,12.54,12.54,12.54,0.88,13.19,9.7722
2026-04-11T00:02:30+00:00,10.48,9.8358,12.04,12.04,12.04,0.68,11.05,9.7665
2026-04-11T00:05:00+00:00,10.39,9.83,11.02,11.02,11.02,0.34,10.0,9.7608
2026-04-11T00:07:30+00:00,10.3,9.8242,10.47,10.47,10.47,0.18,9.19,9.755
2026-04-11T00:10:00+00:00,9.92,9.8184,10.02,10.02,10.02,0.12,6.72,9.7493
2026-04-11T00:12:30+00:00,9.55,9.8126,8.65,8.65,8.65,0.44,4.91,9.7436
2026-04-11T00:15:00+00:00,9.43,9.8068,7.54,7.54,7.54,0.74,5.23,9.7379
2026-04-11T00:17:30+00:00,9.53,9.801,7.49,7.49,7.49,0.7,7.02,9.7322
2026-04-11T00:20:00+00:00,9.6,9.7953,8.24,8.24,8.24,0.44,8.31,9.7265
2026-04-11T00:22:30+00:00,9.85,9.7895,8.81,8.81,8.81,0.24,10.58,9.7208
2026-04-11T00:25:00+00:00,10.16,9.7837,9.95,9.95,9.95,0.21,12.68,9.7151
2026-04-11T00:27:30+00:00,10.24,9.778,11.1,11.1,11.1,0.53,12.73,9.7095
2026-04-11T00:30:00+00:00,10.38,9.7722,11.25,11.25,11.25,0.56,13.08,9.7038
2026-04-11T00:32:30+00:00,10.41,9.7665,11.55,11.55,11.55,0.63,12.62,9.6981
2026-04-11T00:35:00+00:00,10.49,9.7608,11.43,11.43,11.43,0.57,12.5,9.6868
2026-04-11T00:37:30+00:00,10.41,9.755,11.47,11.47,11.47,0.56,11.31,9.6812
2026-04-11T00:40:00+00:00,10.47,9.7493,10.93,10.93,10.93,0.38,11.33,9.6756
2026-04-11T00:42:30+00:00,10.33,9.7436,10.97,10.97,10.97,0.38,10.02,9.6699
2026-04-11T00:45:00+00:00,9.84,9.7379,10.31,10.31,10.31,0.19,6.69,9.6643
2026-04-11T00:47:30+00:00,9.7,9.7322,8.54,8.54,8.54,0.42,6.39,9.6587
2026-04-11T00:50:00+00:00,9.82,9.7265,8.23,8.23,8.23,0.49,8.02,9.6531
2026-04-11T00:52:30+00:00,9.74,9.7208,8.93,8.93,8.93,0.26,7.99,9.6475
2026-04-11T00:55:00+00:00,9.44,9.7151,8.83,8.83,8.83,0.27,6.57,9.6419
2026-04-11T00:57:30+00:00,9.91,9.7095,8.01,8.01,8.01,0.47,10.6,9.6363
2026-04-11T01:00:00+00:00,10.0,9.7038,10.0,10.0,10.0,0.24,11.2,9.6307
2026-04-11T01:02:30+00:00,9.71,9.6981,10.35,10.35,10.35,0.34,9.1,9.6251
2026-04-11T01:07:30+00:00,8.81,9.6868,8.02,8.02,8.02,0.4,4.27,9.6196
2026-04-11T01:10:00+00:00,8.59,9.6812,6.53,6.53,6.53,0.79,4.19,9.614
2026-04-11T01:12:30+00:00,8.47,9.6756,6.28,6.28,6.28,0.81,4.81,9.6084
2026-04-11T01:15:00+00:00,8.76,9.6699,6.42,6.42,6.42,0.7,7.95,9.6029
2026-04-11T01:17:30+00:00,9.1,9.6643,7.99,7.99,7.99,0.22,10.81,9.5973
2026-04-11T01:20:00+00:00,9.29,9.6587,9.47,9.47,9.47,0.37,12.03,9.5918
2026-04-11T01:22:30+00:00,9.57,9.6531,10.21,10.21,10.21,0.58,13.47,9.5863
2026-04-11T01:25:00+00:00,9.98,9.6475,11.1,11.1,11.1,0.83,15.18,9.5807
2026-04-11T01:27:30+00:00,10.02,9.6419,12.28,12.28,12.28,1.15,14.24,9.5752
2026-04-11T01:30:00+00:00,10.16,9.6363,11.95,11.95,11.95,1.0,13.99,9.5697
2026-04-11T01:32:30+00:00,10.04,9.6307,12.0,12.0,12.0,0.97,12.03,9.5587
2026-04-11T01:35:00+00:00,9.84,9.6251,11.13,11.13,11.13,0.67,9.86,9.5532
2026-04-11T01:37:30+00:00,9.8,9.6196,10.07,10.07,10.07,0.34,9.31,9.5477
2026-04-11T01:40:00+00:00,9.78,9.614,9.77,9.77,9.77,0.25,9.02,9.5422
2026-04-11T01:42:30+00:00,9.81,9.6084,9.58,9.58,9.58,0.21,9.2,9.5368
2026-04-11T01:45:00+00:00,9.96,9.6029,9.63,9.63,9.63,0.21,10.19,9.5313
2026-04-11T01:47:30+00:00,9.58,9.5973,10.12,10.12,10.12,0.32,7.44,9.5258
2026-04-11T01:50:00+00:00,9.33,9.5918,8.67,8.67,8.67,0.25,6.24,9.5204
2026-04-11T01:52:30+00:00,9.17,9.5863,7.93,7.93,7.93,0.42,5.95,9.5149
2026-04-11T01:55:00+00:00,8.85,9.5807,7.63,7.63,7.63,0.47,4.69,9.5095
2026-04-11T01:57:30+00:00,8.81,9.5752,6.82,6.82,6.82,0.66,5.59,9.504
2026-04-11T02:00:00+00:00,8.75,9.5697,7.11,7.11,7.11,0.53,6.27,9.4986
2026-04-11T02:05:00+00:00,8.66,9.5587,7.37,7.37,7.37,0.37,7.41,9.4932
2026-04-11T02:07:30+00:00,8.71,9.5532,7.73,7.73,7.73,0.25,8.41,9.4878
2026-04-11T02:10:00+00:00,8.97,9.5477,8.22,8.22,8.22,0.19,10.5,9.4824
2026-04-11T02:12:30+00:00,9.45,9.5422,9.31,9.31,9.31,0.41,13.6,9.4769
2026-04-11T02:15:00+00:00,9.53,9.5368,11.03,11.03,11.03,0.9,13.3,9.4715
2026-04-11T02:17:30+00:00,9.51,9.5313,11.07,11.07,11.07,0.88,12.27,9.4662
2026-04-11T02:20:00+00:00,9.59,9.5258,10.71,10.71,10.71,0.74,12.03,9.4608
2026-04-11T02:22:30+00:00,9.55,9.5204,10.7,10.7,10.7,0.71,10.97,9.4554
2026-04-11T02:25:00+00:00,9.42,9.5149,10.25,10.25,10.25,0.56,9.57,9.45
2026-04-11T02:27:30+00:00,8.99,9.5095,9.57,9.57,9.57,0.35,6.47,9.4446
2026-04-11T02:30:00+00:00,8.79,9.504,7.94,7.94,7.94,0.28,5.67,9.4393
2026-04-11T02:32:30+00:00,8.77,9.4986,7.39,7.39,7.39,0.4,6.22,9.4339
2026-04-11T02:35:00+00:00,8.73,9.4932,7.53,7.53,7.53,0.34,6.62,9.4286
2026-04-11T02:37:30+00:00,8.85,9.4878,7.62,7.62,7.62,0.3,8.05,9.4232
2026-04-11T02:40:00+00:00,9.07,9.4824,8.28,8.28,8.28,0.2,9.9,9.4179
2026-04-11T02:42:30+00:00,9.15,9.4769,9.22,9.22,9.22,0.36,10.36,9.4125
2026-04-11T02:45:00+00:00,9.05,9.4715,9.51,9.51,9.51,0.44,9.47,9.4072
2026-04-11T02:47:30+00:00,9.06,9.4662,9.1,9.1,9.1,0.33,9.48,9.4019
2026-04-11T02:50:00+00:00,9.2,9.4608,9.13,9.13,9.13,0.34,10.33,9.3966
2026-04-11T02:52:30+00:00,9.44,9.4554,9.59,9.59,9.59,0.46,11.68,9.3913
2026-04-11T02:55:00+00:00,9.64,9.45,10.36,10.36,10.36,0.66,12.41,9.386
2026-04-11T02:57:30+00:00,9.52,9.4446,10.84,10.84,10.84,0.77,10.83,9.3807
2026-04-11T03:00:00+00:00,9.32,9.4393,10.14,10.14,10.14,0.54,8.99,9.3754
2026-04-11T03:02:30+00:00,9.36,9.4339,9.22,9.22,9.22,0.29,9.19,9.3701
2026-04-11T03:05:00+00:00,9.58,9.4286,9.3,9.3,9.3,0.31,10.57,9.3648
2026-04-11T03:07:30+00:00,9.64,9.4232,10.01,10.01,10.01,0.48,10.62,9.3596
2026-04-11T03:10:00+00:00,9.65,9.4179,10.08,10.08,10.08,0.48,10.31,9.3543
2026-04-11T03:12:30+00:00,9.39,9.4125,9.96,9.96,9.96,0.43,8.3,9.349
2026-04-11T03:15:00+00:00,9.33,9.4072,8.92,8.92,8.92,0.22,8.04,9.3438
2026-04-11T03:17:30+00:00,9.2,9.4019,8.73,8.73,8.73,0.21,7.44,9.3385
2026-04-11T03:20:00+00:00,9.33,9.3966,8.35,8.35,8.35,0.23,8.69,9.3333
2026-04-11T03:22:30+00:00,9.68,9.3913,8.92,8.92,8.92,0.23,11.25,9.328
2026-04-11T03:25:00+00:00,9.76,9.386,10.24,10.24,10.24,0.53,11.41,9.3228
2026-04-11T03:27:30+00:00,9.87,9.3807,10.4,10.4,10.4,0.56,11.7,9.3176
2026-04-11T03:30:00+00:00,9.89,9.3754,10.63,10.63,10.63,0.61,11.32,9.3124
2026-04-11T03:32:30+00:00,9.99,9.3701,10.51,10.51,10.51,0.56,11.53,9.3072
2026-04-11T03:35:00+00:00,10.05,9.3648,10.68,10.68,10.68,0.59,11.36,9.302
2026-04-11T03:37:30+00:00,10.08,9.3596,10.66,10.66,10.66,0.56,11.12,9.2968
2026-04-11T03:40:00+00:00,9.97,9.3543,10.58,10.58,10.58,0.52,9.91,9.2916
2026-04-11T03:42:30+00:00,9.88,9.349,9.98,9.98,9.98,0.34,9.15,9.2864
2026-04-11T03:45:00+00:00,9.74,9.3438,9.57,9.57,9.57,0.25,8.31,9.2812
2026-04-11T03:47:30+00:00,9.62,9.3385,9.09,9.09,9.09,0.21,7.76,9.276
2026-04-11T03:50:00+00:00,9.46,9.3333,8.73,8.73,8.73,0.24,7.14,9.2708
2026-04-11T03:52:30+00:00,9.4,9.328,8.31,8.31,8.31,0.3,7.33,9.2657
2026-04-11T03:55:00+00:00,9.42,9.3228,8.31,8.31,8.31,0.28,8.03,9.2605
2026-04-11T03:57:30+00:00,9.63,9.3176,8.58,8.58,8.58,0.23,9.92,9.2554
2026-04-11T04:00:00+00:00,9.82,9.3124,9.52,9.52,9.52,0.31,11.24,9.2502
2026-04-11T04:02:30+00:00,9.72,9.3072,10.23,10.23,10.23,0.49,10.33,9.2451
2026-04-11T04:05:00+00:00,9.77,9.302,9.82,9.82,9.82,0.38,10.56,9.2399
2026-04-11T04:07:30+00:00,9.83,9.2968,9.97,9.97,9.97,0.41,10.8,9.2348
2026-04-11T04:10:00+00:00,9.81,9.2916,10.14,10.14,10.14,0.45,10.41,9.2297
2026-04-11T04:12:30+00:00,9.78,9.2864,9.97,9.97,9.97,0.4,10.05,9.2246
2026-04-11T04:15:00+00:00,9.61,9.2812,9.81,9.81,9.81,0.35,8.78,9.2195
2026-04-11T04:17:30+00:00,9.4,9.276,9.15,9.15,9.15,0.23,7.6,9.2144
2026-04-11T04:20:00+00:00,9.43,9.2708,8.49,8.49,8.49,0.24,8.2,9.2093
2026-04-11T04:22:30+00:00,9.61,9.2657,8.72,8.72,8.72,0.21,9.75,9.2042
2026-04-11T04:25:00+00:00,9.69,9.2605,9.48,9.48,9.48,0.31,10.35,9.1991
2026-04-11T04:27:30+00:00,9.62,9.2554,9.81,9.81,9.81,0.38,9.75,9.194
2026-04-11T04:30:00+00:00,9.47,9.2502,9.53,9.53,9.53,0.32,8.79,9.1889
2026-04-11T04:32:30+00:00,9.28,9.2451,9.03,9.03,9.03,0.23,7.72,9.1838
2026-04-11T04:35:00+00:00,9.21,9.2399,8.43,8.43,8.43,0.23,7.67,9.1788
2026-04-11T04:37:30+00:00,9.31,9.2348,8.33,8.33,8.33,0.23,8.83,9.1737
2026-04-11T04:40:00+00:00,9.43,9.2297,8.88,8.88,8.88,0.23,9.83,9.1687
2026-04-11T04:42:30+00:00,9.52,9.2246,9.38,9.38,9.38,0.33,10.45,9.1636
2026-04-11T04:45:00+00:00,9.65,9.2195,9.73,9.73,9.73,0.42,11.15,9.1586
2026-04-11T04:47:30+00:00,10.15,9.2144,10.15,10.15,10.15,0.52,14.12,9.1535
2026-04-11T04:50:00+00:00,10.68,9.2093,11.78,11.78,11.78,0.97,16.46,9.1485
2026-04-11T04:52:30+00:00,10.55,9.2042,13.31,13.31,13.31,1.38,14.13,9.1435
2026-04-11T04:55:00+00:00,10.27,9.1991,12.24,12.24,12.24,1.0,11.08,9.1385
2026-04-11T04:57:30+00:00,10.2,9.194,10.79,10.79,10.79,0.53,10.11,9.1335
2026-04-11T05:00:00+00:00,9.83,9.1889,10.3,10.3,10.3,0.38,7.34,9.1285
2026-04-11T05:02:30+00:00,9.48,9.1838,8.83,8.83,8.83,0.25,5.39,9.1235
2026-04-11T05:05:00+00:00,9.6,9.1788,7.67,7.67,7.67,0.52,7.13,9.1185
2026-04-11T05:07:30+00:00,9.72,9.1737,8.39,8.39,8.39,0.31,8.51,9.1135
2026-04-11T05:10:00+00:00,9.46,9.1687,9.01,9.01,9.01,0.21,7.12,9.1085
2026-04-11T05:12:30+00:00,9.32,9.1636,8.22,8.22,8.22,0.32,6.88,9.1035
2026-04-11T05:15:00+00:00,8.91,9.1586,7.98,7.98,7.98,0.35,4.92,9.0985
2026-04-11T05:17:30+00:00,8.62,9.1535,6.85,6.85,6.85,0.62,4.31,9.0936
2026-04-11T05:20:00+00:00,8.47,9.1485,6.26,6.26,6.26,0.74,4.72,9.0886
2026-04-11T05:22:30+00:00,8.53,9.1435,6.29,6.29,6.29,0.67,6.34,9.0836
2026-04-11T05:25:00+00:00,8.6,9.1385,7.06,7.06,7.06,0.4,7.75,9.0787
2026-04-11T05:27:30+00:00,8.59,9.1335,7.71,7.71,7.71,0.22,8.35,9.0738
2026-04-11T05:30:00+00:00,8.34,9.1285,8.01,8.01,8.01,0.2,7.11,9.0688
2026-04-11T05:32:30+00:00,8.2,9.1235,7.36,7.36,7.36,0.24,6.78,9.0639
2026-04-11T05:35:00+00:00,8.14,9.1185,7.14,7.14,7.14,0.26,7.1,9.059
2026-04-11T05:37:30+00:00,8.41,9.1135,7.26,7.26,7.26,0.22,9.44,9.054
2026-04-11T05:40:00+00:00,8.56,9.1085,8.46,8.46,8.46,0.34,10.52,9.0491
2026-04-11T05:42:30+00:00,8.55,9.1035,9.09,9.09,9.09,0.52,10.19,9.0442
2026-04-11T05:45:00+00:00,8.97,9.0985,9.02,9.02,9.02,0.49,12.67,9.0393
2026-04-11T05:47:30+00:00,9.17,9.0936,10.4,10.4,10.4,0.88,13.16,9.0344
2026-04-11T05:50:00+00:00,9.41,9.0886,10.84,10.84,10.84,0.97,13.53,9.0295
2026-04-11T05:52:30+00:00,9.6,9.0836,11.29,11.29,11.29,1.06,13.59,9.0246
2026-04-11T05:55:00+00:00,9.47,9.0787,11.52,11.52,11.52,1.07,11.56,9.0197
2026-04-11T05:57:30+00:00,9.32,9.0738,10.55,10.55,10.55,0.73,9.7,9.0149
2026-04-11T06:00:00+00:00,9.45,9.0688,9.64,9.64,9.64,0.48,10.14,9.01
2026-04-11T06:02:30+00:00,9.42,9.0639,9.87,9.87,9.87,0.52,9.47,9.0051
2026-04-11T06:05:00+00:00,9.61,9.059,9.54,9.54,9.54,0.41,10.43,9.0003
2026-04-11T06:07:30+00:00,9.43,9.054,10.04,10.04,10.04,0.52,8.83,8.9954
2026-04-11T06:10:00+00:00,9.35,9.0491,9.22,9.22,9.22,0.3,8.19,8.9906
2026-04-11T06:12:30+00:00,9.12,9.0442,8.85,8.85,8.85,0.23,6.81,8.9857
2026-04-11T06:15:00+00:00,8.9,9.0393,8.06,8.06,8.06,0.26,5.81,8.9809
2026-04-11T06:17:30+00:00,8.65,9.0344,7.42,7.42,7.42,0.39,4.91,8.976
2026-04-11T06:20:00+00:00,8.56,9.0295,6.8,6.8,6.8,0.53,5.32,8.9712
2026-04-11T06:22:30+00:00,8.34,9.0246,6.84,6.84,6.84,0.48,4.79,8.9664
2026-04-11T06:25:00+00:00,8.1,9.0197,6.42,6.42,6.42,0.55,4.31,8.9616
2026-04-11T06:27:30+00:00,8.14,9.0149,6.01,6.01,6.01,0.62,5.81,8.9568
2026-04-11T06:30:00+00:00,8.02,9.01,6.64,6.64,6.64,0.4,5.97,8.952
2026-04-11T06:32:30+00:00,7.92,9.0051,6.63,6.63,6.63,0.36,6.18,8.9472
2026-04-11T06:35:00+00:00,7.92,9.0003,6.66,6.66,6.66,0.32,7.02,8.9424
2026-04-11T06:37:30+00:00,7.8,8.9954,7.04,7.04,7.04,0.22,6.79,8.9376
2026-04-11T06:40:00+00:00,8.27,8.9906,6.89,6.89,6.89,0.22,10.55,8.9328
2026-04-11T06:42:30+00:00,8.7,8.9857,8.84,8.84,8.84,0.55,13.12,8.928
2026-04-11T06:45:00+00:00,8.92,8.9809,10.31,10.31,10.31,0.97,13.54,8.8873
2026-04-11T06:47:30+00:00,8.96,8.976,10.83,10.83,10.83,1.09,12.79,8.7637
2026-04-11T06:50:00+00:00,8.62,8.9712,10.58,10.58,10.58,0.97,9.46,8.4251
2026-04-11T06:52:30+00:00,8.49,8.9664,9.0,9.0,9.0,0.47,8.23,7.6053
2026-04-11T06:55:00+00:00,8.59,8.9616,8.38,8.38,8.38,0.3,8.78,5.9346
2026-04-11T06:57:30+00:00,8.86,8.9568,8.65,8.65,8.65,0.35,10.35,4.6045
2026-04-11T07:00:00+00:00,9.43,8.952,9.48,9.48,9.48,0.56,13.52,5.7498
2026-04-11T07:02:30+00:00,9.7,8.9472,11.29,11.29,11.29,1.06,14.1,5.9244
2026-04-11T07:05:00+00:00,9.79,8.9424,11.8,11.8,11.8,1.15,13.41,5.7825
2026-04-11T07:07:30+00:00,9.87,8.9376,11.55,11.55,11.55,1.01,12.69,5.471
2026-04-11T07:10:00+00:00,9.51,8.9328,11.32,11.32,11.32,0.89,9.21,4.9818
2026-04-11T07:12:30+00:00,9.3,8.928,9.6,9.6,9.6,0.35,7.48,4.3173
2026-04-11T07:15:00+00:00,9.39,8.8873,2.2,2.2,2.2,1.74,8.18,3.9112
2026-04-11T07:17:30+00:00,9.43,8.7637,2.2,2.2,2.2,1.76,8.52,3.4561
2026-04-11T07:20:00+00:00,9.05,8.4251,2.2,2.2,2.2,1.77,6.0,2.9748
2026-04-11T07:22:30+00:00,8.6,7.6053,2.2,2.2,2.2,1.59,3.82,2.537
2026-04-11T07:25:00+00:00,8.18,5.9346,2.2,2.2,2.2,1.4,2.31,2.2
2026-04-11T07:27:30+00:00,8.09,4.6045,2.2,2.2,2.2,1.28,3.37,2.2
2026-04-11T07:30:00+00:00,7.33,5.7498,2.2,2.2,2.2,1.48,2.2,2.2
2026-04-11T07:32:30+00:00,5.85,5.9244,2.2,2.2,2.2,1.08,2.2,2.2
2026-04-11T07:35:00+00:00,5.24,5.7825,2.2,2.2,2.2,0.73,2.2,2.2
2026-04-11T07:37:30+00:00,5.2,5.471,2.2,2.2,2.2,0.62,2.2,2.2
2026-04-11T07:40:00+00:00,5.46,4.9818,2.2,2.2,2.2,0.64,2.2,2.2
2026-04-11T07:42:30+00:00,5.16,4.3173,2.2,2.2,2.2,0.75,2.2,2.2
2026-04-11T07:45:00+00:00,4.66,3.9112,2.2,2.2,2.2,0.69,2.2,2.2
2026-04-11T07:47:30+00:00,4.38,3.4561,2.2,2.2,2.2,0.56,2.2,2.2
2026-04-11T07:50:00+00:00,4.16,2.9748,2.2,2.2,2.2,0.49,2.2,2.2
2026-04-11T07:52:30+00:00,3.77,2.537,2.2,2.2,2.2,0.43,2.2,2.2
2026-04-11T07:55:00+00:00,3.16,2.2,2.2,2.2,2.2,0.3,2.2,2.2
2026-04-11T07:57:30+00:00,2.64,2.2,2.2,2.2,2.2,0.09,2.2,2.2092
2026-04-11T08:00:00+00:00,2.34,2.2,2.2,2.2,2.2,0.0,2.2,2.2429
2026-04-11T08:02:30+00:00,2.21,2.2,2.2,2.2,2.2,0.0,2.2,2.2488
2026-04-11T08:05:00+00:00,2.18,2.2,2.2,2.2,2.2,0.0,2.2,2.2748
2026-04-11T08:07:30+00:00,2.23,2.2,2.2,2.2,2.2,0.0,2.2,2.3186
2026-04-11T08:10:00+00:00,2.31,2.2,2.2,2.2,2.2,0.0,3.46,2.3784
2026-04-11T08:12:30+00:00,2.4,2.2,2.2,2.2,2.2,0.0,4.5,2.4523
2026-04-11T08:15:00+00:00,2.48,2.2,2.2,2.2,2.2,0.0,5.12,2.5387
2026-04-11T08:17:30+00:00,2.55,2.2,2.2,2.2,2.2,0.0,5.36,2.636
2026-04-11T08:20:00+00:00,2.6,2.2,2.2,2.2,2.2,0.0,5.29,2.7428
2026-04-11T08:22:30+00:00,2.63,2.2,2.2,2.2,2.2,0.0,4.98,2.8577
2026-04-11T08:25:00+00:00,2.79,2.2,2.2,2.2,2.2,0.0,5.58,2.9797
2026-04-11T08:27:30+00:00,2.74,2.2092,2.2,2.2,2.2,0.01,4.55,3.1075
2026-04-11T08:30:00+00:00,2.69,2.2429,2.2,2.2,2.2,0.0,3.66,3.2403
2026-04-11T08:32:30+00:00,2.63,2.2488,2.2,2.2,2.2,0.0,2.96,3.3771
2026-04-11T08:35:00+00:00,2.59,2.2748,2.2,2.2,2.2,0.0,2.45,3.5172
2026-04-11T08:37:30+00:00,2.55,2.3186,2.2,2.2,2.2,0.0,2.2,3.6597
2026-04-11T08:40:00+00:00,2.51,2.3784,2.2,2.2,2.2,0.0,2.2,3.9528
2026-04-11T08:42:30+00:00,2.49,2.4523,2.2,2.2,2.2,0.0,2.2,4.2484
2026-04-11T08:45:00+00:00,2.48,2.5387,2.2,2.2,2.2,0.0,2.2,4.5456
2026-04-11T08:47:30+00:00,2.47,2.636,2.2,2.2,2.2,0.0,2.2,4.8434
2026-04-11T08:50:00+00:00,2.61,2.7428,2.2,2.2,2.2,0.0,3.05,5.1409
2026-04-11T08:52:30+00:00,2.57,2.8577,2.2,2.2,2.2,0.0,2.68,5.4376
2026-04-11T08:55:00+00:00,2.54,2.9797,2.2,2.2,2.2,0.0,2.45,5.7326
2026-04-11T08:57:30+00:00,2.75,3.1075,2.2,2.2,2.2,0.0,3.85,6.0255
2026-04-11T09:00:00+00:00,2.93,3.2403,2.2,2.2,2.2,0.04,4.82,6.3157
2026-04-11T09:02:30+00:00,3.34,3.3771,2.2,2.2,2.2,0.14,7.01,6.6028
2026-04-11T09:05:00+00:00,3.61,3.5172,2.2,2.2,2.2,0.35,7.66,6.8863
2026-04-11T09:07:30+00:00,3.58,3.6597,2.2,2.2,2.2,0.49,6.33,7.1661
2026-04-11T09:10:00+00:00,3.59,3.9528,2.2,2.2,2.2,0.48,5.44,7.4417
2026-04-11T09:12:30+00:00,3.77,4.2484,2.2,2.2,2.2,0.49,5.9,7.7129
2026-04-11T09:15:00+00:00,4.31,4.5456,2.2,2.2,2.2,0.58,8.5,7.9795
2026-04-11T09:17:30+00:00,4.33,4.8434,2.2,2.2,2.2,0.86,7.35,8.2414
2026-04-11T09:20:00+00:00,4.4,5.1409,2.2,2.2,2.2,0.87,6.63,8.4983
2026-04-11T09:22:30+00:00,4.9,5.4376,2.2,2.2,2.2,0.91,8.81,8.7501
2026-04-11T09:25:00+00:00,5.35,5.7326,2.2,2.2,2.2,1.16,10.3,8.9964
2026-04-11T09:27:30+00:00,5.91,6.0255,2.2,2.2,2.2,1.3,12.23,9.2373
2026-04-11T09:30:00+00:00,6.31,6.3157,2.37,2.79,2.2,1.37,12.65,9.4726
2026-04-11T09:32:30+00:00,6.69,6.6028,2.82,3.61,2.2,1.4,12.82,9.7024
2026-04-11T09:35:00+00:00,6.59,6.8863,3.16,4.12,2.31,1.47,9.85,9.9265
2026-04-11T09:37:30+00:00,7.09,7.1661,2.31,2.85,2.2,1.63,11.49,10.1451
2026-04-11T09:40:00+00:00,7.13,7.4417,3.26,4.21,2.5,1.59,9.94,10.3578
2026-04-11T09:42:30+00:00,7.27,7.7129,3.03,3.46,2.2,1.66,9.35,10.5646
2026-04-11T09:45:00+00:00,7.44,7.9795,2.76,3.36,2.24,1.77,9.22,10.7654
2026-04-11T09:47:30+00:00,7.91,8.2414,2.76,3.36,2.2,1.85,11.0,10.9604
2026-04-11T09:50:00+00:00,8.3,8.4983,4.08,4.88,3.48,1.74,12.06,11.1495
2026-04-11T09:52:30+00:00,8.67,8.7501,5.11,5.61,4.43,1.66,12.89,11.333
2026-04-11T09:55:00+00:00,8.72,8.9964,5.93,6.59,5.16,1.6,11.59,11.5108
2026-04-11T09:57:30+00:00,8.89,9.2373,5.35,6.1,4.78,1.73,11.27,11.683
2026-04-11T10:00:00+00:00,9.16,9.4726,5.62,6.12,4.92,1.69,11.78,11.8497
2026-04-11T10:02:30+00:00,9.44,9.7024,6.17,6.67,5.56,1.62,12.3,12.0111
2026-04-11T10:05:00+00:00,9.66,9.9265,6.58,6.97,6.14,1.61,12.39,12.1671
2026-04-11T10:07:30+00:00,10.06,10.1451,6.92,7.38,6.22,1.56,13.57,12.318
2026-04-11T10:10:00+00:00,10.44,10.3578,8.0,8.3,7.55,1.41,14.57,12.4637
2026-04-11T10:12:30+00:00,10.48,10.5646,8.71,9.16,8.14,1.39,13.28,12.6045
2026-04-11T10:15:00+00:00,10.77,10.7654,8.09,8.66,7.53,1.49,13.85,12.7404
2026-04-11T10:17:30+00:00,11.09,10.9604,8.68,9.12,8.31,1.43,14.35,12.8715
2026-04-11T10:20:00+00:00,11.02,11.1495,9.26,9.78,8.82,1.39,12.55,12.9979
2026-04-11T10:22:30+00:00,11.38,11.333,8.37,8.85,7.98,1.49,13.96,13.1197
2026-04-11T10:25:00+00:00,11.54,11.5108,9.41,9.79,9.04,1.36,13.71,13.2371
2026-04-11T10:27:30+00:00,11.49,11.683,9.42,9.86,9.04,1.37,12.29,13.3501
2026-04-11T10:30:00+00:00,11.31,11.8497,8.76,9.21,8.47,1.44,10.29,13.4588
2026-04-11T10:32:30+00:00,11.33,12.0111,7.97,8.42,7.61,1.46,10.19,13.5634
2026-04-11T10:35:00+00:00,11.44,12.1671,7.97,8.41,7.58,1.43,10.8,13.6639
2026-04-11T10:37:30+00:00,11.89,12.318,8.27,8.58,7.93,1.37,13.66,13.7605
2026-04-11T10:40:00+00:00,12.15,12.4637,9.81,10.08,9.62,1.24,14.71,13.8532
2026-04-11T10:42:30+00:00,12.2,12.6045,10.6,10.91,10.27,1.19,14.12,13.9422
2026-04-11T10:45:00+00:00,12.1,12.7404,10.4,10.75,10.19,1.18,12.62,13.9238
2026-04-11T10:47:30+00:00,12.26,12.8715,10.04,10.29,9.68,1.02,13.28,13.9054
2026-04-11T10:50:00+00:00,12.61,12.9979,12.91,12.91,12.91,1.07,15.03,13.8871
2026-04-11T10:52:30+00:00,12.55,13.1197,13.87,13.87,13.87,1.05,13.74,13.8689
2026-04-11T10:55:00+00:00,12.7,13.2371,13.29,13.29,13.29,0.97,14.16,13.8507
2026-04-11T10:57:30+00:00,13.21,13.3501,13.56,13.56,13.56,0.91,16.91,13.8326
2026-04-11T11:00:00+00:00,13.4,13.4588,15.06,15.06,15.06,1.08,16.95,13.8145
2026-04-11T11:02:30+00:00,13.66,13.5634,15.25,15.25,15.25,1.06,17.28,13.7786
2026-04-11T11:05:00+00:00,13.48,13.6639,15.65,15.65,15.65,1.09,14.83,13.7607
2026-04-11T11:07:30+00:00,13.48,13.7605,14.44,14.44,14.44,0.74,14.03,13.7429
2026-04-11T11:10:00+00:00,13.36,13.8532,14.06,14.06,14.06,0.6,12.69,13.7251
2026-04-11T11:12:30+00:00,13.34,13.9422,13.36,13.36,13.36,0.47,12.34,13.7074
2026-04-11T11:15:00+00:00,13.25,13.9238,13.13,13.13,13.13,0.12,11.68,13.6897
2026-04-11T11:17:30+00:00,13.07,13.9054,12.73,12.73,12.73,0.25,10.68,13.6721
2026-04-11T11:20:00+00:00,13.15,13.8871,12.12,12.12,12.12,0.42,11.62,13.6545
2026-04-11T11:22:30+00:00,13.31,13.8689,12.5,12.5,12.5,0.3,13.05,13.637
2026-04-11T11:25:00+00:00,13.42,13.8507,13.18,13.18,13.18,0.11,13.8,13.6196
2026-04-11T11:27:30+00:00,13.42,13.8326,13.56,13.56,13.56,0.08,13.69,13.6022
2026-04-11T11:30:00+00:00,13.4,13.8145,13.52,13.52,13.52,0.08,13.51,13.5849
2026-04-11T11:35:00+00:00,13.49,13.7786,12.95,12.95,12.95,0.19,14.16,13.5676
2026-04-11T11:37:30+00:00,13.69,13.7607,13.76,13.76,13.76,0.11,15.35,13.5504
2026-04-11T11:40:00+00:00,13.58,13.7429,14.41,14.41,14.41,0.27,14.18,13.5332
2026-04-11T11:42:30+00:00,13.7,13.7251,13.88,13.88,13.88,0.11,14.74,13.5161
2026-04-11T11:45:00+00:00,13.65,13.7074,14.2,14.2,14.2,0.18,14.08,13.499
2026-04-11T11:47:30+00:00,13.45,13.6897,13.9,13.9,13.9,0.1,12.52,13.482
2026-04-11T11:50:00+00:00,13.49,13.6721,13.09,13.09,13.09,0.23,12.99,13.4651
2026-04-11T11:52:30+00:00,13.19,13.6545,13.3,13.3,13.3,0.18,11.07,13.4482
2026-04-11T11:55:00+00:00,12.71,13.637,12.26,12.26,12.26,0.47,8.38,13.4313
2026-04-11T11:57:30+00:00,12.62,13.6196,10.75,10.75,10.75,0.9,8.9,13.4145
2026-04-11T12:00:00+00:00,12.94,13.6022,10.83,10.83,10.83,0.81,12.11,13.379
2026-04-11T12:02:30+00:00,13.51,13.5849,12.35,12.35,12.35,0.32,16.36,13.3002
2026-04-11T12:05:00+00:00,13.58,13.5676,14.56,14.56,14.56,0.38,16.35,13.1091
2026-04-11T12:07:30+00:00,13.6,13.5504,14.7,14.7,14.7,0.41,15.85,12.6667
2026-04-11T12:10:00+00:00,13.74,13.5332,14.57,14.57,14.57,0.34,16.27,11.7805
2026-04-11T12:12:30+00:00,13.54,13.5161,14.9,14.9,14.9,0.42,14.18,10.3818
2026-04-11T12:15:00+00:00,13.61,13.499,13.91,13.91,13.91,0.12,14.41,9.561
2026-04-11T12:17:30+00:00,13.57,13.482,14.06,14.06,14.06,0.15,13.82,8.8525
2026-04-11T12:20:00+00:00,13.45,13.4651,13.79,13.79,13.79,0.1,12.85,8.4441
2026-04-11T12:22:30+00:00,13.08,13.4482,13.28,13.28,13.28,0.19,10.43,8.2906
2026-04-11T12:25:00+00:00,13.01,13.4313,11.97,11.97,11.97,0.56,10.59,8.2916
2026-04-11T12:27:30+00:00,13.43,13.4145,2.61,3.51,2.2,3.54,13.98,8.3734
2026-04-11T12:30:00+00:00,13.35,13.379,3.62,4.96,2.64,3.56,13.38,8.4946
2026-04-11T12:32:30+00:00,13.3,13.3002,3.4,4.4,2.25,3.51,13.13,8.6341
2026-04-11T12:35:00+00:00,13.43,13.1091,2.94,4.23,2.2,3.53,14.06,8.7815
2026-04-11T12:37:30+00:00,13.15,12.6667,3.25,4.34,2.2,3.46,12.06,8.9319
2026-04-11T12:40:00+00:00,12.93,11.7805,2.29,2.72,2.2,3.64,10.85,9.0828
2026-04-11T12:42:30+00:00,12.39,10.3818,7.26,8.5,5.14,2.28,7.98,9.2329
2026-04-11T12:45:00+00:00,12.05,9.561,4.79,6.23,3.25,3.06,7.06,9.3813
2026-04-11T12:47:30+00:00,10.86,8.8525,4.3,5.88,2.39,3.26,2.2,9.5278
2026-04-11T12:50:00+00:00,9.73,8.4441,2.34,3.16,2.2,3.68,2.2,9.6718
2026-04-11T12:52:30+00:00,8.52,8.2906,2.2,2.2,2.2,3.53,2.2,9.8131
2026-04-11T12:55:00+00:00,7.79,8.2916,2.2,2.2,2.2,3.06,2.2,9.9516
2026-04-11T12:57:30+00:00,7.5,8.3734,2.2,2.2,2.2,2.8,2.2,10.087
2026-04-11T13:00:00+00:00,7.61,8.4946,2.2,2.2,2.2,2.54,2.2,10.219
2026-04-11T13:02:30+00:00,7.59,8.6341,2.2,2.2,2.2,2.6,4.16,10.3474
2026-04-11T13:05:00+00:00,7.97,8.7815,2.2,2.2,2.2,2.54,8.96,10.4721
2026-04-11T13:07:30+00:00,7.98,8.9319,3.0,4.37,2.2,2.21,10.21,10.593
2026-04-11T13:10:00+00:00,8.13,9.0828,3.96,4.82,3.01,1.92,11.82,10.7102
2026-04-11T13:12:30+00:00,8.28,9.2329,4.98,6.7,3.6,1.78,12.88,10.8234
2026-04-11T13:15:00+00:00,8.19,9.3813,5.9,7.58,4.68,1.49,11.85,10.9328
2026-04-11T13:17:30+00:00,8.27,9.5278,5.8,6.92,4.57,1.48,11.95,11.0384
2026-04-11T13:20:00+00:00,8.81,9.6718,6.71,7.88,5.46,1.29,14.72,11.14
2026-04-11T13:22:30+00:00,9.26,9.8131,8.34,9.82,6.5,1.13,16.33,11.2378
2026-04-11T13:25:00+00:00,9.39,9.9516,9.25,11.14,7.83,1.29,15.32,11.3317
2026-04-11T13:27:30+00:00,9.65,10.087,8.93,10.57,7.48,1.37,15.32,11.4219
2026-04-11T13:30:00+00:00,9.89,10.219,9.55,11.14,8.52,1.18,15.05,11.5083
2026-04-11T13:32:30+00:00,10.15,10.3474,9.5,11.1,7.92,1.17,14.95,11.5909
2026-04-11T13:35:00+00:00,10.16,10.4721,10.2,11.61,8.77,1.09,13.44,11.6699
2026-04-11T13:37:30+00:00,10.37,10.593,9.3,10.47,7.41,1.11,13.36,11.7454
2026-04-11T13:40:00+00:00,10.59,10.7102,9.93,11.27,8.82,1.02,13.49,11.8173
2026-04-11T13:42:30+00:00,10.76,10.8234,10.13,11.63,8.44,1.03,13.24,11.8857
2026-04-11T13:45:00+00:00,10.98,10.9328,10.14,11.92,8.52,1.0,13.47,11.9508
2026-04-11T13:47:30+00:00,10.99,11.0384,10.5,11.83,9.01,1.03,12.35,12.0125
2026-04-11T13:50:00+00:00,10.77,11.14,9.94,11.36,8.44,1.03,9.95,12.0711
2026-04-11T13:52:30+00:00,10.59,11.2378,8.88,10.37,7.5,1.21,8.44,12.1265
2026-04-11T13:55:00+00:00,10.52,11.3317,8.42,9.53,7.43,1.3,8.13,12.1788
2026-04-11T13:57:30+00:00,10.26,11.4219,7.46,8.44,6.69,1.57,6.68,12.2281
2026-04-11T14:00:00+00:00,10.5,11.5083,7.17,8.25,5.84,1.55,9.01,12.2746
2026-04-11T14:02:30+00:00,10.61,11.5909,8.58,10.07,7.68,1.21,10.0,12.3182
2026-04-11T14:05:00+00:00,10.64,11.6699,8.59,9.92,7.2,1.17,10.34,12.3591
2026-04-11T14:07:30+00:00,10.64,11.7454,8.91,10.45,7.9,1.15,10.45,12.3973
2026-04-11T14:10:00+00:00,10.91,11.8173,9.18,10.34,8.04,1.02,12.28,12.433
2026-04-11T14:12:30+00:00,11.29,11.8857,10.34,11.47,9.28,0.79,14.47,12.4663
2026-04-11T14:15:00+00:00,11.76,11.9508,11.21,12.21,10.06,0.8,16.6,12.4971
2026-04-11T14:17:30+00:00,12.21,12.0125,12.73,13.81,11.4,0.79,18.18,12.5256
2026-04-11T14:20:00+00:00,12.17,12.0711,13.78,14.9,12.65,0.92,16.11,12.5519
2026-04-11T14:22:30+00:00,11.94,12.1265,13.37,14.5,12.38,0.76,13.31,12.5761
2026-04-11T14:25:00+00:00,11.61,12.1788,12.3,13.47,10.74,0.62,10.31,12.5982
2026-04-11T14:27:30+00:00,11.49,12.2281,10.42,12.04,8.97,0.91,9.48,12.6183
2026-04-11T14:30:00+00:00,11.54,12.2746,9.99,11.12,9.08,1.02,9.98,12.6365
2026-04-11T14:32:30+00:00,11.69,12.3182,10.02,11.18,8.71,0.98,11.18,12.6528
2026-04-11T14:35:00+00:00,11.65,12.3591,11.12,12.07,10.32,0.68,10.89,12.6674
2026-04-11T14:37:30+00:00,11.87,12.3973,10.57,12.25,9.47,0.85,12.47,12.6803
2026-04-11T14:40:00+00:00,11.87,12.433,11.65,12.37,10.9,0.59,12.26,12.6916
2026-04-11T14:42:30+00:00,12.11,12.4663,11.28,12.59,10.36,0.7,13.63,12.7013
2026-04-11T14:45:00+00:00,12.29,12.4971,12.07,13.31,10.71,0.58,14.4,12.7095
2026-04-11T14:47:30+00:00,12.53,12.5256,12.19,13.32,11.12,0.63,15.33,12.7163
2026-04-11T14:50:00+00:00,12.53,12.5519,13.29,14.39,12.32,0.53,14.47,12.7218
2026-04-11T14:52:30+00:00,12.36,12.5761,12.97,14.24,12.08,0.51,12.62,12.7259
2026-04-11T14:55:00+00:00,12.38,12.5982,12.32,13.39,11.25,0.55,12.49,12.7288
2026-04-11T14:57:30+00:00,12.26,12.6183,12.05,13.27,10.69,0.62,11.44,12.7305
2026-04-11T15:00:00+00:00,12.22,12.6365,11.8,13.28,10.48,0.64,11.19,12.7306
2026-04-11T15:02:30+00:00,12.17,12.6528,11.59,12.66,10.35,0.68,10.99,12.7291
2026-04-11T15:05:00+00:00,12.29,12.6674,11.48,12.78,10.02,0.69,12.03,12.7266
2026-04-11T15:07:30+00:00,12.53,12.6803,12.05,13.25,10.68,0.54,13.64,12.7231
2026-04-11T15:10:00+00:00,12.45,12.6916,12.71,13.64,11.77,0.51,12.81,12.7189
2026-04-11T15:12:30+00:00,12.49,12.7013,12.72,13.57,11.65,0.47,12.9,12.7137
2026-04-11T15:15:00+00:00,12.3,12.7095,12.84,13.85,11.72,0.45,11.45,12.7078
2026-04-11T15:17:30+00:00,12.27,12.7163,11.89,12.77,10.78,0.56,11.39,12.6938
2026-04-11T15:20:00+00:00,12.43,12.7218,11.75,12.44,11.15,0.6,12.7,12.6858
2026-04-11T15:22:30+00:00,12.49,12.7259,12.45,13.47,11.62,0.48,13.03,12.6771
2026-04-11T15:25:00+00:00,12.42,12.7288,12.58,13.52,11.83,0.5,12.39,12.6679
2026-04-11T15:27:30+00:00,12.63,12.7305,12.75,13.69,11.82,0.43,13.81,12.6581
2026-04-11T15:32:30+00:00,12.59,12.7306,13.51,14.33,12.65,0.5,12.71,12.6477
2026-04-11T15:35:00+00:00,12.5,12.7291,12.83,13.49,12.09,0.44,11.98,12.6369
2026-04-11T15:37:30+00:00,12.53,12.7266,12.36,13.39,11.38,0.48,12.23,12.6256
2026-04-11T15:40:00+00:00,13.03,12.7231,12.31,13.11,11.58,0.49,15.6,12.6139
2026-04-11T15:42:30+00:00,12.8,12.7189,14.22,14.9,13.33,0.63,13.33,12.6018
2026-04-11T15:45:00+00:00,12.3,12.7137,13.5,14.16,12.72,0.44,9.77,12.5893
2026-04-11T15:47:30+00:00,12.16,12.7078,11.35,12.36,10.4,0.62,9.37,12.5764
2026-04-11T15:52:30+00:00,11.84,12.6938,10.95,12.13,10.16,0.66,8.7,12.5633
2026-04-11T15:55:00+00:00,11.76,12.6858,10.25,11.19,9.6,0.81,9.06,12.5498
2026-04-11T15:57:30+00:00,11.69,12.6771,10.79,11.44,10.08,0.66,9.47,12.536
2026-04-11T16:00:00+00:00,12.18,12.6679,10.59,11.45,9.83,0.66,13.53,12.4677
2026-04-11T16:02:30+00:00,12.9,12.6581,14.35,15.35,13.5,0.42,18.08,12.4011
2026-04-11T16:05:00+00:00,13.37,12.6477,17.01,17.8,16.01,1.01,20.01,12.3361
2026-04-11T16:07:30+00:00,13.61,12.6369,18.18,18.96,17.46,1.3,19.89,12.2726
2026-04-11T16:10:00+00:00,13.69,12.6256,18.43,19.08,17.88,1.3,18.62,12.2107
2026-04-11T16:12:30+00:00,13.66,12.6139,17.62,18.11,17.11,1.06,16.92,12.1503
2026-04-11T16:15:00+00:00,13.25,12.6018,17.18,17.79,16.49,0.81,12.96,12.1376
2026-04-11T16:17:30+00:00,12.88,12.5893,13.64,13.64,13.64,0.37,10.14,12.1248
2026-04-11T16:20:00+00:00,12.62,12.5764,12.12,12.12,12.12,0.59,8.67,13.6826
2026-04-11T16:22:30+00:00,12.53,12.5633,11.2,11.2,11.2,0.84,8.85,14.7532
2026-04-11T16:25:00+00:00,12.53,12.5498,11.11,11.11,11.11,0.86,9.71,15.397
2026-04-11T16:27:30+00:00,12.42,12.536,11.39,11.39,11.39,0.78,9.68,15.7508
2026-04-11T16:30:00+00:00,12.48,12.4677,11.24,11.24,11.24,0.82,10.84,15.9135
2026-04-11T16:32:30+00:00,12.22,12.4011,11.73,11.73,11.73,0.63,9.73,15.9451
2026-04-11T16:35:00+00:00,11.96,12.3361,11.08,11.08,11.08,0.78,8.77,15.8694
2026-04-11T16:37:30+00:00,11.53,12.2726,10.46,10.46,10.46,0.93,7.08,15.7132
2026-04-11T16:40:00+00:00,11.3,12.2107,9.35,9.35,9.35,1.21,7.01,15.5025
2026-04-11T16:42:30+00:00,10.85,12.1503,9.11,9.11,9.11,1.18,5.57,15.2577
2026-04-11T16:45:00+00:00,10.88,12.1376,8.14,8.14,8.14,1.4,7.57,14.9938
2026-04-11T16:47:30+00:00,11.14,12.1248,11.86,12.33,11.38,0.81,10.57,14.7223
2026-04-11T16:50:00+00:00,11.43,13.6826,13.35,13.88,12.8,0.79,13.16,14.4514
2026-04-11T16:52:30+00:00,11.85,14.7532,14.5,15.09,13.74,1.02,16.04,14.1872
2026-04-11T16:55:00+00:00,13.03,15.397,16.0,16.62,15.27,1.38,22.85,13.9336
2026-04-11T16:57:30+00:00,14.04,15.7508,19.71,20.17,19.19,2.34,27.08,13.6935
2026-04-11T17:00:00+00:00,15.09,15.9135,22.35,22.86,21.84,3.0,30.44,13.4683
2026-04-11T17:02:30+00:00,15.98,15.9451,24.48,24.94,23.97,3.46,31.76,13.259
2026-04-11T17:05:00+00:00,16.46,15.8694,25.63,26.17,25.05,3.6,30.02,13.0657
2026-04-11T17:07:30+00:00,16.67,15.7132,25.2,25.66,24.81,3.25,26.71,12.8882
2026-04-11T17:10:00+00:00,16.71,15.5025,23.76,24.16,23.36,2.59,23.04,12.7259
2026-04-11T17:12:30+00:00,16.75,15.2577,22.31,22.88,21.82,1.99,20.25,12.5782
2026-04-11T17:15:00+00:00,16.59,14.9938,20.97,21.34,20.47,1.45,16.99,12.444
2026-04-11T17:17:30+00:00,16.2,14.7223,18.94,19.4,18.61,0.77,12.91,12.3226
2026-04-11T17:20:00+00:00,15.77,14.4514,16.7,17.09,16.36,0.49,9.72,12.2128
2026-04-11T17:22:30+00:00,15.1,14.1872,14.78,15.13,14.38,0.9,6.14,12.1138
2026-04-11T17:25:00+00:00,14.44,13.9336,12.3,12.62,12.02,1.56,3.55,12.0246
2026-04-11T17:27:30+00:00,14.17,13.6935,10.46,10.71,10.19,2.04,4.35,11.9443
2026-04-11T17:30:00+00:00,13.96,13.4683,10.17,10.48,9.99,2.01,5.58,11.8719
2026-04-11T17:32:30+00:00,13.86,13.259,10.42,10.66,10.15,1.83,7.42,11.8068
2026-04-11T17:35:00+00:00,13.43,13.0657,10.91,11.22,10.69,1.56,6.82,11.7481
2026-04-11T17:37:30+00:00,12.68,12.8882,10.28,10.53,10.08,1.64,4.26,11.6952
2026-04-11T17:40:00+00:00,12.39,12.7259,8.51,8.67,8.36,2.04,5.24,11.6475
2026-04-11T17:42:30+00:00,12.18,12.5782,8.66,8.84,8.51,1.85,6.6,11.6043
2026-04-11T17:45:00+00:00,12.27,12.444,9.05,9.23,8.92,1.6,9.55,11.5652
2026-04-11T17:47:30+00:00,12.42,12.3226,10.42,10.58,10.31,1.07,12.13,11.5297
2026-04-11T17:50:00+00:00,12.49,12.2128,11.77,11.88,11.66,0.57,13.57,11.4973
2026-04-11T17:52:30+00:00,12.44,12.1138,12.51,12.59,12.4,0.3,13.73,11.4678
2026-04-11T17:55:00+00:00,12.56,12.0246,12.65,12.78,12.57,0.23,14.91,11.4407
2026-04-11T17:57:30+00:00,12.62,11.9443,13.38,13.47,13.3,0.15,15.21,11.4159
2026-04-11T18:00:00+00:00,12.51,11.8719,13.62,13.74,13.52,0.29,14.18,11.3929
2026-04-11T18:02:30+00:00,11.85,11.8068,13.18,13.32,13.1,0.16,9.61,11.3717
2026-04-11T18:05:00+00:00,11.48,11.7481,10.88,10.99,10.79,0.53,7.91,11.3519
2026-04-11T18:07:30+00:00,11.21,11.6952,9.88,9.96,9.8,0.79,7.43,11.3334
2026-04-11T18:10:00+00:00,11.04,11.6475,9.35,9.45,9.3,0.89,7.39,11.316
2026-04-11T18:12:30+00:00,11.07,11.6043,9.24,9.31,9.19,0.86,8.91,11.2997
2026-04-11T18:15:00+00:00,11.34,11.5652,9.86,9.91,9.82,0.61,11.65,11.2842
2026-04-11T18:17:30+00:00,11.68,11.5297,11.21,11.27,11.18,0.16,14.26,11.2694
2026-04-11T18:20:00+00:00,11.91,11.4973,12.62,12.67,12.59,0.29,15.51,11.2554
2026-04-11T18:22:30+00:00,12.12,11.4678,13.42,13.47,13.38,0.52,16.21,11.2419
2026-04-11T18:25:00+00:00,12.27,11.4407,13.96,14.0,13.93,0.66,16.26,11.229
2026-04-11T18:27:30+00:00,12.0,11.4159,14.16,14.2,14.14,0.69,13.35,11.2165
2026-04-11T18:30:00+00:00,12.01,11.3929,12.81,12.84,12.79,0.25,12.99,11.1693
2026-04-11T18:32:30+00:00,11.63,11.3717,12.67,12.71,12.66,0.19,10.04,11.0415
2026-04-11T18:35:00+00:00,11.32,11.3519,11.16,11.19,11.14,0.29,8.19,10.7045
2026-04-11T18:37:30+00:00,10.88,11.3334,10.1,10.12,10.09,0.6,6.13,9.8986
2026-04-11T18:40:00+00:00,10.68,11.316,8.78,8.8,8.77,0.96,6.05,8.2643
2026-04-11T18:42:30+00:00,10.72,11.2997,8.51,8.52,8.49,0.99,7.53,5.6701
2026-04-11T18:45:00+00:00,10.82,11.2842,9.15,9.17,9.14,0.74,9.27,4.7223
2026-04-11T18:47:30+00:00,10.77,11.2694,9.93,9.94,9.92,0.45,9.61,3.8928
2026-04-11T18:50:00+00:00,10.74,11.2554,10.04,10.06,10.04,0.38,10.03,3.3567
2026-04-11T18:52:30+00:00,10.77,11.2419,10.23,10.24,10.22,0.29,10.74,3.0713
2026-04-11T18:55:00+00:00,10.7,11.229,10.58,10.59,10.57,0.16,10.5,2.9425
2026-04-11T18:57:30+00:00,10.99,11.2165,10.46,10.46,10.45,0.18,12.76,2.9009
2026-04-11T19:00:00+00:00,11.11,11.1693,2.2,2.2,2.2,2.66,13.32,2.9068
2026-04-11T19:02:30+00:00,11.05,11.0415,2.2,2.2,2.2,2.75,12.44,2.9402
2026-04-11T19:05:00+00:00,10.87,10.7045,2.2,2.2,2.2,2.67,10.96,2.9907
2026-04-11T19:07:30+00:00,10.99,9.8986,2.2,2.2,2.2,2.66,11.72,3.0531
2026-04-11T19:10:00+00:00,11.16,8.2643,2.2,2.2,2.2,2.67,12.71,3.1244
2026-04-11T19:12:30+00:00,10.55,5.6701,2.2,2.2,2.2,2.74,8.18,3.2029
2026-04-11T19:15:00+00:00,9.53,4.7223,2.87,4.09,2.2,2.89,2.2,3.2874
2026-04-11T19:17:30+00:00,8.09,3.8928,2.2,2.2,2.2,3.15,2.2,3.377
2026-04-11T19:20:00+00:00,6.26,3.3567,2.2,2.2,2.2,2.88,2.2,3.4708
2026-04-11T19:22:30+00:00,4.08,3.0713,2.2,2.2,2.2,1.72,2.2,3.5681
2026-04-11T19:25:00+00:00,2.81,2.9425,2.2,2.2,2.2,1.0,2.2,3.6683
2026-04-11T19:27:30+00:00,2.06,2.9009,2.2,2.2,2.2,0.68,2.2,3.771
2026-04-11T19:30:00+00:00,1.51,2.9068,2.2,2.2,2.2,0.56,2.2,3.9841
2026-04-11T19:32:30+00:00,1.21,2.9402,2.2,2.2,2.2,0.42,2.2,4.2001
2026-04-11T19:35:00+00:00,1.21,2.9907,2.2,2.2,2.2,0.39,2.2,4.4181
2026-04-11T19:37:30+00:00,1.49,3.0531,2.2,2.2,2.2,0.3,2.2,4.6373
2026-04-11T19:40:00+00:00,2.05,3.1244,2.2,2.2,2.2,0.42,7.1,4.8569
2026-04-11T19:42:30+00:00,2.51,3.2029,2.2,2.2,2.2,0.56,10.78,5.0765
2026-04-11T19:45:00+00:00,3.1,3.2874,2.2,2.2,2.2,0.58,14.07,5.2954
2026-04-11T19:47:30+00:00,3.41,3.377,2.34,3.01,2.2,0.71,14.38,5.5131
2026-04-11T19:50:00+00:00,3.69,3.4708,2.64,4.42,2.2,0.77,14.0,5.7291
2026-04-11T19:52:30+00:00,3.84,3.5681,3.02,4.85,2.2,0.88,12.65,5.9431
2026-04-11T19:55:00+00:00,4.05,3.6683,2.77,4.55,2.2,0.9,11.69,6.1546
2026-04-11T19:57:30+00:00,4.08,3.771,2.93,4.79,2.2,0.9,9.65,6.3634
2026-04-11T20:00:00+00:00,4.22,3.9841,2.77,4.17,2.2,0.92,8.63,6.5691
2026-04-11T20:02:30+00:00,4.08,4.2001,2.5,3.76,2.2,0.98,6.21,6.7716
2026-04-11T20:05:00+00:00,3.87,4.4181,2.28,2.72,2.2,0.98,3.65,6.9705
2026-04-11T20:07:30+00:00,3.75,4.6373,2.2,2.2,2.2,1.01,2.36,7.1656
2026-04-11T20:10:00+00:00,4.1,4.8569,2.2,2.2,2.2,0.92,4.56,7.357
2026-04-11T20:12:30+00:00,4.26,5.0765,2.34,3.08,2.2,0.96,5.13,7.5442
2026-04-11T20:15:00+00:00,4.22,5.2954,2.26,2.51,2.2,1.0,4.29,7.7274
2026-04-11T20:17:30+00:00,4.19,5.5131,2.25,2.43,2.2,1.03,3.72,7.9064
2026-04-11T20:20:00+00:00,4.32,5.7291,2.32,2.8,2.2,1.03,4.49,8.081
2026-04-11T20:22:30+00:00,4.52,5.9431,2.34,3.03,2.2,1.09,5.56,8.2513
2026-04-11T20:25:00+00:00,5.16,6.1546,2.45,3.47,2.2,1.06,9.2,8.4173
2026-04-11T20:27:30+00:00,5.82,6.3634,3.98,6.08,2.2,0.97,12.27,8.5788
2026-04-11T20:30:00+00:00,6.41,6.5691,5.96,8.08,4.05,1.16,14.14,8.7356
2026-04-11T20:32:30+00:00,6.65,6.7716,6.9,7.94,5.6,1.26,13.29,8.8879
2026-04-11T20:35:00+00:00,6.68,6.9705,7.73,9.4,5.79,1.22,11.18,9.0356
2026-04-11T20:37:30+00:00,6.66,7.1656,5.97,8.08,4.09,1.15,9.34,9.1788
2026-04-11T20:40:00+00:00,6.34,7.357,5.74,8.23,4.03,1.02,5.79,9.3174
2026-04-11T20:42:30+00:00,5.93,7.5442,4.12,5.5,2.49,1.22,2.5,9.4516
2026-04-11T20:45:00+00:00,6.0,7.7274,3.03,4.12,2.2,1.42,3.28,9.5813
2026-04-11T20:47:30+00:00,6.23,7.9064,3.22,4.63,2.2,1.41,5.09,9.7067
2026-04-11T20:50:00+00:00,6.45,8.081,3.44,5.59,2.2,1.33,6.54,9.8278
2026-04-11T20:52:30+00:00,6.75,8.2513,4.08,6.01,2.41,1.24,8.31,9.9447
2026-04-11T20:55:00+00:00,7.1,8.4173,5.22,7.16,3.05,1.06,10.09,10.0574
2026-04-11T20:57:30+00:00,7.58,8.5788,6.74,8.33,5.08,0.9,12.15,10.1659
2026-04-11T21:00:00+00:00,8.01,8.7356,8.29,10.03,6.12,1.0,13.5,10.2702
2026-04-11T21:02:30+00:00,8.23,8.8879,9.16,11.0,6.81,1.05,13.19,10.3704
2026-04-11T21:05:00+00:00,8.38,9.0356,8.94,10.47,6.92,0.99,12.45,10.4665
2026-04-11T21:07:30+00:00,8.55,9.1788,8.53,9.9,7.35,0.86,11.95,10.5587
2026-04-11T21:10:00+00:00,8.63,9.3174,9.35,10.96,6.91,0.89,11.19,10.6471
2026-04-11T21:12:30+00:00,8.99,9.4516,8.84,10.63,7.25,0.86,12.17,10.7317
2026-04-11T21:15:00+00:00,9.56,9.5813,9.85,11.39,8.05,0.86,14.52,10.8127
2026-04-11T21:17:30+00:00,9.7,9.7067,11.57,12.81,10.5,1.21,13.56,10.8901
2026-04-11T21:20:00+00:00,9.68,9.8278,11.02,12.55,8.88,0.97,11.88,10.9641
2026-04-11T21:22:30+00:00,9.4,9.9447,9.94,11.14,8.5,0.76,8.81,11.0348
2026-04-11T21:25:00+00:00,9.13,10.0574,7.95,8.97,6.89,0.9,6.48,11.1021
2026-04-11T21:27:30+00:00,8.94,10.1659,7.18,8.36,5.81,1.04,5.38,11.1664
2026-04-11T21:30:00+00:00,9.14,10.2702,6.83,8.55,5.47,1.08,7.29,11.2275
2026-04-11T21:32:30+00:00,9.26,10.3704,7.7,9.16,6.3,0.85,8.31,11.2857
2026-04-11T21:35:00+00:00,9.49,10.4665,8.26,10.29,6.47,0.76,9.93,11.341
2026-04-11T21:37:30+00:00,9.76,10.5587,9.26,11.31,7.5,0.65,11.52,11.3935
2026-04-11T21:40:00+00:00,10.04,10.6471,10.41,11.95,8.21,0.76,12.86,11.4433
2026-04-11T21:42:30+00:00,10.23,10.7317,11.01,12.43,9.31,0.83,13.23,11.4905
2026-04-11T21:45:00+00:00,10.83,10.8127,11.49,12.94,9.4,0.91,16.1,11.5352
2026-04-11T21:47:30+00:00,11.25,10.8901,12.99,14.46,11.79,1.24,17.23,11.5775
2026-04-11T21:50:00+00:00,11.31,10.9641,13.26,15.05,11.5,1.25,15.7,11.6174
2026-04-11T21:52:30+00:00,11.38,11.0348,12.95,14.4,11.9,1.09,14.69,11.655
2026-04-11T21:55:00+00:00,11.28,11.1021,12.6,14.22,11.4,0.98,12.63,11.6905
2026-04-11T21:57:30+00:00,10.96,11.1664,11.79,12.85,10.64,0.82,9.58,11.7238
2026-04-11T22:00:00+00:00,10.82,11.2275,10.13,11.5,9.08,0.64,8.49,11.7551
2026-04-11T22:02:30+00:00,10.74,11.2857,9.77,11.34,8.14,0.6,8.18,11.7844
2026-04-11T22:05:00+00:00,10.73,11.341,9.54,10.66,8.58,0.59,8.45,11.8119
2026-04-11T22:07:30+00:00,10.6,11.3935,9.44,10.22,8.03,0.6,8.0,11.8375
2026-04-11T22:10:00+00:00,10.75,11.4433,9.25,10.29,8.14,0.6,9.62,11.8614
2026-04-11T22:12:30+00:00,11.12,11.4905,9.8,11.46,8.56,0.55,12.35,11.8836
2026-04-11T22:15:00+00:00,11.32,11.5352,11.58,12.87,10.35,0.76,13.39,11.9042
2026-04-11T22:17:30+00:00,11.82,11.5775,12.17,13.18,11.18,0.89,16.05,11.9232
2026-04-11T22:20:00+00:00,11.93,11.6174,13.41,14.6,12.32,1.21,15.76,11.9408
2026-04-11T22:22:30+00:00,11.84,11.655,13.43,14.59,12.31,1.17,13.97,11.9569
2026-04-11T22:25:00+00:00,12.04,11.6905,12.86,14.15,11.7,0.95,14.5,11.9716
2026-04-11T22:27:30+00:00,12.18,11.7238,13.24,14.38,11.74,1.04,14.55,11.985
2026-04-11T22:30:00+00:00,12.16,11.7551,13.35,14.26,12.22,1.0,13.47,11.8959
2026-04-11T22:32:30+00:00,12.16,11.7844,12.81,13.96,11.7,0.84,12.79,11.809
2026-04-11T22:35:00+00:00,12.17,11.8119,15.17,16.22,14.1,0.77,12.4,11.7245
2026-04-11T22:37:30+00:00,12.08,11.8375,14.82,15.94,13.76,0.68,11.47,11.6421
2026-04-11T22:40:00+00:00,12.24,11.8614,14.1,15.27,13.34,0.54,12.4,11.5619
2026-04-11T22:42:30+00:00,12.14,11.8836,14.82,15.58,13.68,0.69,11.54,11.4839
2026-04-11T22:45:00+00:00,11.76,11.9042,14.12,15.38,13.08,0.56,8.96,11.4732
2026-04-11T22:47:30+00:00,11.49,11.9232,12.54,13.61,11.66,0.53,7.69,11.4626
2026-04-11T22:50:00+00:00,11.06,11.9408,9.82,9.82,9.82,0.68,5.97,11.452
2026-04-11T22:52:30+00:00,11.09,11.9569,8.64,8.64,8.64,0.93,7.4,11.4414
2026-04-11T22:55:00+00:00,11.3,11.9716,9.25,9.25,9.25,0.77,9.92,11.4309
2026-04-11T22:57:30+00:00,11.44,11.985,10.41,10.41,10.41,0.57,11.54,11.4204
2026-04-11T23:00:00+00:00,11.35,11.8959,11.21,11.21,11.21,0.71,11.13,11.4099
2026-04-11T23:02:30+00:00,11.27,11.809,11.01,11.01,11.01,0.6,10.9,11.3995
2026-04-11T23:05:00+00:00,11.02,11.7245,10.89,10.89,10.89,0.61,9.57,11.3891
2026-04-11T23:07:30+00:00,10.83,11.6421,10.18,10.18,10.18,0.63,8.83,11.3787
2026-04-11T23:10:00+00:00,10.7,11.5619,9.73,9.73,9.73,0.62,8.71,11.3683
2026-04-11T23:12:30+00:00,10.87,11.4839,9.58,9.58,9.58,0.6,10.55,11.358
2026-04-11T23:15:00+00:00,11.09,11.4732,10.47,10.47,10.47,0.12,12.35,11.3478
2026-04-11T23:17:30+00:00,11.17,11.4626,11.41,11.41,11.41,0.27,12.76,11.3375
2026-04-11T23:20:00+00:00,10.97,11.452,11.69,11.69,11.69,0.36,11.22,11.3273
2026-04-11T23:22:30+00:00,11.2,11.4414,10.96,10.96,10.96,0.16,12.75,11.3171
2026-04-11T23:25:00+00:00,10.93,11.4309,11.78,11.78,11.78,0.38,10.62,11.307
2026-04-11T23:27:30+00:00,10.91,11.4204,10.73,10.73,10.73,0.12,10.62,11.2969
2026-04-11T23:30:00+00:00,10.87,11.4099,10.72,10.72,10.72,0.12,10.46,11.2868
2026-04-11T23:32:30+00:00,10.7,11.3995,10.62,10.62,10.62,0.11,9.47,11.2768
2026-04-11T23:35:00+00:00,10.81,11.3891,10.09,10.09,10.09,0.17,10.55,11.2668
2026-04-11T23:37:30+00:00,11.11,11.3787,10.6,10.6,10.6,0.12,12.69,11.2568
2026-04-11T23:40:00+00:00,11.24,11.3683,11.71,11.71,11.71,0.4,13.22,11.2468
2026-04-11T23:42:30+00:00,11.01,11.358,12.07,12.07,12.07,0.49,11.16,11.2369
2026-04-11T23:45:00+00:00,10.94,11.3478,11.07,11.07,11.07,0.2,10.62,11.227
2026-04-11T23:47:30+00:00,10.97,11.3375,10.79,10.79,10.79,0.14,10.86,11.2171
2026-04-11T23:50:00+00:00,10.77,11.3273,10.9,10.9,10.9,0.16,9.51,11.2073
2026-04-11T23:52:30+00:00,10.62,11.3171,10.19,10.19,10.19,0.16,8.8,11.1975
2026-04-11T23:55:00+00:00,10.42,11.307,9.75,9.75,9.75,0.25,7.99,11.1877
2026-04-11T23:57:30+00:00,10.25,11.2969,9.24,9.24,9.24,0.37,7.5,11.178
2026-04-12T00:00:00+00:00,10.22,11.2868,8.87,8.87,8.87,0.45,8.13,11.1683
2026-04-12T00:02:30+00:00,10.32,11.2768,9.08,9.08,9.08,0.35,9.53,11.1586
2026-04-12T00:05:00+00:00,10.39,11.2668,9.72,9.72,9.72,0.16,10.4,11.149
2026-04-12T00:07:30+00:00,10.54,11.2568,10.16,10.16,10.16,0.14,11.59,11.1394
2026-04-12T00:10:00+00:00,10.71,11.2468,10.79,10.79,10.79,0.29,12.65,11.1298
2026-04-12T00:12:30+00:00,11.17,11.2369,11.41,11.41,11.41,0.46,15.34,11.1202
2026-04-12T00:15:00+00:00,11.25,11.227,12.92,12.92,12.92,0.89,14.87,11.1107
2026-04-12T00:17:30+00:00,11.59,11.2171,12.87,12.87,12.87,0.84,15.98,11.1012
2026-04-12T00:20:00+00:00,11.59,11.2073,13.7,13.7,13.7,1.04,14.82,11.0917
2026-04-12T00:22:30+00:00,11.53,11.1975,13.2,13.2,13.2,0.84,13.29,11.0823
2026-04-12T00:25:00+00:00,11.27,11.1877,12.54,12.54,12.54,0.6,10.8,11.0729
2026-04-12T00:27:30+00:00,11.27,11.178,11.29,11.29,11.29,0.22,10.65,11.0635
2026-04-12T00:30:00+00:00,11.54,11.1683,11.18,11.18,11.18,0.18,12.3,11.0542
2026-04-12T00:32:30+00:00,11.51,11.1586,12.01,12.01,12.01,0.38,11.73,11.0449
2026-04-12T00:35:00+00:00,11.4,11.149,11.73,11.73,11.73,0.29,10.76,11.0356
2026-04-12T00:37:30+00:00,11.32,11.1394,11.22,11.22,11.22,0.17,10.19,11.0263
2026-04-12T00:40:00+00:00,11.01,11.1298,10.88,10.88,10.88,0.14,8.25,11.0171
2026-04-12T00:42:30+00:00,11.11,11.1202,9.8,9.8,9.8,0.36,9.57,11.0079
2026-04-12T00:45:00+00:00,10.97,11.1107,10.36,10.36,10.36,0.2,9.0,10.9987
2026-04-12T00:47:30+00:00,10.6,11.1012,9.99,9.99,9.99,0.28,7.11,10.9896
2026-04-12T00:50:00+00:00,10.29,11.0917,8.9,8.9,8.9,0.55,6.15,10.9805
2026-04-12T00:52:30+00:00,10.29,11.0823,8.16,8.16,8.16,0.73,7.27,10.9714
2026-04-12T00:55:00+00:00,10.54,11.0729,8.64,8.64,8.64,0.53,10.0,10.9623
2026-04-12T00:57:30+00:00,10.5,11.0635,9.95,9.95,9.95,0.16,10.21,10.9533
2026-04-12T01:00:00+00:00,10.6,11.0542,10.04,10.04,10.04,0.15,11.19,10.9443
2026-04-12T01:02:30+00:00,10.52,11.0449,10.56,10.56,10.56,0.22,10.8,10.9353
2026-04-12T01:05:00+00:00,10.68,11.0356,10.4,10.4,10.4,0.19,11.96,10.9264
2026-04-12T01:07:30+00:00,10.62,11.0263,11.02,11.02,11.02,0.35,11.38,10.9175
2026-04-12T01:10:00+00:00,10.43,11.0171,10.79,10.79,10.79,0.29,10.04,10.9086
2026-04-12T01:12:30+00:00,10.55,11.0079,10.12,10.12,10.12,0.15,11.03,10.8997
2026-04-12T01:15:00+00:00,10.67,10.9987,10.63,10.63,10.63,0.26,11.75,10.8909
2026-04-12T01:17:30+00:00,10.96,10.9896,11.03,11.03,11.03,0.36,13.45,10.8821
2026-04-12T01:20:00+00:00,10.47,10.9805,11.98,11.98,11.98,0.62,9.59,10.8733
2026-04-12T01:22:30+00:00,10.36,10.9714,10.06,10.06,10.06,0.15,9.02,10.8646
2026-04-12T01:25:00+00:00,10.5,10.9623,9.72,9.72,9.72,0.17,10.3,10.8559
2026-04-12T01:27:30+00:00,10.49,10.9533,10.32,10.32,10.32,0.18,10.24,10.8472
2026-04-12T01:30:00+00:00,10.63,10.9443,10.28,10.28,10.28,0.18,11.29,10.8385
2026-04-12T01:32:30+00:00,10.71,10.9353,10.83,10.83,10.83,0.3,11.65,10.8299
2026-04-12T01:35:00+00:00,10.73,10.9264,11.05,11.05,11.05,0.36,11.59,10.8213
2026-04-12T01:37:30+00:00,10.87,10.9175,11.06,11.06,11.06,0.35,12.28,10.8127
2026-04-12T01:40:00+00:00,11.1,10.9086,11.46,11.46,11.46,0.46,13.41,10.8041
2026-04-12T01:42:30+00:00,10.87,10.8997,12.12,12.12,12.12,0.63,11.18,10.7956
2026-04-12T01:45:00+00:00,10.53,10.8909,11.05,11.05,11.05,0.3,8.68,10.7871
2026-04-12T01:47:30+00:00,10.7,10.8821,9.74,9.74,9.74,0.21,10.21,10.7786
2026-04-12T01:50:00+00:00,10.54,10.8733,10.45,10.45,10.45,0.17,9.21,10.7702
2026-04-12T01:52:30+00:00,10.59,10.8646,9.9,9.9,9.9,0.17,9.81,10.7617
2026-04-12T01:55:00+00:00,10.52,10.8559,10.15,10.15,10.15,0.15,9.58,10.7533
2026-04-12T01:57:30+00:00,10.59,10.8472,10.0,10.0,10.0,0.15,10.34,10.745
2026-04-12T02:00:00+00:00,10.51,10.8385,10.35,10.35,10.35,0.17,9.9,10.7283
2026-04-12T02:02:30+00:00,10.15,10.8299,10.11,10.11,10.11,0.15,7.71,10.72
2026-04-12T02:05:00+00:00,10.14,10.8213,8.93,8.93,8.93,0.35,8.33,10.7117
2026-04-12T02:07:30+00:00,9.9,10.8127,9.15,9.15,9.15,0.27,7.29,10.7035
2026-04-12T02:10:00+00:00,10.09,10.8041,8.52,8.52,8.52,0.41,9.41,10.6953
2026-04-12T02:12:30+00:00,10.03,10.7956,9.52,9.52,9.52,0.16,9.38,10.6871
2026-04-12T02:15:00+00:00,9.9,10.7871,9.48,9.48,9.48,0.15,8.86,10.6789
2026-04-12T02:17:30+00:00,9.65,10.7786,9.19,9.19,9.19,0.18,7.67,10.6708
2026-04-12T02:20:00+00:00,9.46,10.7702,8.52,8.52,8.52,0.32,7.04,10.6627
2026-04-12T02:22:30+00:00,9.6,10.7617,8.1,8.1,8.1,0.4,8.83,10.6546
2026-04-12T02:25:00+00:00,10.06,10.7533,8.94,8.94,8.94,0.17,12.32,10.6466
2026-04-12T02:27:30+00:00,10.28,10.745,10.76,10.76,10.76,0.51,13.47,10.6385
2026-04-12T02:32:30+00:00,10.2,10.7283,11.59,11.59,11.59,0.72,11.51,10.6305
2026-04-12T02:35:00+00:00,10.43,10.72,10.74,10.74,10.74,0.44,12.65,10.6225
2026-04-12T02:37:30+00:00,10.53,10.7117,11.4,11.4,11.4,0.62,12.67,10.6146
2026-04-12T02:40:00+00:00,10.38,10.7035,11.5,11.5,11.5,0.62,11.04,10.6066
2026-04-12T02:42:30+00:00,10.46,10.6953,10.74,10.74,10.74,0.37,11.23,10.5987
2026-04-12T02:45:00+00:00,10.55,10.6871,10.86,10.86,10.86,0.39,11.45,10.5908
2026-04-12T02:47:30+00:00,10.36,10.6789,11.01,11.01,11.01,0.41,9.78,10.583
2026-04-12T02:50:00+00:00,9.89,10.6708,10.16,10.16,10.16,0.18,6.66,10.5752
2026-04-12T02:52:30+00:00,9.71,10.6627,8.48,8.48,8.48,0.42,6.14,10.5673
2026-04-12T02:55:00+00:00,9.66,10.6546,8.05,8.05,8.05,0.52,6.67,10.5596
2026-04-12T02:57:30+00:00,10.06,10.6466,8.17,8.17,8.17,0.45,10.23,10.5518
2026-04-12T03:00:00+00:00,10.27,10.6385,9.9,9.9,9.9,0.19,11.74,10.5441
2026-04-12T03:02:30+00:00,10.29,10.6305,10.71,10.71,10.71,0.4,11.62,10.5364
2026-04-12T03:05:00+00:00,10.31,10.6225,10.73,10.73,10.73,0.4,11.44,10.5287
2026-04-12T03:07:30+00:00,9.97,10.6146,10.7,10.7,10.7,0.38,8.95,10.521
2026-04-12T03:10:00+00:00,9.9,10.6066,9.44,9.44,9.44,0.15,8.72,10.5134
2026-04-12T03:12:30+00:00,9.81,10.5987,9.27,9.27,9.27,0.16,8.4,10.5057
2026-04-12T03:15:00+00:00,9.91,10.5908,9.05,9.05,9.05,0.19,9.49,10.4982
2026-04-12T03:17:30+00:00,10.09,10.583,9.56,9.56,9.56,0.15,10.9,10.4906
2026-04-12T03:20:00+00:00,10.23,10.5752,10.28,10.28,10.28,0.31,11.71,10.483
2026-04-12T03:22:30+00:00,10.32,10.5673,10.75,10.75,10.75,0.43,11.95,10.4755
2026-04-12T03:25:00+00:00,10.33,10.5596,10.95,10.95,10.95,0.47,11.63,10.468
2026-04-12T03:27:30+00:00,10.3,10.5518,10.85,10.85,10.85,0.43,11.03,10.4606
2026-04-12T03:30:00+00:00,10.11,10.5441,10.6,10.6,10.6,0.34,9.52,10.4531
2026-04-12T03:32:30+00:00,10.24,10.5364,9.83,9.83,9.83,0.16,10.44,10.4457
2026-04-12T03:35:00+00:00,10.11,10.5287,10.28,10.28,10.28,0.25,9.44,10.4383
2026-04-12T03:37:30+00:00,9.94,10.521,9.77,9.77,9.77,0.15,8.44,10.4309
2026-04-12T03:40:00+00:00,10.08,10.5134,9.2,9.2,9.2,0.18,9.76,10.4235
2026-04-12T03:42:30+00:00,9.87,10.5057,9.83,9.83,9.83,0.16,8.45,10.4162
2026-04-12T03:45:00+00:00,9.57,10.4982,9.12,9.12,9.12,0.19,6.81,10.4089
2026-04-12T03:47:30+00:00,9.5,10.4906,8.2,8.2,8.2,0.41,7.14,10.4016
2026-04-12T03:50:00+00:00,9.57,10.483,8.25,8.25,8.25,0.36,8.34,10.3944
2026-04-12T03:52:30+00:00,9.6,10.4755,8.77,8.77,8.77,0.2,9.04,10.3871
2026-04-12T03:55:00+00:00,9.64,10.468,9.09,9.09,9.09,0.14,9.59,10.3799
2026-04-12T03:57:30+00:00,10.02,10.4606,9.36,9.36,9.36,0.15,12.31,10.3727
2026-04-12T04:00:00+00:00,10.17,10.4531,10.8,10.8,10.8,0.53,12.88,10.3655
2026-04-12T04:02:30+00:00,9.97,10.4457,11.22,11.22,11.22,0.63,10.94,10.3584
2026-04-12T04:05:00+00:00,9.64,10.4383,10.32,10.32,10.32,0.35,8.44,10.3513
2026-04-12T04:07:30+00:00,9.3,10.4309,9.05,9.05,9.05,0.15,6.45,10.3441
2026-04-12T04:10:00+00:00,9.28,10.4235,7.94,7.94,7.94,0.41,7.02,10.3371
2026-04-12T04:12:30+00:00,9.36,10.4162,8.11,8.11,8.11,0.33,8.23,10.33
2026-04-12T04:15:00+00:00,9.58,10.4089,8.65,8.65,8.65,0.17,10.11,10.323
2026-04-12T04:17:30+00:00,9.73,10.4016,9.59,9.59,9.59,0.22,11.14,10.316
2026-04-12T04:20:00+00:00,9.97,10.3944,10.16,10.16,10.16,0.38,12.47,10.309
2026-04-12T04:22:30+00:00,10.21,10.3871,10.93,10.93,10.93,0.59,13.47,10.302
2026-04-12T04:25:00+00:00,10.45,10.3799,11.58,11.58,11.58,0.75,14.26,10.295
2026-04-12T04:27:30+00:00,10.48,10.3727,12.15,12.15,12.15,0.89,13.37,10.2881
2026-04-12T04:30:00+00:00,10.41,10.3655,11.85,11.85,11.85,0.75,11.95,10.2812
2026-04-12T04:32:30+00:00,10.06,10.3584,11.23,11.23,11.23,0.53,8.93,10.2743
2026-04-12T04:35:00+00:00,9.99,10.3513,9.69,9.69,9.69,0.12,8.54,10.2675
2026-04-12T04:37:30+00:00,10.0,10.3441,9.43,9.43,9.43,0.14,8.79,10.2606
2026-04-12T04:40:00+00:00,10.27,10.3371,9.48,9.48,9.48,0.13,10.78,10.2538
2026-04-12T04:42:30+00:00,10.37,10.33,10.47,10.47,10.47,0.28,11.24,10.247
2026-04-12T04:45:00+00:00,10.47,10.323,10.73,10.73,10.73,0.34,11.59,10.2402
2026-04-12T04:47:30+00:00,10.31,10.316,10.95,10.95,10.95,0.38,10.18,10.2335
2026-04-12T04:50:00+00:00,10.12,10.309,10.26,10.26,10.26,0.18,8.84,10.2267
2026-04-12T04:52:30+00:00,9.93,10.302,9.54,9.54,9.54,0.14,7.78,10.22
2026-04-12T04:55:00+00:00,10.17,10.295,8.92,8.92,8.92,0.28,9.88,10.2133
2026-04-12T04:57:30+00:00,10.4,10.2881,9.93,9.93,9.93,0.13,11.56,10.2067
2026-04-12T05:00:00+00:00,10.66,10.2812,10.8,10.8,10.8,0.34,13.0,10.2
2026-04-12T05:02:30+00:00,10.57,10.2743,11.61,11.61,11.61,0.56,11.81,10.1934
2026-04-12T05:05:00+00:00,10.34,10.2675,11.09,11.09,11.09,0.39,9.89,10.1802
2026-04-12T05:07:30+00:00,9.74,10.2606,10.14,10.14,10.14,0.13,5.91,10.1736
2026-04-12T05:10:00+00:00,9.33,10.2538,8.02,8.02,8.02,0.57,4.24,10.1671
2026-04-12T05:12:30+00:00,9.3,10.247,6.86,6.86,6.86,0.88,5.25,10.1605
2026-04-12T05:15:00+00:00,9.37,10.2402,7.25,7.25,7.25,0.71,6.95,10.154
2026-04-12T05:17:30+00:00,9.27,10.2335,7.96,7.96,7.96,0.45,7.17,10.1475
2026-04-12T05:20:00+00:00,9.0,10.2267,7.98,7.98,7.98,0.4,6.16,10.1411
2026-04-12T05:22:30+00:00,8.87,10.22,7.36,7.36,7.36,0.54,6.36,10.1346
2026-04-12T05:25:00+00:00,9.29,10.2133,7.35,7.35,7.35,0.5,10.19,10.1282
2026-04-12T05:27:30+00:00,9.4,10.2067,9.27,9.27,9.27,0.17,11.05,10.1218
2026-04-12T05:30:00+00:00,9.97,10.2,9.78,9.78,9.78,0.31,14.7,10.1154
2026-04-12T05:32:30+00:00,10.02,10.1934,11.79,11.79,11.79,0.91,14.03,10.1091
2026-04-12T05:37:30+00:00,10.54,10.1802,12.59,12.59,12.59,1.07,14.97,10.1027
2026-04-12T05:40:00+00:00,10.15,10.1736,12.67,12.67,12.67,1.03,11.16,10.0964
2026-04-12T05:42:30+00:00,9.85,10.1671,10.78,10.78,10.78,0.41,8.65,10.0901
2026-04-12T05:45:00+00:00,9.88,10.1605,9.49,9.49,9.49,0.09,8.82,10.0838
2026-04-12T05:47:30+00:00,10.07,10.154,9.51,9.51,9.51,0.09,10.17,10.0776
2026-04-12T05:50:00+00:00,10.54,10.1475,10.17,10.17,10.17,0.19,13.11,10.0713
2026-04-12T05:52:30+00:00,10.27,10.1411,11.71,11.71,11.71,0.63,10.51,10.0651
2026-04-12T05:55:00+00:00,9.86,10.1346,10.46,10.46,10.46,0.23,7.54,10.0589
2026-04-12T05:57:30+00:00,9.5,10.1282,8.9,8.9,8.9,0.28,5.62,10.0465
2026-04-12T06:00:00+00:00,9.36,10.1218,7.75,7.75,7.75,0.57,5.54,10.0404
2026-04-12T06:02:30+00:00,9.63,10.1154,7.53,7.53,7.53,0.6,8.41,10.0281
2026-04-12T06:05:00+00:00,9.86,10.1091,8.86,8.86,8.86,0.19,10.35,10.0221
2026-04-12T06:07:30+00:00,9.92,10.1027,9.84,9.84,9.84,0.2,10.79,10.016
2026-04-12T06:10:00+00:00,9.59,10.0964,10.1,10.1,10.1,0.27,8.52,10.0099
2026-04-12T06:12:30+00:00,9.45,10.0901,8.95,8.95,8.95,0.15,7.88,10.0039
2026-04-12T06:15:00+00:00,9.37,10.0838,8.56,8.56,8.56,0.23,7.87,9.9979
2026-04-12T06:17:30+00:00,9.2,10.0776,8.49,8.49,8.49,0.23,7.26,9.9919
2026-04-12T06:20:00+00:00,8.86,10.0713,8.11,8.11,8.11,0.31,5.63,9.9859
2026-04-12T06:22:30+00:00,8.9,10.0651,7.17,7.17,7.17,0.55,6.91,9.9799
2026-04-12T06:25:00+00:00,9.16,10.0589,7.7,7.7,7.7,0.36,9.37,9.9739
2026-04-12T06:30:00+00:00,9.48,10.0465,9.89,9.89,9.89,0.38,11.51,9.968
2026-04-12T06:32:30+00:00,9.65,10.0404,10.16,10.16,10.16,0.45,12.27,9.962
2026-04-12T06:37:30+00:00,10.23,10.0281,12.33,12.33,12.33,1.05,14.21,9.9561
2026-04-12T06:40:00+00:00,10.3,10.0221,12.03,12.03,12.03,0.91,13.48,9.9501
2026-04-12T06:42:30+00:00,10.2,10.016,11.83,11.83,11.83,0.79,11.77,9.9442
2026-04-12T06:45:00+00:00,9.84,10.0099,11.06,11.06,11.06,0.52,8.69,9.9382
2026-04-12T06:47:30+00:00,9.63,10.0039,9.51,9.51,9.51,0.1,7.31,9.9323
2026-04-12T06:50:00+00:00,9.49,9.9979,8.71,8.71,8.71,0.26,6.75,9.9264
2026-04-12T06:52:30+00:00,8.99,9.9919,8.3,8.3,8.3,0.37,4.16,9.9205
2026-04-12T06:55:00+00:00,8.9,9.9859,6.72,6.72,6.72,0.81,4.63,9.9145
2026-04-12T06:57:30+00:00,9.1,9.9799,6.82,6.82,6.82,0.73,7.17,9.9086
2026-04-12T07:00:00+00:00,9.51,9.9739,7.96,7.96,7.96,0.35,10.58,9.9028
2026-04-12T07:02:30+00:00,10.06,9.968,9.68,9.68,9.68,0.22,14.21,9.8969
2026-04-12T07:05:00+00:00,10.43,9.962,11.65,11.65,11.65,0.8,15.64,9.891
2026-04-12T07:07:30+00:00,10.61,9.9561,12.7,12.7,12.7,1.08,15.5,9.8792
2026-04-12T07:10:00+00:00,10.78,9.9501,12.88,12.88,12.88,1.07,15.22,9.8734
2026-04-12T07:12:30+00:00,10.74,9.9442,12.95,12.95,12.95,1.03,13.71,9.8675
2026-04-12T07:15:00+00:00,10.43,9.9382,12.28,12.28,12.28,0.77,10.52,9.8617
2026-04-12T07:17:30+00:00,10.12,9.9323,10.72,10.72,10.72,0.26,8.05,9.8558
2026-04-12T07:20:00+00:00,9.93,9.9264,9.41,9.41,9.41,0.19,7.02,9.85
2026-04-12T07:22:30+00:00,9.94,9.9205,8.76,8.76,8.76,0.38,7.57,9.8442
2026-04-12T07:25:00+00:00,9.66,9.9145,8.9,8.9,8.9,0.32,6.23,9.8383
2026-04-12T07:27:30+00:00,9.4,9.9086,8.08,8.08,8.08,0.55,5.35,9.8325
2026-04-12T07:30:00+00:00,9.15,9.9028,7.46,7.46,7.46,0.7,4.91,9.8267
2026-04-12T07:32:30+00:00,9.27,9.8969,6.96,6.96,6.96,0.8,6.89,9.8209
2026-04-12T07:35:00+00:00,9.5,9.891,7.89,7.89,7.89,0.47,9.32,9.8151
2026-04-12T07:40:00+00:00,9.37,9.8792,8.91,8.91,8.91,0.12,9.11,9.8093
2026-04-12T07:42:30+00:00,9.14,9.8734,8.96,8.96,8.96,0.09,7.86,9.8036
2026-04-12T07:45:00+00:00,8.82,9.8675,8.3,8.3,8.3,0.25,6.27,9.7978
2026-04-12T07:47:30+00:00,8.62,9.8617,7.41,7.41,7.41,0.49,5.81,9.792
2026-04-12T07:50:00+00:00,8.58,9.8558,7.06,7.06,7.06,0.55,6.55,9.7863
2026-04-12T07:52:30+00:00,8.64,9.85,7.34,7.34,7.34,0.43,7.72,9.7805
2026-04-12T07:55:00+00:00,8.44,9.8442,7.87,7.87,7.87,0.23,6.96,9.7748
2026-04-12T07:57:30+00:00,8.47,9.8383,7.45,7.45,7.45,0.33,7.85,9.769
2026-04-12T08:00:00+00:00,8.74,9.8325,7.86,7.86,7.86,0.18,10.09,9.7633
2026-04-12T08:02:30+00:00,8.97,9.8267,9.02,9.02,9.02,0.21,11.53,9.7575
2026-04-12T08:05:00+00:00,8.87,9.8209,9.85,9.85,9.85,0.45,10.4,9.7518
2026-04-12T08:07:30+00:00,9.21,9.8151,9.39,9.39,9.39,0.3,12.39,9.7461
2026-04-12T08:10:00+00:00,9.13,9.8093,10.51,10.51,10.51,0.62,11.06,9.7404
2026-04-12T08:12:30+00:00,9.07,9.8036,9.96,9.96,9.96,0.43,10.09,9.7347
2026-04-12T08:15:00+00:00,8.87,9.7978,9.54,9.54,9.54,0.28,8.44,9.729
2026-04-12T08:17:30+00:00,8.88,9.792,8.72,8.72,8.72,0.05,8.51,9.7233
2026-04-12T08:20:00+00:00,8.88,9.7863,8.73,8.73,8.73,0.04,8.49,9.7176
2026-04-12T08:22:30+00:00,8.67,9.7805,8.7,8.7,8.7,0.04,7.14,9.712
2026-04-12T08:25:00+00:00,8.99,9.7748,7.97,7.97,7.97,0.23,9.65,9.7063
2026-04-12T08:27:30+00:00,9.39,9.769,9.22,9.22,9.22,0.16,12.11,9.7006
2026-04-12T08:30:00+00:00,9.64,9.7633,10.55,10.55,10.55,0.54,13.1,9.695
2026-04-12T08:32:30+00:00,9.55,9.7575,11.19,11.19,11.19,0.7,11.48,9.6893
2026-04-12T08:35:00+00:00,9.79,9.7518,10.5,10.5,10.5,0.45,12.44,9.6837
2026-04-12T08:37:30+00:00,9.81,9.7461,11.08,11.08,11.08,0.59,11.72,9.649
2026-04-12T08:40:00+00:00,9.66,9.7404,10.82,10.82,10.82,0.47,9.97,9.5472
2026-04-12T08:42:30+00:00,9.4,9.7347,9.98,9.98,9.98,0.19,7.89,9.2715
2026-04-12T08:45:00+00:00,8.79,9.729,8.88,8.88,8.88,0.17,3.97,8.6067
2026-04-12T08:47:30+00:00,8.8,9.7233,6.74,6.74,6.74,0.81,5.1,7.2543
2026-04-12T08:50:00+00:00,8.92,9.7176,7.11,7.11,7.11,0.66,6.89,5.1052
2026-04-12T08:52:30+00:00,9.23,9.712,7.88,7.88,7.88,0.39,9.54,4.4167
2026-04-12T08:55:00+00:00,9.6,9.7063,9.19,9.19,9.19,0.04,12.06,3.8183
2026-04-12T08:57:30+00:00,9.69,9.7006,10.54,10.54,10.54,0.43,12.19,3.4554
2026-04-12T09:00:00+00:00,9.61,9.695,10.72,10.72,10.72,0.46,11.03,3.2933
2026-04-12T09:02:30+00:00,9.58,9.6893,10.23,10.23,10.23,0.29,10.39,3.2543
2026-04-12T09:05:00+00:00,9.23,9.6837,2.2,2.2,2.2,2.16,7.78,3.2813
2026-04-12T09:07:30+00:00,8.96,9.649,2.2,2.2,2.2,1.95,6.23,3.342
2026-04-12T09:10:00+00:00,8.78,9.5472,2.2,2.2,2.2,1.89,5.75,3.42
2026-04-12T09:12:30+00:00,8.75,9.2715,2.2,2.2,2.2,1.79,6.38,3.5071
2026-04-12T09:15:00+00:00,8.7,8.6067,2.2,2.2,2.2,1.8,6.71,3.5994
2026-04-12T09:17:30+00:00,8.42,7.2543,2.2,2.2,2.2,1.83,5.56,3.6946
2026-04-12T09:20:00+00:00,7.93,5.1052,2.47,3.28,2.2,2.42,3.4,3.7917
2026-04-12T09:22:30+00:00,7.37,4.4167,2.2,2.2,2.2,2.65,2.2,3.9922
2026-04-12T09:25:00+00:00,6.04,3.8183,2.2,2.2,2.2,2.52,2.2,4.1939
2026-04-12T09:27:30+00:00,4.71,3.4554,2.2,2.2,2.2,2.13,2.2,4.396
2026-04-12T09:30:00+00:00,3.5,3.2933,2.2,2.2,2.2,1.55,2.2,4.5976
2026-04-12T09:32:30+00:00,2.4,3.2543,2.2,2.2,2.2,1.0,2.2,4.7984
2026-04-12T09:35:00+00:00,1.93,3.2813,2.2,2.2,2.2,0.63,2.2,4.9977
2026-04-12T09:37:30+00:00,1.68,3.342,2.2,2.2,2.2,0.48,2.2,5.1951
2026-04-12T09:40:00+00:00,1.63,3.42,2.2,2.2,2.2,0.42,2.2,5.3903
2026-04-12T09:42:30+00:00,1.74,3.5071,2.2,2.2,2.2,0.47,2.2,5.5828
2026-04-12T09:45:00+00:00,2.05,3.5994,2.2,2.2,2.2,0.49,3.92,5.9586
2026-04-12T09:47:30+00:00,2.5,3.6946,2.2,2.2,2.2,0.47,8.11,6.1414
2026-04-12T09:50:00+00:00,2.98,3.7917,2.22,2.27,2.2,0.63,11.06,6.3205
2026-04-12T09:52:30+00:00,3.7,3.9922,2.65,3.51,2.2,0.69,14.61,6.4958
2026-04-12T09:55:00+00:00,3.99,4.1939,4.17,6.44,2.2,1.01,14.34,6.6671
2026-04-12T09:57:30+00:00,3.63,4.396,6.15,7.87,4.33,1.36,9.55,6.8343
2026-04-12T10:00:00+00:00,3.8,4.5976,2.88,5.42,2.2,0.78,9.04,6.9973
2026-04-12T10:02:30+00:00,3.9,4.7984,3.57,5.59,2.23,0.85,8.1,7.156
2026-04-12T10:05:00+00:00,4.22,4.9977,2.62,3.86,2.2,0.89,8.74,7.3104
2026-04-12T10:07:30+00:00,4.24,5.1951,3.51,4.77,2.2,0.91,7.44,7.4603
2026-04-12T10:10:00+00:00,4.37,5.3903,3.74,5.83,2.2,0.8,7.01,7.6059
2026-04-12T10:12:30+00:00,4.88,5.5828,3.24,5.17,2.2,0.89,9.07,7.7471
2026-04-12T10:17:30+00:00,5.39,5.9586,5.21,6.76,3.64,1.09,9.14,7.8838
2026-04-12T10:20:00+00:00,5.35,6.1414,5.05,7.47,3.14,0.98,7.45,8.0162
2026-04-12T10:22:30+00:00,5.24,6.3205,4.23,5.63,3.25,1.0,5.58,8.1442
2026-04-12T10:25:00+00:00,5.31,6.4958,4.43,6.29,2.2,0.89,5.39,8.2679
2026-04-12T10:27:30+00:00,5.26,6.6671,4.01,5.69,2.43,1.03,4.45,8.3873
2026-04-12T10:30:00+00:00,5.21,6.8343,3.87,5.69,2.2,0.94,3.92,8.5024
2026-04-12T10:32:30+00:00,5.62,6.9973,3.79,5.39,2.2,1.12,6.61,8.6133
2026-04-12T10:35:00+00:00,6.07,7.156,4.82,6.8,2.84,0.98,9.1,8.72
2026-04-12T10:37:30+00:00,6.48,7.3104,6.59,8.08,4.98,0.98,10.61,8.8225
2026-04-12T10:40:00+00:00,6.52,7.4603,7.59,9.54,6.17,0.96,9.61,8.921
2026-04-12T10:42:30+00:00,7.02,7.6059,6.58,7.97,4.92,0.88,11.6,9.0154
2026-04-12T10:45:00+00:00,7.3,7.7471,8.74,10.27,6.52,0.99,11.8,9.106
2026-04-12T10:47:30+00:00,7.21,7.8838,9.03,10.29,6.8,1.0,9.75,9.1927
2026-04-12T10:50:00+00:00,7.16,8.0162,7.69,9.85,5.92,0.86,8.21,9.2757
2026-04-12T10:52:30+00:00,7.48,8.1442,6.95,9.05,4.8,0.73,9.54,9.3551
2026-04-12T10:55:00+00:00,7.99,8.2679,8.45,9.56,6.96,0.75,11.76,9.4309
2026-04-12T10:57:30+00:00,8.12,8.3873,9.38,10.95,8.05,0.84,11.25,9.5033
2026-04-12T11:00:00+00:00,7.96,8.5024,9.63,11.62,7.13,0.82,8.87,9.5724
2026-04-12T11:02:30+00:00,7.78,8.6133,8.33,9.86,6.68,0.69,6.93,9.6382
2026-04-12T11:05:00+00:00,8.16,8.72,7.64,9.24,6.2,0.76,9.17,9.7009
2026-04-12T11:07:30+00:00,8.5,8.8225,8.25,9.49,6.66,0.71,10.83,9.7605
2026-04-12T11:10:00+00:00,8.72,8.921,9.78,11.64,8.02,0.76,11.32,9.8171
2026-04-12T11:12:30+00:00,8.67,9.0154,9.87,11.47,8.11,0.71,9.93,9.8709
2026-04-12T11:15:00+00:00,8.77,9.106,9.58,11.26,7.56,0.68,9.89,9.9219
2026-04-12T11:17:30+00:00,8.43,9.1927,9.18,11.28,7.59,0.63,6.92,9.9702
2026-04-12T11:20:00+00:00,8.43,9.2757,7.72,9.74,5.28,0.75,6.98,10.0159
2026-04-12T11:22:30+00:00,8.49,9.3551,7.75,10.1,5.82,0.74,7.47,10.0591
2026-04-12T11:25:00+00:00,8.12,9.4309,8.2,10.02,6.27,0.68,5.08,10.0997
2026-04-12T11:27:30+00:00,8.06,9.5033,6.8,8.92,5.12,0.93,5.32,10.138
2026-04-12T11:30:00+00:00,8.26,9.5724,6.97,8.31,5.51,0.85,7.33,10.1374
2026-04-12T11:32:30+00:00,7.95,9.6382,7.29,9.32,5.77,0.74,5.57,10.1356
2026-04-12T11:35:00+00:00,7.58,9.7009,7.18,8.62,5.73,0.75,3.78,10.1326
2026-04-12T11:37:30+00:00,7.9,9.7605,5.4,7.37,3.6,1.19,6.97,10.1286
2026-04-12T11:40:00+00:00,8.21,9.8171,7.21,8.95,6.07,0.7,9.5,10.1235
2026-04-12T11:42:30+00:00,8.65,9.8709,8.72,9.92,6.93,0.56,12.3,10.1175
2026-04-12T11:45:00+00:00,8.7,9.9219,10.25,11.72,8.47,0.74,11.83,10.1105
2026-04-12T11:47:30+00:00,8.91,9.9702,10.26,11.76,9.06,0.75,12.5,10.1028
2026-04-12T11:50:00+00:00,9.18,10.0159,11.32,12.73,9.9,1.02,13.29,10.0943
2026-04-12T11:52:30+00:00,8.92,10.0591,11.0,12.52,9.78,0.86,10.37,10.0851
2026-04-12T11:55:00+00:00,8.93,10.0997,9.66,11.54,8.18,0.62,9.78,10.0752
2026-04-12T11:57:30+00:00,8.74,10.138,9.87,11.14,8.55,0.65,8.06,10.0647
2026-04-12T12:00:00+00:00,8.6,10.1374,8.74,10.29,7.29,0.43,7.07,10.0537
2026-04-12T12:02:30+00:00,8.8,10.1356,8.15,9.67,7.12,0.47,8.63,10.0421
2026-04-12T12:05:00+00:00,8.84,10.1326,9.08,10.27,8.02,0.44,8.79,10.0301
2026-04-12T12:07:30+00:00,9.29,10.1286,9.23,10.44,7.94,0.46,11.74,10.0177
2026-04-12T12:10:00+00:00,9.86,10.1235,10.79,11.9,9.66,0.77,14.61,10.0048
2026-04-12T12:12:30+00:00,9.77,10.1175,12.09,12.98,11.03,1.09,12.83,9.9916
2026-04-12T12:15:00+00:00,9.88,10.1105,11.66,12.78,10.39,0.92,12.51,9.9781
2026-04-12T12:17:30+00:00,9.9,10.1028,11.69,12.86,10.36,0.89,11.64,9.9642
2026-04-12T12:20:00+00:00,9.95,10.0943,10.88,11.83,10.08,0.62,11.19,9.9501
2026-04-12T12:22:30+00:00,9.81,10.0851,10.82,12.14,9.94,0.61,9.59,9.9357
2026-04-12T12:25:00+00:00,9.97,10.0752,10.63,11.56,9.31,0.52,10.42,9.9212
2026-04-12T12:27:30+00:00,9.93,10.0647,10.28,10.96,9.55,0.46,9.78,9.9064
2026-04-12T12:30:00+00:00,9.77,10.0537,10.32,11.28,9.21,0.46,8.48,9.8914
2026-04-12T12:32:30+00:00,9.59,10.0421,9.67,10.51,8.81,0.4,7.43,9.8763
2026-04-12T12:35:00+00:00,9.6,10.0301,8.71,9.62,7.99,0.48,7.91,9.8611
2026-04-12T12:37:30+00:00,9.41,10.0177,9.13,9.98,8.47,0.43,7.02,9.7786
2026-04-12T12:40:00+00:00,9.26,10.0048,10.57,11.34,9.52,0.52,6.61,9.6982
2026-04-12T12:42:30+00:00,9.13,9.9916,9.81,10.96,9.05,0.59,6.48,9.6199
2026-04-12T12:45:00+00:00,8.91,9.9781,9.65,10.47,8.75,0.61,5.83,9.5437
2026-04-12T12:47:30+00:00,8.94,9.9642,8.96,9.91,8.43,0.71,6.96,9.4695
2026-04-12T12:50:00+00:00,8.9,9.9501,9.74,10.61,8.96,0.58,7.44,9.3972
2026-04-12T12:52:30+00:00,9.1,9.9357,9.9,10.57,9.18,0.55,9.4,9.3918
2026-04-12T12:55:00+00:00,9.1,9.9212,9.04,9.04,9.04,0.45,9.6,9.3865
2026-04-12T12:57:30+00:00,9.41,9.9064,9.17,9.17,9.17,0.45,11.75,9.3812
2026-04-12T13:00:00+00:00,9.37,9.8914,10.34,10.34,10.34,0.53,11.1,9.3466
2026-04-12T13:02:30+00:00,9.55,9.8763,10.11,10.11,10.11,0.49,11.92,9.2616
2026-04-12T13:05:00+00:00,9.73,9.8611,10.63,10.63,10.63,0.59,12.52,9.0324
2026-04-12T13:07:30+00:00,9.72,9.7786,11.06,11.06,11.06,0.59,11.74,8.4805
2026-04-12T13:10:00+00:00,9.41,9.6982,10.77,10.77,10.77,0.42,8.99,7.3585
2026-04-12T13:12:30+00:00,9.33,9.6199,9.42,9.42,9.42,0.38,8.41,5.5757
2026-04-12T13:15:00+00:00,8.96,9.5437,9.09,9.09,9.09,0.46,6.07,4.4301
2026-04-12T13:17:30+00:00,8.84,9.4695,7.81,7.81,7.81,0.72,5.96,3.9302
2026-04-12T13:20:00+00:00,8.48,9.3972,7.61,7.61,7.61,0.7,4.25,3.6258
2026-04-12T13:22:30+00:00,7.88,9.3918,6.58,6.58,6.58,0.97,2.2,3.4882
2026-04-12T13:25:00+00:00,8.03,9.3865,4.9,4.9,4.9,1.42,4.33,3.4528
2026-04-12T13:27:30+00:00,7.89,9.3812,6.14,6.14,6.14,0.97,4.65,3.4724
2026-04-12T13:32:30+00:00,8.17,9.3466,2.2,2.2,2.2,1.56,8.7,3.5202
2026-04-12T13:35:00+00:00,8.82,9.2616,2.2,2.2,2.2,1.7,13.33,3.5824
2026-04-12T13:37:30+00:00,8.98,9.0324,2.2,2.2,2.2,2.03,13.58,3.6524
2026-04-12T13:40:00+00:00,8.92,8.4805,2.2,2.2,2.2,2.12,12.2,3.7268
2026-04-12T13:42:30+00:00,8.65,7.3585,2.2,2.2,2.2,2.12,9.57,3.8038
2026-04-12T13:45:00+00:00,8.03,5.5757,2.57,3.93,2.2,2.43,5.12,3.9654
2026-04-12T13:47:30+00:00,7.07,4.4301,2.2,2.2,2.2,2.63,2.2,4.129
2026-04-12T13:50:00+00:00,5.63,3.9302,2.2,2.2,2.2,2.36,2.2,4.2939
2026-04-12T13:52:30+00:00,4.17,3.6258,2.2,2.2,2.2,1.69,2.2,4.4592
2026-04-12T13:55:00+00:00,2.97,3.4882,2.2,2.2,2.2,1.27,2.2,4.6245
2026-04-12T13:57:30+00:00,2.07,3.4528,2.2,2.2,2.2,0.89,2.2,4.7892
2026-04-12T14:00:00+00:00,1.69,3.4724,2.2,2.2,2.2,0.59,2.2,4.9529
2026-04-12T14:02:30+00:00,1.55,3.5202,2.2,2.2,2.2,0.54,2.2,5.1151
2026-04-12T14:05:00+00:00,1.75,3.5824,2.2,2.2,2.2,0.47,2.2,5.2757
2026-04-12T14:07:30+00:00,2.21,3.6524,2.2,2.2,2.2,0.45,3.35,5.4341
2026-04-12T14:10:00+00:00,2.69,3.7268,2.2,2.2,2.2,0.66,8.02,5.5903
2026-04-12T14:12:30+00:00,2.97,3.8038,2.2,2.2,2.2,0.75,9.84,5.7439
2026-04-12T14:15:00+00:00,3.12,3.9654,2.2,2.2,2.2,0.85,10.12,5.8947
2026-04-12T14:17:30+00:00,3.22,4.129,2.2,2.2,2.2,0.86,9.75,6.0426
2026-04-12T14:20:00+00:00,3.32,4.2939,2.2,2.2,2.2,0.92,9.16,6.1874
2026-04-12T14:22:30+00:00,3.71,4.4592,2.2,2.22,2.2,0.95,10.39,6.329
2026-04-12T14:25:00+00:00,3.99,4.6245,2.48,3.13,2.2,1.05,10.51,6.602
2026-04-12T14:27:30+00:00,4.34,4.7892,2.37,3.17,2.2,1.08,10.97,6.7334
2026-04-12T14:30:00+00:00,4.51,4.9529,3.07,4.43,2.2,1.1,10.05,6.8612
2026-04-12T14:32:30+00:00,4.59,5.1151,2.72,3.32,2.2,1.17,8.65,6.9854
2026-04-12T14:35:00+00:00,4.48,5.2757,2.74,3.75,2.2,1.2,6.46,7.106
2026-04-12T14:37:30+00:00,4.9,5.4341,2.47,3.48,2.2,1.24,8.16,7.223
2026-04-12T14:40:00+00:00,5.08,5.5903,2.69,4.17,2.2,1.29,7.98,7.3364
2026-04-12T14:42:30+00:00,5.0,5.7439,3.04,4.08,2.2,1.3,6.12,7.4462
2026-04-12T14:45:00+00:00,4.83,5.8947,2.69,4.51,2.2,1.38,4.09,7.5524
2026-04-12T14:47:30+00:00,4.34,6.0426,2.24,2.37,2.2,1.46,2.2,7.655
2026-04-12T14:50:00+00:00,4.42,6.1874,2.2,2.2,2.2,1.36,2.2,9.5332
2026-04-12T14:52:30+00:00,4.77,6.329,2.2,2.2,2.2,1.45,4.37,10.8604
2026-04-12T14:57:30+00:00,5.44,6.602,2.5,3.31,2.2,1.44,8.3,11.7604
2026-04-12T15:00:00+00:00,5.89,6.7334,3.5,5.54,2.2,1.29,10.27,12.3339
2026-04-12T15:02:30+00:00,6.27,6.8612,4.52,6.96,2.79,1.29,11.43,12.6609
2026-04-12T15:05:00+00:00,6.38,6.9854,5.62,7.62,3.62,1.27,10.51,12.805
2026-04-12T15:07:30+00:00,6.6,7.106,5.83,7.36,4.31,1.22,10.5,12.8157
2026-04-12T15:10:00+00:00,7.4,7.223,6.29,8.49,4.39,1.18,14.2,12.7315
2026-04-12T15:12:30+00:00,7.56,7.3364,8.31,10.01,6.32,1.24,12.99,12.5825
2026-04-12T15:15:00+00:00,7.52,7.4462,7.99,9.67,5.96,1.21,10.74,12.3913
2026-04-12T15:17:30+00:00,7.09,7.5524,7.44,9.18,6.0,1.05,6.45,12.1754
2026-04-12T15:20:00+00:00,6.6,7.655,8.25,10.11,5.8,0.85,2.63,11.9478
2026-04-12T15:22:30+00:00,6.43,9.5332,7.12,8.63,5.3,0.92,2.2,11.7178
2026-04-12T15:25:00+00:00,6.59,10.8604,5.45,7.02,4.12,1.13,3.79,11.4924
2026-04-12T15:27:30+00:00,7.42,11.7604,5.68,7.53,4.39,1.05,9.86,11.2762
2026-04-12T15:30:00+00:00,8.56,12.3339,9.62,10.9,8.38,0.79,16.44,11.0724
2026-04-12T15:32:30+00:00,9.57,12.6609,12.8,14.14,11.68,1.46,20.83,10.883
2026-04-12T15:35:00+00:00,10.92,12.805,15.79,17.79,13.84,2.22,26.31,10.7088
2026-04-12T15:37:30+00:00,12.13,12.8157,18.69,20.06,17.33,2.89,29.56,10.5503
2026-04-12T15:40:00+00:00,13.11,12.7315,20.83,22.18,19.41,3.31,30.47,10.4072
2026-04-12T15:42:30+00:00,13.44,12.5825,22.77,24.1,20.71,3.66,26.84,10.279
2026-04-12T15:45:00+00:00,13.56,12.3913,20.89,23.09,18.56,2.81,22.55,10.1649
2026-04-12T15:47:30+00:00,13.44,12.1754,19.18,20.38,17.3,2.06,17.69,10.064
2026-04-12T15:50:00+00:00,12.9,11.9478,16.74,18.06,15.22,1.16,11.42,9.9754
2026-04-12T15:52:30+00:00,12.32,11.7178,13.8,15.13,12.16,0.5,6.24,9.898
2026-04-12T15:55:00+00:00,11.61,11.4924,10.55,12.11,8.88,1.13,2.2,9.8305
2026-04-12T15:57:30+00:00,11.12,11.2762,7.78,9.09,6.43,1.93,2.2,9.7721
2026-04-12T16:00:00+00:00,11.1,11.0724,5.83,7.09,4.21,2.48,2.31,9.7218
2026-04-12T16:02:30+00:00,11.2,10.883,7.08,8.1,5.78,2.01,4.97,9.6787
2026-04-12T16:05:00+00:00,11.31,10.7088,7.76,9.02,6.38,1.75,7.4,9.642
2026-04-12T16:07:30+00:00,11.08,10.5503,8.8,9.99,7.75,1.37,7.09,9.6108
2026-04-12T16:10:00+00:00,10.83,10.4072,8.59,9.65,7.59,1.37,6.83,9.5846
2026-04-12T16:12:30+00:00,10.63,10.279,7.94,9.51,6.75,1.5,6.9,9.5627
2026-04-12T16:15:00+00:00,10.5,10.1649,8.75,9.71,7.46,1.15,7.34,9.5444
2026-04-12T16:17:30+00:00,10.38,10.064,8.08,9.06,6.49,1.29,7.78,9.5293
2026-04-12T16:20:00+00:00,9.88,9.9754,7.89,9.14,6.68,1.29,5.82,9.5169
2026-04-12T16:22:30+00:00,9.64,9.898,7.11,8.47,5.73,1.38,5.76,9.5068
2026-04-12T16:25:00+00:00,9.5,9.8305,6.99,8.28,6.08,1.3,6.27,9.4987
2026-04-12T16:27:30+00:00,9.37,9.7721,7.24,8.61,5.83,1.15,6.77,9.4921
2026-04-12T16:30:00+00:00,9.26,9.7218,7.62,8.54,6.25,0.94,7.29,9.4869
2026-04-12T16:32:30+00:00,9.0,9.6787,7.73,8.78,6.25,0.85,6.64,9.4828
2026-04-12T16:35:00+00:00,9.01,9.642,6.96,8.6,5.67,1.02,7.91,9.4796
2026-04-12T16:37:30+00:00,8.99,9.6108,7.74,8.74,6.48,0.77,8.59,9.477
2026-04-12T16:40:00+00:00,9.1,9.5846,8.12,9.03,6.46,0.66,9.88,9.475
2026-04-12T16:42:30+00:00,9.34,9.5627,8.72,9.84,7.42,0.61,11.73,9.4734
2026-04-12T16:45:00+00:00,9.15,9.5444,9.88,10.8,8.78,0.67,10.18,9.472
2026-04-12T16:47:30+00:00,8.95,9.5293,9.41,10.61,8.4,0.52,8.85,9.4708
2026-04-12T16:50:00+00:00,8.77,9.5169,8.8,9.79,7.77,0.51,7.83,9.4697
2026-04-12T16:52:30+00:00,8.49,9.5068,8.09,8.89,7.06,0.55,6.4,9.4686
2026-04-12T16:55:00+00:00,8.19,9.4987,7.34,8.36,6.15,0.66,5.04,9.4675
2026-04-12T16:57:30+00:00,8.65,9.4921,6.53,7.35,5.43,0.79,9.13,9.4663
2026-04-12T17:00:00+00:00,8.71,9.4869,8.82,9.82,7.76,0.54,9.66,9.465
2026-04-12T17:02:30+00:00,8.59,9.4828,8.71,9.78,7.76,0.54,8.81,9.3939
2026-04-12T17:05:00+00:00,8.6,9.4796,10.89,11.91,9.86,0.49,8.97,9.3249
2026-04-12T17:07:30+00:00,8.56,9.477,10.61,11.82,9.81,0.49,8.76,9.258
2026-04-12T17:10:00+00:00,8.85,9.475,10.45,11.24,9.64,0.48,10.74,9.1929
2026-04-12T17:12:30+00:00,9.08,9.4734,11.79,12.66,11.26,0.61,11.87,9.1298
2026-04-12T17:15:00+00:00,9.54,9.472,12.07,13.26,11.35,0.69,14.09,9.0684
2026-04-12T17:17:30+00:00,9.52,9.4708,13.8,14.63,12.79,1.04,12.84,9.0624
2026-04-12T17:20:00+00:00,9.64,9.4697,11.28,11.29,11.27,0.81,12.59,9.0566
2026-04-12T17:22:30+00:00,9.69,9.4686,11.29,11.31,11.28,0.77,11.91,9.0509
2026-04-12T17:25:00+00:00,9.9,9.4675,11.05,11.07,11.05,0.66,12.44,9.0453
2026-04-12T17:27:30+00:00,9.44,9.4663,11.42,11.43,11.42,0.7,8.45,9.0398
2026-04-12T17:30:00+00:00,9.02,9.465,9.43,9.44,9.42,0.53,5.5,9.0343
2026-04-12T17:32:30+00:00,8.58,9.3939,7.81,7.82,7.81,0.78,3.42,9.029
2026-04-12T17:35:00+00:00,8.12,9.3249,6.45,6.46,6.45,1.14,2.2,9.0237
2026-04-12T17:37:30+00:00,8.02,9.258,5.2,5.21,5.2,1.44,2.67,9.0185
2026-04-12T17:40:00+00:00,8.27,9.1929,5.47,5.48,5.47,1.31,5.79,9.0134
2026-04-12T17:42:30+00:00,8.36,9.1298,6.97,6.98,6.97,0.8,7.39,9.0083
2026-04-12T17:45:00+00:00,8.35,9.0684,7.72,7.72,7.71,0.48,7.88,9.0032
2026-04-12T17:47:30+00:00,8.49,9.0624,7.94,7.95,7.94,0.38,9.3,8.9982
2026-04-12T17:50:00+00:00,8.4,9.0566,8.68,8.69,8.68,0.17,8.76,8.9932
2026-04-12T17:52:30+00:00,7.91,9.0509,8.45,8.45,8.45,0.21,5.61,8.9882
2026-04-12T17:55:00+00:00,7.99,9.0453,6.82,6.82,6.82,0.65,6.97,8.9832
2026-04-12T17:57:30+00:00,7.99,9.0398,7.43,7.44,7.43,0.43,7.48,8.9783
2026-04-12T18:00:00+00:00,8.05,9.0343,7.66,7.66,7.66,0.33,8.18,8.9734
2026-04-12T18:02:30+00:00,8.37,9.029,8.01,8.02,8.01,0.22,10.54,8.9685
2026-04-12T18:05:00+00:00,8.54,9.0237,9.27,9.28,9.27,0.24,11.27,8.9636
2026-04-12T18:07:30+00:00,8.73,9.0185,9.77,9.77,9.77,0.36,11.94,8.9587
2026-04-12T18:10:00+00:00,9.13,9.0134,10.25,10.25,10.25,0.48,13.59,8.9539
2026-04-12T18:12:30+00:00,9.38,9.0083,11.35,11.35,11.35,0.77,14.02,8.949
2026-04-12T18:15:00+00:00,9.54,9.0032,11.8,11.8,11.8,0.85,13.67,8.9442
2026-04-12T18:17:30+00:00,9.4,8.9982,11.82,11.82,11.82,0.79,11.47,8.9394
2026-04-12T18:20:00+00:00,9.47,8.9932,10.76,10.76,10.76,0.42,11.03,8.9346
2026-04-12T18:22:30+00:00,9.21,8.9882,10.61,10.61,10.61,0.33,8.49,8.9298
2026-04-12T18:25:00+00:00,9.03,8.9832,9.33,9.33,9.32,0.15,7.12,8.925
2026-04-12T18:27:30+00:00,8.6,8.9783,8.55,8.55,8.55,0.37,4.48,8.9202
2026-04-12T18:30:00+00:00,8.19,8.9734,7.06,7.06,7.06,0.81,2.74,8.9154
2026-04-12T18:32:30+00:00,8.09,8.9685,5.85,5.85,5.85,1.13,3.45,8.9107
2026-04-12T18:35:00+00:00,7.81,8.9636,5.96,5.96,5.96,1.04,2.96,8.9059
2026-04-12T18:37:30+00:00,7.87,8.9587,5.48,5.48,5.48,1.13,4.62,8.9012
2026-04-12T18:40:00+00:00,8.37,8.9539,6.23,6.23,6.22,0.84,9.18,8.8964
2026-04-12T18:42:30+00:00,8.78,8.949,8.49,8.49,8.49,0.14,12.06,8.8917
2026-04-12T18:45:00+00:00,9.24,8.9442,10.06,10.06,10.06,0.4,14.43,8.8869
2026-04-12T18:47:30+00:00,9.35,8.9394,11.56,11.56,11.56,0.83,13.94,8.8822
2026-04-12T18:50:00+00:00,9.2,8.9346,11.55,11.55,11.55,0.78,11.88,8.8775
2026-04-12T18:52:30+00:00,9.27,8.9298,10.6,10.6,10.6,0.45,11.5,8.8728
2026-04-12T18:55:00+00:00,9.48,8.925,10.52,10.52,10.52,0.39,12.13,8.8681
2026-04-12T18:57:30+00:00,9.3,8.9202,10.95,10.95,10.95,0.48,10.07,8.8634
2026-04-12T19:00:00+00:00,8.92,8.9154,9.97,9.97,9.97,0.17,7.03,8.8587
2026-04-12T19:02:30+00:00,8.44,8.9107,8.4,8.4,8.4,0.36,4.08,8.854
2026-04-12T19:05:00+00:00,8.42,8.9059,6.74,6.74,6.74,0.84,4.93,8.8493
2026-04-12T19:07:30+00:00,8.58,8.9012,6.98,6.98,6.98,0.74,6.87,8.8446
2026-04-12T19:10:00+00:00,8.59,8.8964,7.84,7.84,7.84,0.45,7.46,8.8399
2026-04-12T19:12:30+00:00,8.6,8.8917,8.08,8.08,8.08,0.35,7.89,8.8352
2026-04-12T19:15:00+00:00,8.49,8.8869,8.25,8.25,8.25,0.28,7.51,8.8306
2026-04-12T19:17:30+00:00,8.5,8.8822,8.02,8.02,8.02,0.33,7.94,8.8259
2026-04-12T19:20:00+00:00,8.35,8.8775,8.21,8.21,8.21,0.25,7.2,8.8213
2026-04-12T19:22:30+00:00,8.05,8.8728,7.8,7.8,7.8,0.36,5.63,8.8166
2026-04-12T19:25:00+00:00,7.9,8.8681,6.93,6.93,6.93,0.59,5.43,8.7831
2026-04-12T19:27:30+00:00,8.35,8.8634,6.71,6.71,6.71,0.62,9.2,8.6827
2026-04-12T19:30:00+00:00,8.52,8.8587,8.59,8.59,8.59,0.07,10.41,8.4094
2026-04-12T19:32:30+00:00,8.52,8.854,9.28,9.28,9.28,0.21,10.08,7.7487
2026-04-12T19:35:00+00:00,8.47,8.8493,9.2,9.2,9.2,0.19,9.47,6.4031
2026-04-12T19:37:30+00:00,8.4,8.8446,8.96,8.96,8.96,0.11,8.78,4.2643
2026-04-12T19:40:00+00:00,8.48,8.8399,8.64,8.64,8.64,0.07,9.24,3.5343
2026-04-12T19:42:30+00:00,8.57,8.8352,8.9,8.9,8.9,0.09,9.63,2.8976
2026-04-12T19:45:00+00:00,8.5,8.8306,9.14,9.14,9.14,0.15,8.87,2.5488
2026-04-12T19:47:30+00:00,8.43,8.8259,8.78,8.78,8.78,0.06,8.28,2.4029
2026-04-12T19:50:00+00:00,8.46,8.8213,8.49,8.49,8.49,0.1,8.46,2.3326
2026-04-12T19:52:30+00:00,8.48,8.8166,8.57,8.57,8.57,0.08,8.55,2.3308
2026-04-12T19:55:00+00:00,8.58,8.7831,2.2,2.2,2.2,1.61,9.15,2.3652
2026-04-12T19:57:30+00:00,8.68,8.6827,2.2,2.2,2.2,1.63,9.64,2.4193
2026-04-12T20:00:00+00:00,8.44,8.4094,2.2,2.2,2.2,1.72,7.73,2.4848
2026-04-12T20:02:30+00:00,8.45,7.7487,2.2,2.2,2.2,1.6,7.95,2.5576
2026-04-12T20:05:00+00:00,8.14,6.4031,2.2,2.2,2.2,1.6,5.98,2.6354
2026-04-12T20:07:30+00:00,7.74,4.2643,2.2,2.2,2.2,1.55,3.81,2.7169
2026-04-12T20:10:00+00:00,6.83,3.5343,2.2,2.2,2.2,2.4,2.2,2.8013
2026-04-12T20:12:30+00:00,5.35,2.8976,2.2,2.2,2.2,2.17,2.2,2.8879
2026-04-12T20:15:00+00:00,3.56,2.5488,2.2,2.2,2.2,1.39,2.2,2.9762
2026-04-12T20:17:30+00:00,2.38,2.4029,2.2,2.2,2.2,0.89,2.2,3.0658
2026-04-12T20:20:00+00:00,1.71,2.3326,2.2,2.2,2.2,0.57,2.2,3.1563
2026-04-12T20:22:30+00:00,1.43,2.3308,2.2,2.2,2.2,0.42,2.2,3.2473
2026-04-12T20:25:00+00:00,1.41,2.3652,2.2,2.2,2.2,0.32,2.2,3.3384
2026-04-12T20:27:30+00:00,1.56,2.4193,2.2,2.2,2.2,0.41,2.2,3.4296
2026-04-12T20:30:00+00:00,1.8,2.4848,2.2,2.2,2.2,0.38,2.51,3.5203
2026-04-12T20:32:30+00:00,2.07,2.5576,2.2,2.2,2.2,0.44,5.86,3.6106
2026-04-12T20:35:00+00:00,2.32,2.6354,2.2,2.2,2.2,0.53,8.04,3.7
2026-04-12T20:37:30+00:00,2.53,2.7169,2.2,2.2,2.2,0.63,8.98,3.7885
2026-04-12T20:40:00+00:00,2.68,2.8013,2.2,2.2,2.2,0.7,9.14,3.9675
2026-04-12T20:42:30+00:00,2.78,2.8879,2.2,2.2,2.2,0.58,8.64,4.1439
2026-04-12T20:45:00+00:00,2.82,2.9762,2.2,2.2,2.2,0.74,7.71,4.3176
2026-04-12T20:47:30+00:00,2.94,3.0658,2.2,2.2,2.2,0.71,7.32,4.4883
2026-04-12T20:50:00+00:00,3.18,3.1563,2.2,2.2,2.2,0.73,7.65,4.6558
2026-04-12T20:52:30+00:00,3.11,3.2473,2.2,2.2,2.2,0.83,6.01,4.82
2026-04-12T20:55:00+00:00,3.04,3.3384,2.2,2.2,2.2,0.78,4.49,4.9807
2026-04-12T20:57:30+00:00,3.05,3.4296,2.2,2.2,2.2,0.73,3.88,5.1377
2026-04-12T21:00:00+00:00,2.83,3.5203,2.2,2.2,2.2,0.81,2.2,5.2911
2026-04-12T21:02:30+00:00,2.85,3.6106,2.2,2.2,2.2,0.69,2.2,5.4407
2026-04-12T21:05:00+00:00,3.14,3.7,2.2,2.2,2.2,0.76,3.93,5.5865
2026-04-12T21:07:30+00:00,3.11,3.7885,2.2,2.2,2.2,0.8,3.32,5.7284
2026-04-12T21:10:00+00:00,3.02,3.9675,2.2,2.2,2.2,0.81,2.48,5.8664
2026-04-12T21:12:30+00:00,3.19,4.1439,2.2,2.2,2.2,0.72,3.65,6.0005
2026-04-12T21:15:00+00:00,3.01,4.3176,2.2,2.2,2.2,0.79,2.2,6.1307
2026-04-12T21:17:30+00:00,2.78,4.4883,2.2,2.2,2.2,0.8,2.2,6.2569
2026-04-12T21:20:00+00:00,3.19,4.6558,2.2,2.2,2.2,0.68,3.95,6.3792
2026-04-12T21:22:30+00:00,3.63,4.82,2.2,2.2,2.2,0.74,6.69,6.4977
2026-04-12T21:25:00+00:00,4.06,4.9807,2.21,2.26,2.2,0.9,8.58,6.6123
2026-04-12T21:27:30+00:00,4.4,5.1377,2.38,3.38,2.2,0.96,9.52,6.7231
2026-04-12T21:30:00+00:00,4.46,5.2911,2.85,4.45,2.2,0.98,8.36,6.8302
2026-04-12T21:32:30+00:00,4.57,5.4407,3.04,4.91,2.2,0.96,7.85,6.9335
2026-04-12T21:35:00+00:00,4.41,5.5865,2.69,4.1,2.2,1.02,5.54,7.0333
2026-04-12T21:37:30+00:00,4.39,5.7284,2.39,2.89,2.2,1.06,4.7,7.1294
2026-04-12T21:40:00+00:00,4.52,5.8664,2.36,3.08,2.2,1.05,5.08,7.222
2026-04-12T21:42:30+00:00,4.89,6.0005,2.27,2.52,2.2,1.13,7.04,7.3112
2026-04-12T21:45:00+00:00,4.94,6.1307,2.7,4.09,2.2,1.12,6.51,7.397
2026-04-12T21:47:30+00:00,5.07,6.2569,2.94,4.99,2.2,1.08,6.63,7.4795
2026-04-12T21:50:00+00:00,5.19,6.3792,3.45,5.36,2.2,1.03,6.72,7.5587
2026-04-12T21:52:30+00:00,5.54,6.4977,2.89,4.16,2.2,1.18,8.33,7.6348
2026-04-12T21:55:00+00:00,5.59,6.6123,4.11,5.34,2.38,1.09,7.61,7.7079
2026-04-12T21:57:30+00:00,5.97,6.7231,3.75,5.91,2.2,1.11,9.28,7.7779
2026-04-12T22:00:00+00:00,6.24,6.8302,5.04,7.11,2.83,1.01,9.87,7.845
2026-04-12T22:02:30+00:00,6.59,6.9335,5.74,7.98,4.09,1.01,10.73,7.9093
2026-04-12T22:05:00+00:00,6.93,7.0333,5.94,8.71,4.15,1.02,11.44,7.9708
2026-04-12T22:07:30+00:00,7.04,7.1294,6.82,8.27,5.6,1.0,10.5,8.0297
2026-04-12T22:10:00+00:00,7.1,7.222,7.36,8.66,5.62,0.97,9.54,8.0859
2026-04-12T22:12:30+00:00,7.04,7.3112,6.57,8.14,5.59,0.93,7.91,8.1396
2026-04-12T22:15:00+00:00,6.85,7.397,6.27,8.15,5.0,0.89,5.89,8.1909
2026-04-12T22:17:30+00:00,6.99,7.4795,4.9,6.56,2.8,1.11,6.57,8.2398
2026-04-12T22:20:00+00:00,7.27,7.5587,4.56,6.24,3.45,1.25,8.11,8.2864
2026-04-12T22:22:30+00:00,7.2,7.6348,6.23,7.31,4.47,0.9,7.12,8.3308
2026-04-12T22:25:00+00:00,6.9,7.7079,5.71,7.44,3.15,0.98,4.78,8.3731
2026-04-12T22:27:30+00:00,7.0,7.7779,4.35,6.25,2.2,1.24,5.71,8.4132
2026-04-12T22:30:00+00:00,7.21,7.845,5.38,6.93,3.7,1.01,7.31,8.4514
2026-04-12T22:32:30+00:00,7.55,7.9093,6.3,7.37,5.24,0.81,9.4,8.4876
2026-04-12T22:35:00+00:00,8.12,7.9708,7.34,9.12,5.87,0.79,12.51,8.5219
2026-04-12T22:37:30+00:00,8.49,8.0297,8.25,9.81,6.82,0.9,13.59,8.5543
2026-04-12T22:40:00+00:00,8.47,8.0859,9.52,11.57,8.17,1.0,12.06,8.585
2026-04-12T22:42:30+00:00,8.25,8.1396,8.93,10.29,7.32,0.88,9.35,8.6139
2026-04-12T22:45:00+00:00,8.09,8.1909,8.03,9.65,6.64,0.78,7.56,8.6413
2026-04-12T22:47:30+00:00,7.94,8.2398,6.96,8.69,5.44,0.81,6.3,8.667
2026-04-12T22:50:00+00:00,7.94,8.2864,6.29,7.17,5.12,0.87,6.46,8.6913
2026-04-12T22:52:30+00:00,7.95,8.3308,6.44,8.1,5.29,0.83,6.69,8.714
2026-04-12T22:55:00+00:00,7.9,8.3731,6.69,8.38,5.29,0.75,6.51,8.7354
2026-04-12T22:57:30+00:00,8.0,8.4132,6.53,7.76,5.22,0.76,7.45,8.7555
2026-04-12T23:00:00+00:00,8.08,8.4514,6.38,8.61,5.06,0.83,8.04,8.7742
2026-04-12T23:02:30+00:00,7.87,8.4876,7.2,8.18,6.05,0.74,6.64,8.7917
2026-04-12T23:05:00+00:00,7.78,8.5219,6.5,7.59,5.41,0.72,6.37,8.808
2026-04-12T23:07:30+00:00,7.89,8.5543,6.24,7.26,5.32,0.7,7.45,8.8232
2026-04-12T23:10:00+00:00,8.24,8.585,7.08,8.7,5.63,0.64,9.98,8.8373
2026-04-12T23:12:30+00:00,8.23,8.6139,8.08,9.4,6.96,0.76,9.48,8.8504
2026-04-12T23:15:00+00:00,8.52,8.6413,8.27,9.26,7.2,0.78,11.15,8.8624
2026-04-12T23:17:30+00:00,8.42,8.667,8.93,10.5,7.56,0.96,9.73,8.8735
2026-04-12T23:20:00+00:00,8.22,8.6913,8.55,9.83,7.52,0.77,8.0,8.8837
2026-04-12T23:22:30+00:00,8.14,8.714,7.94,8.92,6.58,0.67,7.35,8.8931
2026-04-12T23:25:00+00:00,7.9,8.7354,7.11,8.21,6.0,0.59,5.88,8.818
2026-04-12T23:27:30+00:00,7.67,8.7555,6.44,7.76,5.3,0.54,4.79,8.7449
2026-04-12T23:30:00+00:00,7.78,8.7742,8.93,9.92,8.15,0.57,6.26,8.6726
2026-04-12T23:32:30+00:00,8.02,8.7917,9.29,10.38,8.41,0.53,8.35,8.6021
2026-04-12T23:35:00+00:00,8.22,8.808,10.43,11.45,9.07,0.64,9.71,8.5336
2026-04-12T23:37:30+00:00,8.18,8.8232,10.88,11.35,10.12,0.74,9.16,8.4668
2026-04-12T23:40:00+00:00,7.98,8.8373,10.54,11.52,9.67,0.68,7.61,8.4626
2026-04-12T23:42:30+00:00,8.28,8.8504,10.06,10.99,8.93,0.62,9.68,8.4583
2026-04-12T23:45:00+00:00,8.39,8.8624,8.87,8.87,8.87,0.72,10.1,8.4541
2026-04-12T23:47:30+00:00,8.27,8.8735,9.16,9.16,9.16,0.79,8.79,8.4499
2026-04-12T23:50:00+00:00,8.23,8.8837,8.54,8.54,8.54,0.63,8.35,8.4456
2026-04-12T23:52:30+00:00,8.09,8.8931,8.33,8.33,8.33,0.59,7.28,8.4414
2026-04-12T23:55:00+00:00,7.78,8.818,7.76,7.76,7.76,0.58,5.35,8.4372
2026-04-12T23:57:30+00:00,7.61,8.7449,6.71,6.71,6.71,0.64,4.84,8.433
2026-04-13T00:00:00+00:00,7.38,8.6726,6.34,6.34,6.34,0.72,4.0,8.4288
2026-04-13T00:02:30+00:00,7.64,8.6021,5.77,5.77,5.77,0.81,6.71,8.4246
2026-04-13T00:05:00+00:00,7.85,8.5336,7.05,7.05,7.05,0.49,8.57,8.4204
2026-04-13T00:07:30+00:00,7.82,8.4668,7.99,7.99,7.99,0.4,8.34,8.4162
2026-04-13T00:10:00+00:00,7.88,8.4626,7.91,7.91,7.91,0.14,8.76,8.412
2026-04-13T00:12:30+00:00,7.75,8.4583,8.16,8.16,8.16,0.22,7.78,8.4078
2026-04-13T00:15:00+00:00,7.9,8.4541,7.69,7.69,7.69,0.1,8.83,8.4037
2026-04-13T00:17:30+00:00,8.32,8.4499,8.25,8.25,8.25,0.25,11.46,8.3995
2026-04-13T00:20:00+00:00,8.36,8.4456,9.67,9.67,9.67,0.66,10.95,8.3953
2026-04-13T00:22:30+00:00,8.42,8.4414,9.55,9.55,9.55,0.59,10.59,8.3912
2026-04-13T00:25:00+00:00,8.36,8.4372,9.48,9.48,9.48,0.54,9.5,8.387
2026-04-13T00:27:30+00:00,8.46,8.433,9.0,9.0,9.0,0.37,9.76,8.3828
2026-04-13T00:30:00+00:00,8.3,8.4288,9.18,9.18,9.18,0.4,8.18,8.3787
2026-04-13T00:32:30+00:00,8.13,8.4246,8.4,8.4,8.4,0.16,6.87,8.3745
2026-04-13T00:35:00+00:00,8.36,8.4204,7.7,7.7,7.7,0.13,8.56,8.3703
2026-04-13T00:37:30+00:00,8.22,8.4162,8.52,8.52,8.52,0.19,7.51,8.3662
2026-04-13T00:40:00+00:00,8.05,8.412,7.97,7.97,7.97,0.09,6.45,8.362
2026-04-13T00:42:30+00:00,8.12,8.4078,7.37,7.37,7.37,0.21,7.27,8.3578
2026-04-13T00:45:00+00:00,8.19,8.4037,7.72,7.72,7.72,0.11,7.93,8.3537
2026-04-13T00:47:30+00:00,8.11,8.3995,8.03,8.03,8.03,0.1,7.48,8.3495
2026-04-13T00:50:00+00:00,7.99,8.3953,7.78,7.78,7.78,0.1,6.89,8.3453
2026-04-13T00:52:30+00:00,7.5,8.3912,7.44,7.44,7.44,0.16,3.88,8.3412
2026-04-13T00:55:00+00:00,7.51,8.387,5.81,5.81,5.81,0.6,4.99,8.337
2026-04-13T00:57:30+00:00,7.72,8.3828,6.22,6.22,6.22,0.44,7.15,8.3328
2026-04-13T01:00:00+00:00,7.71,8.3787,7.26,7.26,7.26,0.13,7.45,8.3287
2026-04-13T01:02:30+00:00,7.49,8.3745,7.39,7.39,7.39,0.1,6.22,8.3245
2026-04-13T01:05:00+00:00,7.94,8.3703,6.74,6.74,6.74,0.22,9.75,8.3203
2026-04-13T01:07:30+00:00,8.28,8.3662,8.55,8.55,8.55,0.38,11.71,8.3162
2026-04-13T01:10:00+00:00,8.63,8.362,9.67,9.67,9.67,0.7,13.15,8.312
2026-04-13T01:12:30+00:00,8.56,8.3578,10.67,10.67,10.67,0.97,11.62,8.3037
2026-04-13T01:15:00+00:00,8.38,8.3537,10.0,10.0,10.0,0.72,9.49,8.2995
2026-04-13T01:17:30+00:00,8.13,8.3495,9.01,9.01,9.01,0.4,7.34,8.2953
2026-04-13T01:20:00+00:00,8.17,8.3453,7.93,7.93,7.93,0.11,7.63,8.2912
2026-04-13T01:22:30+00:00,8.5,8.3412,8.03,8.03,8.03,0.13,9.79,8.287
2026-04-13T01:25:00+00:00,8.52,8.337,9.14,9.14,9.14,0.4,9.48,8.2828
2026-04-13T01:27:30+00:00,8.21,8.3328,9.02,9.02,9.02,0.35,7.07,8.2787
2026-04-13T01:30:00+00:00,8.29,8.3287,7.8,7.8,7.8,0.12,7.71,8.2745
2026-04-13T01:32:30+00:00,8.42,8.3245,8.07,8.07,8.07,0.12,8.64,8.2703
2026-04-13T01:35:00+00:00,8.22,8.3203,8.53,8.53,8.53,0.21,7.17,8.2662
2026-04-13T01:37:30+00:00,7.95,8.3162,7.76,7.76,7.76,0.13,5.58,8.262
2026-04-13T01:40:00+00:00,7.79,8.312,6.87,6.87,6.87,0.34,5.12,8.2578
2026-04-13T01:45:00+00:00,7.83,8.3037,7.03,7.03,7.03,0.24,6.65,8.2537
2026-04-13T01:47:30+00:00,7.49,8.2995,7.14,7.14,7.14,0.19,4.79,8.2495
2026-04-13T01:50:00+00:00,7.37,8.2953,6.11,6.11,6.11,0.45,4.86,8.2453
2026-04-13T01:52:30+00:00,7.49,8.2912,6.03,6.03,6.03,0.44,6.46,8.2412
2026-04-13T01:55:00+00:00,7.25,8.287,6.76,6.76,6.76,0.2,5.39,8.237
2026-04-13T01:57:30+00:00,7.4,8.2828,6.16,6.16,6.16,0.34,7.09,8.2328
2026-04-13T02:00:00+00:00,7.46,8.2787,6.98,6.98,6.98,0.12,7.82,8.2287
2026-04-13T02:02:30+00:00,7.78,8.2745,7.36,7.36,7.36,0.16,10.12,8.2245
2026-04-13T02:05:00+00:00,7.92,8.2703,8.6,8.6,8.6,0.5,10.61,8.2203
2026-04-13T02:07:30+00:00,7.41,8.2662,8.97,8.97,8.97,0.59,6.67,8.2162
2026-04-13T02:10:00+00:00,6.92,8.262,7.02,7.02,7.02,0.12,3.59,8.212
2026-04-13T02:12:30+00:00,6.84,8.2578,5.37,5.37,5.37,0.52,3.94,8.2078
2026-04-13T02:15:00+00:00,6.99,8.2537,5.4,5.4,5.4,0.47,5.78,8.2037
2026-04-13T02:17:30+00:00,7.34,8.2495,6.24,6.24,6.24,0.21,8.58,8.1995
2026-04-13T02:20:00+00:00,7.75,8.2453,7.66,7.66,7.66,0.31,11.19,8.1953
2026-04-13T02:22:30+00:00,8.06,8.2412,9.1,9.1,9.1,0.72,12.52,8.1912
2026-04-13T02:25:00+00:00,8.23,8.237,9.97,9.97,9.97,0.95,12.4,8.187
2026-04-13T02:27:30+00:00,8.18,8.2328,10.19,10.19,10.19,0.97,11.0,8.1828
2026-04-13T02:30:00+00:00,8.13,8.2287,9.57,9.57,9.57,0.74,9.68,8.1787
2026-04-13T02:32:30+00:00,7.84,8.2245,8.99,8.99,8.99,0.53,7.14,8.1745
2026-04-13T02:35:00+00:00,7.54,8.2203,7.71,7.71,7.71,0.16,5.05,8.1703
2026-04-13T02:37:30+00:00,7.55,8.2162,6.57,6.57,6.57,0.28,5.55,8.1662
2026-04-13T02:40:00+00:00,7.5,8.212,6.71,6.71,6.71,0.24,5.62,8.162
2026-04-13T02:42:30+00:00,7.63,8.2078,6.65,6.65,6.65,0.24,6.9,8.1578
2026-04-13T02:45:00+00:00,7.73,8.2037,7.23,7.23,7.23,0.13,7.77,8.1537
2026-04-13T02:47:30+00:00,7.86,8.1995,7.65,7.65,7.65,0.18,8.65,8.1495
2026-04-13T02:50:00+00:00,8.01,8.1953,8.12,8.12,8.12,0.29,9.46,8.1453
2026-04-13T02:52:30+00:00,8.1,8.1912,8.59,8.59,8.59,0.42,9.7,8.1412
2026-04-13T02:55:00+00:00,7.6,8.187,8.78,8.78,8.78,0.46,5.94,8.137
2026-04-13T02:57:30+00:00,7.49,8.1828,6.87,6.87,6.87,0.19,5.55,8.1328
2026-04-13T03:00:00+00:00,7.33,8.1787,6.58,6.58,6.58,0.25,4.96,8.1287
2026-04-13T03:02:30+00:00,7.09,8.1745,6.18,6.18,6.18,0.34,3.98,8.1245
2026-04-13T03:05:00+00:00,7.06,8.1703,5.56,5.56,5.56,0.49,4.67,8.1203
2026-04-13T03:07:30+00:00,7.43,8.1662,5.78,5.78,5.78,0.39,7.97,8.1162
2026-04-13T03:10:00+00:00,7.64,8.162,7.42,7.42,7.42,0.2,9.4,8.112
2026-04-13T03:12:30+00:00,7.55,8.1578,8.2,8.2,8.2,0.42,8.55,8.1078
2026-04-13T03:15:00+00:00,7.65,8.1537,7.84,7.84,7.84,0.31,9.03,8.1037
2026-04-13T03:17:30+00:00,7.8,8.1495,8.14,8.14,8.14,0.39,9.7,8.0995
2026-04-13T03:20:00+00:00,8.31,8.1453,8.56,8.56,8.56,0.5,12.64,8.0953
2026-04-13T03:22:30+00:00,8.59,8.1412,10.2,10.2,10.2,0.96,13.23,8.0912
2026-04-13T03:25:00+00:00,8.29,8.137,10.8,10.8,10.8,1.09,9.96,8.087
2026-04-13T03:27:30+00:00,8.08,8.1328,9.2,9.2,9.2,0.56,7.88,8.0828
2026-04-13T03:30:00+00:00,8.0,8.1287,8.17,8.17,8.17,0.24,7.13,8.0787
2026-04-13T03:32:30+00:00,7.7,8.1245,7.76,7.76,7.76,0.14,5.08,8.0745
2026-04-13T03:35:00+00:00,8.07,8.1203,6.63,6.63,6.63,0.31,8.08,8.0703
2026-04-13T03:37:30+00:00,7.95,8.1162,8.07,8.07,8.07,0.21,7.2,8.0662
2026-04-13T03:40:00+00:00,7.79,8.112,7.61,7.61,7.61,0.13,6.27,8.062
2026-04-13T03:42:30+00:00,8.16,8.1078,7.08,7.08,7.08,0.18,9.06,8.0578
2026-04-13T03:45:00+00:00,8.48,8.1037,8.48,8.48,8.48,0.32,10.99,8.0537
2026-04-13T03:47:30+00:00,8.43,8.0995,9.54,9.54,9.54,0.62,9.98,8.0495
2026-04-13T03:50:00+00:00,8.31,8.0953,9.12,9.12,9.12,0.47,8.69,8.0453
2026-04-13T03:52:30+00:00,8.06,8.0912,8.5,8.5,8.5,0.28,6.8,8.0412
2026-04-13T03:55:00+00:00,7.88,8.087,7.52,7.52,7.52,0.14,5.82,8.037
2026-04-13T03:57:30+00:00,7.84,8.0828,6.94,6.94,6.94,0.26,6.01,8.0328
2026-04-13T04:00:00+00:00,7.52,8.0787,6.95,6.95,6.95,0.24,4.37,8.0287
2026-04-13T04:02:30+00:00,7.44,8.0745,6.0,6.0,6.0,0.48,4.68,8.0245
2026-04-13T04:05:00+00:00,7.76,8.0703,6.02,6.02,6.02,0.44,7.69,8.0203
2026-04-13T04:07:30+00:00,7.78,8.0662,7.48,7.48,7.48,0.14,8.01,8.0162
2026-04-13T04:10:00+00:00,7.87,8.062,7.65,7.65,7.65,0.17,8.75,8.012
2026-04-13T04:12:30+00:00,7.91,8.0578,8.06,8.06,8.06,0.28,8.92,8.0078
2026-04-13T04:15:00+00:00,8.0,8.0537,8.19,8.19,8.19,0.31,9.34,8.0037
2026-04-13T04:17:30+00:00,7.94,8.0495,8.47,8.47,8.47,0.38,8.65,7.9995
2026-04-13T04:20:00+00:00,7.62,8.0453,8.17,8.17,8.17,0.29,6.31,7.9953
2026-04-13T04:22:30+00:00,7.58,8.0412,6.97,6.97,6.97,0.16,6.41,7.9912
2026-04-13T04:25:00+00:00,7.66,8.037,6.96,6.96,6.96,0.16,7.27,7.987
2026-04-13T04:27:30+00:00,7.82,8.0328,7.36,7.36,7.36,0.13,8.46,7.9828
2026-04-13T04:30:00+00:00,8.02,8.0287,7.97,7.97,7.97,0.26,9.68,7.9787
2026-04-13T04:32:30+00:00,7.63,8.0245,8.64,8.64,8.64,0.45,6.69,7.9745
2026-04-13T04:35:00+00:00,7.62,8.0203,7.15,7.15,7.15,0.13,6.86,7.9703
2026-04-13T04:37:30+00:00,7.77,8.0162,7.19,7.19,7.19,0.13,8.04,7.9662
2026-04-13T04:40:00+00:00,7.89,8.012,7.78,7.78,7.78,0.21,8.82,7.962
2026-04-13T04:42:30+00:00,8.09,8.0078,8.21,8.21,8.21,0.32,9.94,7.9578
2026-04-13T04:45:00+00:00,8.16,8.0037,8.84,8.84,8.84,0.49,9.91,7.9537
2026-04-13T04:47:30+00:00,7.95,7.9995,8.91,8.91,8.91,0.49,7.99,7.9495
2026-04-13T04:50:00+00:00,7.75,7.9953,7.98,7.98,7.98,0.22,6.54,7.9453
2026-04-13T04:52:30+00:00,7.48,7.9912,7.21,7.21,7.21,0.14,4.97,7.9412
2026-04-13T04:55:00+00:00,7.26,7.987,6.32,6.32,6.32,0.34,4.15,7.937
2026-04-13T04:57:30+00:00,7.12,7.9828,5.77,5.77,5.77,0.47,4.01,7.9328
2026-04-13T05:00:00+00:00,7.18,7.9787,5.56,5.56,5.56,0.5,5.34,7.9287
2026-04-13T05:02:30+00:00,7.22,7.9745,6.12,6.12,6.12,0.31,6.27,7.9245
2026-04-13T05:05:00+00:00,7.52,7.9703,6.53,6.53,6.53,0.17,8.69,7.9203
2026-04-13T05:07:30+00:00,7.56,7.9662,7.77,7.77,7.77,0.29,8.87,7.9162
2026-04-13T05:10:00+00:00,7.52,7.962,7.93,7.93,7.93,0.34,8.44,7.912
2026-04-13T05:12:30+00:00,7.45,7.9578,7.77,7.77,7.77,0.29,7.78,7.9078
2026-04-13T05:15:00+00:00,7.32,7.9537,7.46,7.46,7.46,0.21,6.92,7.9037
2026-04-13T05:17:30+00:00,7.15,7.9495,7.03,7.03,7.03,0.12,5.91,7.8995
2026-04-13T05:20:00+00:00,7.3,7.9453,6.48,6.48,6.48,0.17,7.25,7.8953
2026-04-13T05:22:30+00:00,7.52,7.9412,7.13,7.13,7.13,0.15,8.83,7.8912
2026-04-13T05:25:00+00:00,7.8,7.937,7.96,7.96,7.96,0.36,10.38,7.887
2026-04-13T05:27:30+00:00,8.04,7.9328,8.85,8.85,8.85,0.61,11.4,7.8828
2026-04-13T05:30:00+00:00,7.84,7.9287,9.5,9.5,9.5,0.77,9.1,7.8787
2026-04-13T05:32:30+00:00,7.59,7.9245,8.44,8.44,8.44,0.42,6.99,7.8745
2026-04-13T05:35:00+00:00,7.42,7.9203,7.39,7.39,7.39,0.13,5.86,7.8703
2026-04-13T05:37:30+00:00,7.2,7.9162,6.76,6.76,6.76,0.17,4.64,7.8662
2026-04-13T05:40:00+00:00,7.27,7.912,6.04,6.04,6.04,0.35,5.71,7.862
2026-04-13T05:42:30+00:00,7.56,7.9078,6.48,6.48,6.48,0.21,8.08,7.8578
2026-04-13T05:45:00+00:00,7.68,7.9037,7.65,7.65,7.65,0.22,8.82,7.8537
2026-04-13T05:47:30+00:00,7.62,7.8995,8.07,8.07,8.07,0.33,8.12,7.8495
2026-04-13T05:50:00+00:00,7.13,7.8953,7.76,7.76,7.76,0.24,4.72,7.8453
2026-04-13T05:52:30+00:00,7.0,7.8912,5.99,5.99,5.99,0.34,4.46,7.8412
2026-04-13T05:55:00+00:00,7.12,7.887,5.74,5.74,5.74,0.39,6.01,7.837
2026-04-13T05:57:30+00:00,7.27,7.8828,6.44,6.44,6.44,0.17,7.4,7.8328
2026-04-13T06:00:00+00:00,7.43,7.8787,7.13,7.13,7.13,0.12,8.55,7.8287
2026-04-13T06:02:30+00:00,7.46,7.8745,7.75,7.75,7.75,0.29,8.58,7.8245
2026-04-13T06:05:00+00:00,7.81,7.8703,7.82,7.82,7.82,0.3,10.72,7.8203
2026-04-13T06:07:30+00:00,7.72,7.8662,9.0,9.0,9.0,0.64,9.39,7.8162
2026-04-13T06:10:00+00:00,7.27,7.862,8.44,8.44,8.44,0.44,5.87,7.812
2026-04-13T06:12:30+00:00,6.93,7.8578,6.66,6.66,6.66,0.15,3.85,7.8078
2026-04-13T06:15:00+00:00,6.65,7.8537,5.53,5.53,5.53,0.46,2.73,7.8037
2026-04-13T06:17:30+00:00,6.7,7.8495,4.8,4.8,4.8,0.65,4.12,7.7995
2026-04-13T06:20:00+00:00,6.81,7.8453,5.35,5.35,5.35,0.44,5.7,7.7953
2026-04-13T06:22:30+00:00,6.88,7.8412,6.07,6.07,6.07,0.2,6.6,7.7912
2026-04-13T06:25:00+00:00,7.13,7.837,6.5,6.5,6.5,0.09,8.56,7.787
2026-04-13T06:27:30+00:00,7.22,7.8328,7.52,7.52,7.52,0.3,8.96,7.7828
2026-04-13T06:30:00+00:00,7.14,7.8287,7.81,7.81,7.81,0.38,8.14,7.7787
2026-04-13T06:32:30+00:00,7.23,7.8245,7.46,7.46,7.46,0.27,8.52,7.7745
2026-04-13T06:35:00+00:00,7.41,7.8203,7.72,7.72,7.72,0.33,9.42,7.7703
2026-04-13T06:37:30+00:00,7.33,7.8162,8.25,8.25,8.25,0.48,8.35,7.7662
2026-04-13T06:40:00+00:00,7.3,7.812,7.78,7.78,7.78,0.32,7.8,7.762
2026-04-13T06:42:30+00:00,7.47,7.8078,7.53,7.53,7.53,0.23,8.69,7.7578
2026-04-13T06:45:00+00:00,7.35,7.8037,8.02,8.02,8.02,0.36,7.48,7.7537
2026-04-13T06:47:30+00:00,7.16,7.7995,7.43,7.43,7.43,0.17,6.08,7.7495
2026-04-13T06:50:00+00:00,7.03,7.7953,6.7,6.7,6.7,0.11,5.37,7.7453
2026-04-13T06:52:30+00:00,6.9,7.7912,6.27,6.27,6.27,0.21,4.88,7.7412
2026-04-13T06:55:00+00:00,6.71,7.787,5.94,5.94,5.94,0.3,4.12,7.737
2026-04-13T06:57:30+00:00,6.64,7.7828,5.44,5.44,5.44,0.42,4.41,7.7328
2026-04-13T07:00:00+00:00,6.27,7.7787,5.48,5.48,5.48,0.38,2.59,7.7287
2026-04-13T07:02:30+00:00,6.44,7.7745,4.42,4.42,4.42,0.66,4.83,7.7245
2026-04-13T07:05:00+00:00,6.58,7.7703,5.44,5.44,5.44,0.31,6.4,7.7203
2026-04-13T07:07:30+00:00,6.83,7.7662,6.2,6.2,6.2,0.09,8.36,7.7162
2026-04-13T07:10:00+00:00,6.63,7.762,7.24,7.24,7.24,0.29,6.9,7.712
2026-04-13T07:12:30+00:00,6.55,7.7578,6.55,6.55,6.55,0.1,6.41,7.7078
2026-04-13T07:15:00+00:00,6.5,7.7537,6.31,6.31,6.31,0.07,6.25,7.7037
2026-04-13T07:17:30+00:00,6.55,7.7495,6.22,6.22,6.22,0.07,6.74,7.6995
2026-04-13T07:20:00+00:00,6.81,7.7453,6.48,6.48,6.48,0.1,8.51,7.6953
2026-04-13T07:22:30+00:00,6.91,7.7412,7.42,7.42,7.42,0.36,8.82,7.6912
2026-04-13T07:25:00+00:00,6.97,7.737,7.67,7.67,7.67,0.42,8.76,7.6731
2026-04-13T07:27:30+00:00,7.06,7.7328,7.72,7.72,7.72,0.42,8.92,7.6228
2026-04-13T07:30:00+00:00,7.02,7.7287,7.89,7.89,7.89,0.44,8.04,7.4893
2026-04-13T07:32:30+00:00,7.1,7.7245,7.51,7.51,7.51,0.31,8.21,7.1691
2026-04-13T07:35:00+00:00,7.32,7.7203,7.65,7.65,7.65,0.33,9.25,6.5192
2026-04-13T07:37:30+00:00,7.29,7.7162,8.24,8.24,8.24,0.48,8.42,5.4876
2026-04-13T07:40:00+00:00,7.2,7.712,7.88,7.88,7.88,0.34,7.4,4.8321
2026-04-13T07:42:30+00:00,7.21,7.7078,7.4,7.4,7.4,0.18,7.2,4.2626
2026-04-13T07:45:00+00:00,7.17,7.7037,7.29,7.29,7.29,0.13,6.81,3.9184
2026-04-13T07:47:30+00:00,7.17,7.6995,7.08,7.08,7.08,0.07,6.75,3.8402
2026-04-13T07:50:00+00:00,7.21,7.6953,7.03,7.03,7.03,0.06,6.98,3.8209
2026-04-13T07:52:30+00:00,7.33,7.6912,7.12,7.12,7.12,0.07,7.8,3.833
2026-04-13T07:55:00+00:00,7.3,7.6731,2.2,2.2,2.2,1.55,7.38,3.8612
2026-04-13T07:57:30+00:00,7.5,7.6228,2.2,2.2,2.2,1.55,8.67,3.938
2026-04-13T08:00:00+00:00,6.94,7.4893,2.2,2.2,2.2,1.62,4.54,4.0233
2026-04-13T08:02:30+00:00,6.46,7.1691,2.2,2.2,2.2,1.37,2.2,4.1133
2026-04-13T08:05:00+00:00,6.46,6.5192,2.2,2.2,2.2,1.19,3.03,4.206
2026-04-13T08:07:30+00:00,5.9,5.4876,2.2,2.2,2.2,1.21,2.2,4.3003
2026-04-13T08:10:00+00:00,5.53,4.8321,2.2,2.2,2.2,1.44,2.2,4.3955
2026-04-13T08:12:30+00:00,4.82,4.2626,2.2,2.2,2.2,1.37,2.2,4.491
2026-04-13T08:15:00+00:00,4.28,3.9184,2.2,2.2,2.2,1.16,2.2,4.5866
2026-04-13T08:17:30+00:00,3.76,3.8402,2.2,2.2,2.2,0.89,2.2,4.6819
2026-04-13T08:20:00+00:00,3.26,3.8209,2.2,2.2,2.2,0.67,2.2,4.7766
2026-04-13T08:22:30+00:00,3.04,3.833,2.2,2.2,2.2,0.53,2.2,4.8705
2026-04-13T08:25:00+00:00,3.27,3.8612,2.2,2.2,2.2,0.46,2.2,4.9633
2026-04-13T08:27:30+00:00,3.37,3.938,2.2,2.2,2.2,0.53,2.92,5.055
2026-04-13T08:30:00+00:00,3.67,4.0233,2.2,2.2,2.2,0.66,6.05,5.1453
2026-04-13T08:32:30+00:00,3.87,4.1133,2.23,2.37,2.2,0.67,7.65,5.2341
2026-04-13T08:35:00+00:00,3.76,4.206,2.35,2.86,2.2,0.65,6.58,5.3213
2026-04-13T08:37:30+00:00,3.74,4.3003,2.33,2.78,2.2,0.65,6.24,5.4067
2026-04-13T08:40:00+00:00,3.77,4.3955,2.36,2.98,2.2,0.59,6.11,5.4903
2026-04-13T08:42:30+00:00,3.85,4.491,2.39,3.07,2.2,0.61,6.24,5.572
2026-04-13T08:45:00+00:00,3.92,4.5866,2.38,2.94,2.2,0.61,6.25,5.6518
2026-04-13T08:47:30+00:00,3.95,4.6819,2.66,3.3,2.2,0.6,5.85,5.7295
2026-04-13T08:50:00+00:00,3.93,4.7766,2.55,3.27,2.2,0.62,5.25,5.8051
2026-04-13T08:52:30+00:00,4.11,4.8705,2.38,3.06,2.2,0.65,5.98,5.8787
2026-04-13T08:55:00+00:00,4.11,4.9633,2.82,3.71,2.27,0.62,5.46,5.9501
2026-04-13T08:57:30+00:00,4.17,5.055,2.82,3.85,2.2,0.62,5.33,6.0194
2026-04-13T09:00:00+00:00,4.0,5.1453,2.8,3.75,2.2,0.64,3.79,6.0865
2026-04-13T09:02:30+00:00,4.16,5.2341,2.46,3.02,2.2,0.66,4.72,6.1516
2026-04-13T09:05:00+00:00,4.18,5.3213,2.73,3.83,2.2,0.67,4.57,6.2144
2026-04-13T09:07:30+00:00,4.37,5.4067,2.66,3.36,2.2,0.67,5.64,6.2752
2026-04-13T09:10:00+00:00,4.57,5.4903,3.53,4.45,2.68,0.56,6.49,6.3338
2026-04-13T09:12:30+00:00,4.91,5.572,3.87,5.21,2.47,0.59,8.15,6.3904
2026-04-13T09:15:00+00:00,5.31,5.6518,4.82,5.69,3.95,0.63,9.61,6.4448
2026-04-13T09:17:30+00:00,5.47,5.7295,5.78,6.6,5.24,0.73,9.3,6.4973
2026-04-13T09:20:00+00:00,5.23,5.8051,6.09,6.93,5.01,0.69,6.5,6.5477
2026-04-13T09:22:30+00:00,5.63,5.8787,4.69,5.81,3.75,0.57,8.47,6.5962
2026-04-13T09:25:00+00:00,5.52,5.9501,6.08,6.96,5.06,0.6,6.61,6.6427
2026-04-13T09:27:30+00:00,5.56,6.0194,4.92,5.46,4.1,0.59,6.22,6.6873
2026-04-13T09:30:00+00:00,5.3,6.0865,5.04,5.8,3.66,0.49,3.98,6.7301
2026-04-13T09:32:30+00:00,5.31,6.1516,3.73,4.72,2.8,0.74,4.03,6.771
2026-04-13T09:35:00+00:00,5.29,6.2144,3.91,4.7,2.99,0.67,3.95,6.8102
2026-04-13T09:37:30+00:00,5.22,6.2752,3.91,4.55,3.28,0.68,3.67,6.8476
2026-04-13T09:40:00+00:00,5.75,6.3338,3.57,4.34,2.91,0.79,7.49,6.8833
2026-04-13T09:42:30+00:00,6.15,6.3904,5.25,6.27,4.3,0.53,9.64,6.9174
2026-04-13T09:45:00+00:00,6.34,6.4448,6.75,7.41,5.96,0.59,9.92,6.9499
2026-04-13T09:47:30+00:00,6.47,6.4973,7.22,8.15,6.59,0.58,9.66,6.9808
2026-04-13T09:50:00+00:00,6.4,6.5477,7.27,8.1,6.41,0.56,8.12,7.0102
2026-04-13T09:52:30+00:00,6.23,6.5962,7.01,7.94,5.9,0.46,6.23,7.0381
2026-04-13T09:55:00+00:00,6.06,6.6427,5.71,6.77,4.79,0.46,4.83,7.0646
2026-04-13T09:57:30+00:00,6.14,6.6873,5.08,6.01,4.15,0.55,5.39,7.0897
2026-04-13T10:00:00+00:00,6.12,6.7301,5.46,6.12,4.84,0.44,5.23,7.1135
2026-04-13T10:02:30+00:00,6.2,6.771,5.19,6.01,4.27,0.51,5.85,7.136
2026-04-13T10:05:00+00:00,6.08,6.8102,5.64,6.57,4.75,0.42,5.04,7.1573
2026-04-13T10:07:30+00:00,5.9,6.8476,5.07,6.16,4.0,0.54,4.06,7.1773
2026-04-13T10:10:00+00:00,6.02,6.8833,4.26,4.97,3.52,0.75,5.28,7.1962
2026-04-13T10:12:30+00:00,6.19,6.9174,5.2,5.87,4.62,0.48,6.61,7.2139
2026-04-13T10:15:00+00:00,6.46,6.9499,5.64,6.42,4.95,0.39,8.33,7.2305
2026-04-13T10:17:30+00:00,6.5,6.9808,6.59,7.49,5.72,0.36,8.16,7.2461
2026-04-13T10:20:00+00:00,6.5,7.0102,7.1,7.71,6.25,0.39,7.67,7.2607
2026-04-13T10:22:30+00:00,6.38,7.0381,6.76,7.38,5.79,0.32,6.5,7.2744
2026-04-13T10:25:00+00:00,6.34,7.0646,6.27,6.98,5.21,0.32,6.08,7.2871
2026-04-13T10:27:30+00:00,6.46,7.0897,5.74,6.56,4.92,0.4,6.87,7.2989
2026-04-13T10:30:00+00:00,6.64,7.1135,6.38,7.16,5.69,0.28,7.92,7.3098
2026-04-13T10:32:30+00:00,6.81,7.136,7.13,7.87,6.1,0.37,8.64,7.3199
2026-04-13T10:35:00+00:00,6.71,7.1573,7.56,8.49,6.6,0.43,7.45,7.3292
2026-04-13T10:37:30+00:00,6.43,7.1773,6.9,7.74,6.19,0.31,5.23,7.3377
2026-04-13T10:40:00+00:00,6.36,7.1962,5.97,6.7,4.99,0.37,4.91,7.3456
2026-04-13T10:42:30+00:00,6.36,7.2139,5.57,6.29,4.99,0.44,5.22,7.3527
2026-04-13T10:45:00+00:00,6.32,7.2305,5.82,6.34,5.06,0.37,5.22,7.3591
2026-04-13T10:47:30+00:00,6.73,7.2461,5.63,6.44,4.85,0.39,8.25,7.3649
2026-04-13T10:50:00+00:00,6.83,7.2607,7.06,7.84,6.33,0.35,8.55,7.3701
2026-04-13T10:52:30+00:00,6.68,7.2744,7.39,8.1,7.05,0.41,7.1,7.3747
2026-04-13T10:55:00+00:00,6.84,7.2871,6.81,7.4,6.19,0.3,8.03,7.3787
2026-04-13T10:57:30+00:00,6.83,7.2989,7.37,7.97,6.73,0.4,7.57,7.3822
2026-04-13T11:00:00+00:00,6.93,7.3098,7.1,7.82,6.5,0.34,7.99,7.3852
2026-04-13T11:02:30+00:00,7.02,7.3199,7.51,8.1,6.97,0.42,8.21,7.3877
2026-04-13T11:05:00+00:00,6.59,7.3292,7.62,8.21,7.13,0.43,4.95,7.3898
2026-04-13T11:07:30+00:00,6.37,7.3377,6.07,6.77,5.31,0.3,3.72,7.3914
2026-04-13T11:10:00+00:00,6.16,7.3456,5.1,5.64,4.49,0.51,2.95,7.3925
2026-04-13T11:12:30+00:00,6.09,7.3527,4.54,5.32,3.95,0.63,3.33,7.3933
2026-04-13T11:15:00+00:00,5.97,7.3591,4.75,5.41,4.22,0.53,3.34,7.3937
2026-04-13T11:17:30+00:00,6.11,7.3649,4.51,5.33,3.98,0.57,5.12,7.3937
2026-04-13T11:20:00+00:00,6.48,7.3701,5.35,5.9,4.83,0.34,8.06,7.3934
2026-04-13T11:22:30+00:00,6.73,7.3747,6.87,7.42,6.32,0.36,9.51,7.3928
2026-04-13T11:25:00+00:00,6.82,7.3787,7.79,8.53,7.27,0.59,9.55,7.3516
2026-04-13T11:27:30+00:00,6.82,7.3822,8.01,8.72,7.46,0.62,8.88,7.3114
2026-04-13T11:30:00+00:00,6.76,7.3852,8.87,9.48,8.54,0.51,7.91,7.2722
2026-04-13T11:32:30+00:00,6.72,7.3877,8.52,9.13,8.0,0.4,7.3,7.2339
2026-04-13T11:35:00+00:00,6.79,7.3898,8.13,8.56,7.7,0.31,7.5,7.1965
2026-04-13T11:37:30+00:00,6.42,7.3914,8.44,8.94,7.89,0.37,4.7,7.1601
2026-04-13T11:40:00+00:00,6.31,7.3925,6.85,7.36,6.25,0.34,4.33,7.1559
2026-04-13T11:42:30+00:00,6.49,7.3933,6.52,7.06,6.16,0.41,6.0,7.1517
2026-04-13T11:45:00+00:00,6.26,7.3937,6.27,6.27,6.27,0.24,4.56,7.1476
2026-04-13T11:47:30+00:00,6.48,7.3937,5.49,5.49,5.49,0.4,6.53,7.1434
2026-04-13T11:50:00+00:00,6.28,7.3934,6.45,6.45,6.45,0.23,5.2,7.1392
2026-04-13T11:52:30+00:00,6.22,7.3928,5.76,5.76,5.76,0.36,5.14,7.1351
2026-04-13T11:55:00+00:00,6.61,7.3516,5.68,5.68,5.68,0.36,8.1,7.1008
2026-04-13T11:57:30+00:00,6.87,7.3114,7.19,7.19,7.19,0.29,9.56,6.9971
2026-04-13T12:00:00+00:00,7.18,7.2722,8.05,8.05,8.05,0.42,11.02,6.7134
2026-04-13T12:02:30+00:00,7.56,7.2339,8.94,8.94,8.94,0.64,12.34,6.0265
2026-04-13T12:05:00+00:00,7.6,7.1965,9.91,9.91,9.91,0.87,11.37,4.6273
2026-04-13T12:07:30+00:00,7.41,7.1601,9.53,9.53,9.53,0.7,8.9,2.8406
2026-04-13T12:10:00+00:00,7.25,7.1559,8.4,8.4,8.4,0.31,7.09,2.2621
2026-04-13T12:12:30+00:00,6.88,7.1517,7.5,7.5,7.5,0.11,4.33,2.2
2026-04-13T12:15:00+00:00,6.8,7.1476,6.02,6.02,6.02,0.48,4.19,2.2
2026-04-13T12:17:30+00:00,6.35,7.1434,5.82,5.82,5.82,0.54,2.2,2.2242
2026-04-13T12:20:00+00:00,5.93,7.1392,4.39,4.39,4.39,0.94,2.2,2.2812
2026-04-13T12:22:30+00:00,5.69,7.1351,3.29,3.29,3.29,1.23,2.2,2.3567
2026-04-13T12:25:00+00:00,5.38,7.1008,2.2,2.2,2.2,0.63,2.2,2.4421
2026-04-13T12:27:30+00:00,5.2,6.9971,2.2,2.2,2.2,0.55,2.2,2.5334
2026-04-13T12:30:00+00:00,5.34,6.7134,2.2,2.2,2.2,0.57,2.94,2.6282
2026-04-13T12:32:30+00:00,5.51,6.0265,2.2,2.2,2.2,0.68,5.19,2.7254
2026-04-13T12:35:00+00:00,5.55,4.6273,2.2,2.2,2.2,0.77,6.02,2.8241
2026-04-13T12:40:00+00:00,4.71,2.8406,2.2,2.2,2.2,1.63,2.2,2.9238
2026-04-13T12:42:30+00:00,3.54,2.2621,2.2,2.2,2.2,1.61,2.2,3.0241
2026-04-13T12:45:00+00:00,2.75,2.2,2.2,2.2,2.2,1.12,2.2,3.1244
2026-04-13T12:47:30+00:00,2.27,2.2,2.2,2.2,2.2,0.82,2.2,3.2246
2026-04-13T12:52:30+00:00,1.95,2.2242,2.2,2.2,2.2,0.6,2.2,3.3243
2026-04-13T12:55:00+00:00,1.98,2.2812,2.2,2.2,2.2,0.64,2.2,3.4234
2026-04-13T12:57:30+00:00,2.09,2.3567,2.2,2.2,2.2,0.7,2.2,3.5214
2026-04-13T13:00:00+00:00,2.24,2.4421,2.2,2.2,2.2,0.53,3.72,3.6184
2026-04-13T13:02:30+00:00,2.37,2.5334,2.2,2.2,2.2,0.74,5.05,3.714
2026-04-13T13:05:00+00:00,2.65,2.6282,2.2,2.2,2.2,0.77,6.92,3.9064
2026-04-13T13:07:30+00:00,2.87,2.7254,2.2,2.2,2.2,0.76,7.84,4.0955
2026-04-13T13:10:00+00:00,3.03,2.8241,2.2,2.2,2.2,0.81,7.84,4.2812
2026-04-13T13:12:30+00:00,2.93,2.9238,2.2,2.2,2.2,0.92,6.18,4.4633
2026-04-13T13:15:00+00:00,2.83,3.0241,2.2,2.2,2.2,0.9,4.66,4.6414
2026-04-13T13:17:30+00:00,2.92,3.1244,2.2,2.2,2.2,0.84,4.71,4.8156
2026-04-13T13:20:00+00:00,2.98,3.2246,2.2,2.2,2.2,0.92,4.54,4.9856
2026-04-13T13:22:30+00:00,2.81,3.3243,2.2,2.2,2.2,0.85,2.83,5.1514
2026-04-13T13:25:00+00:00,2.67,3.4234,2.2,2.2,2.2,0.91,2.2,5.3129
2026-04-13T13:27:30+00:00,2.61,3.5214,2.2,2.2,2.2,0.78,2.2,5.4701
2026-04-13T13:30:00+00:00,2.52,3.6184,2.2,2.2,2.2,0.72,2.2,5.6228
2026-04-13T13:32:30+00:00,2.71,3.714,2.2,2.2,2.2,0.74,2.59,5.7712
2026-04-13T13:35:00+00:00,3.07,3.9064,2.2,2.2,2.2,0.81,5.03,5.915
2026-04-13T13:37:30+00:00,3.22,4.0955,2.25,2.44,2.2,0.82,5.53,6.0545
2026-04-13T13:40:00+00:00,3.07,4.2812,2.23,2.41,2.2,0.92,3.83,6.1896
2026-04-13T13:42:30+00:00,3.36,4.4633,2.2,2.2,2.2,0.91,5.51,6.3202
2026-04-13T13:45:00+00:00,3.69,4.6414,2.31,2.84,2.2,0.97,7.03,6.4465
2026-04-13T13:47:30+00:00,3.87,4.8156,2.37,3.12,2.2,0.96,7.18,6.5685
2026-04-13T13:50:00+00:00,3.95,4.9856,2.38,3.32,2.2,1.04,6.64,6.6863
2026-04-13T13:52:30+00:00,3.93,5.1514,2.65,3.88,2.2,1.01,5.54,6.7998
2026-04-13T13:55:00+00:00,4.41,5.3129,2.57,3.96,2.2,1.01,8.05,6.9092
2026-04-13T13:57:30+00:00,4.74,5.4701,3.42,4.62,2.2,1.01,8.82,7.0146
2026-04-13T14:00:00+00:00,5.05,5.6228,4.29,6.27,2.62,1.01,9.4,7.2134
2026-04-13T14:02:30+00:00,5.34,5.7712,4.85,6.62,3.34,1.06,9.75,7.307
2026-04-13T14:05:00+00:00,5.36,5.915,5.39,7.37,3.43,1.1,8.34,7.3969
2026-04-13T14:07:30+00:00,5.18,6.0545,4.71,6.83,2.52,1.05,5.82,7.4831
2026-04-13T14:10:00+00:00,5.17,6.1896,3.49,4.78,2.2,1.18,5.05,7.5658
2026-04-13T14:12:30+00:00,5.89,6.3202,3.29,4.95,2.2,1.25,9.38,7.645
2026-04-13T14:15:00+00:00,6.08,6.4465,5.72,6.98,3.95,1.02,9.32,7.7207
2026-04-13T14:17:30+00:00,6.03,6.5685,6.56,8.09,4.68,1.0,7.7,7.7932
2026-04-13T14:20:00+00:00,5.82,6.6863,5.27,6.74,3.76,1.07,5.4,7.8625
2026-04-13T14:22:30+00:00,5.91,6.7998,4.03,5.86,2.2,1.25,5.61,7.9287
2026-04-13T14:25:00+00:00,5.95,6.9092,4.7,5.94,3.15,1.13,5.57,7.9918
2026-04-13T14:27:30+00:00,5.73,7.0146,4.61,6.25,2.59,1.11,3.89,8.0521
2026-04-13T14:32:30+00:00,5.8,7.2134,3.1,4.26,2.2,1.41,5.2,8.1094
2026-04-13T14:35:00+00:00,6.15,7.307,3.92,6.03,2.2,1.22,7.64,8.164
2026-04-13T14:37:30+00:00,6.29,7.3969,5.73,7.76,2.97,0.83,8.18,8.216
2026-04-13T14:40:00+00:00,6.53,7.4831,6.01,7.49,4.87,0.89,9.17,8.2654
2026-04-13T14:42:30+00:00,7.04,7.5658,6.78,8.3,5.05,0.82,11.64,8.3123
2026-04-13T14:45:00+00:00,7.34,7.645,7.81,9.73,6.03,0.87,12.24,8.3568
2026-04-13T14:47:30+00:00,7.33,7.7207,8.39,10.46,6.87,0.87,10.77,8.3989
2026-04-13T14:50:00+00:00,7.11,7.7932,7.87,9.31,6.23,0.82,8.02,8.4389
2026-04-13T14:52:30+00:00,7.15,7.8625,6.73,8.12,4.81,0.82,7.67,8.4766
2026-04-13T14:55:00+00:00,7.16,7.9287,6.85,8.84,5.26,0.78,7.19,8.5122
2026-04-13T14:57:30+00:00,6.97,7.9918,6.69,8.19,4.56,0.8,5.6,8.5458
2026-04-13T15:00:00+00:00,7.18,8.0521,5.75,7.28,3.61,0.98,7.04,8.5774
2026-04-13T15:02:30+00:00,7.44,8.1094,6.69,8.25,5.06,0.79,8.57,8.6071
2026-04-13T15:05:00+00:00,7.67,8.164,7.0,8.25,5.68,0.8,9.64,8.635
2026-04-13T15:07:30+00:00,7.66,8.216,8.25,9.64,7.03,0.74,8.85,8.6611
2026-04-13T15:10:00+00:00,7.93,8.2654,8.58,10.22,6.74,0.66,10.15,8.6856
2026-04-13T15:12:30+00:00,7.93,8.3123,8.66,10.87,7.3,0.69,9.34,8.7085
2026-04-13T15:15:00+00:00,7.64,8.3568,8.03,9.5,6.82,0.71,6.81,8.7497
2026-04-13T15:17:30+00:00,7.24,8.3989,7.37,8.68,5.99,0.69,4.12,8.7681
2026-04-13T15:20:00+00:00,7.16,8.4389,5.35,7.03,3.69,1.06,4.16,8.7852
2026-04-13T15:22:30+00:00,7.3,8.4766,5.59,7.97,3.81,0.93,5.77,8.801
2026-04-13T15:25:00+00:00,7.55,8.5122,6.49,7.44,5.3,0.73,7.89,8.8156
2026-04-13T15:27:30+00:00,7.96,8.5458,7.13,8.87,5.84,0.73,10.59,8.8289
2026-04-13T15:30:00+00:00,8.17,8.5774,9.03,10.46,7.71,0.81,11.31,8.8412
2026-04-13T15:32:30+00:00,7.88,8.6071,9.4,10.62,7.79,0.86,8.55,8.8523
2026-04-13T15:35:00+00:00,8.2,8.635,7.78,9.52,6.49,0.72,10.4,8.8625
2026-04-13T15:37:30+00:00,8.24,8.6611,9.12,10.53,7.96,0.79,9.96,8.8716
2026-04-13T15:40:00+00:00,8.42,8.6856,8.72,9.92,7.58,0.76,10.54,8.8798
2026-04-13T15:42:30+00:00,8.23,8.7085,9.44,10.71,8.13,0.85,8.55,8.8872
2026-04-13T15:47:30+00:00,8.13,8.7497,7.96,9.63,6.54,0.6,7.52,8.8936
2026-04-13T15:50:00+00:00,8.47,8.7681,7.99,9.83,6.57,0.58,9.78,8.8993
2026-04-13T15:52:30+00:00,8.5,8.7852,9.03,10.43,7.72,0.69,9.51,8.9042
2026-04-13T15:55:00+00:00,8.18,8.801,9.09,10.26,8.1,0.67,7.01,8.8215
2026-04-13T15:57:30+00:00,8.3,8.8156,7.5,8.38,6.75,0.58,7.93,8.741
2026-04-13T16:00:00+00:00,8.3,8.8289,10.66,11.74,9.63,0.54,7.96,8.6625
2026-04-13T16:02:30+00:00,8.32,8.8412,10.89,11.86,9.51,0.56,8.08,8.5862
2026-04-13T16:05:00+00:00,8.2,8.8523,10.3,11.84,9.64,0.52,7.33,8.4395
2026-04-13T16:07:30+00:00,7.92,8.8625,9.96,11.12,9.38,0.53,5.59,8.4353
2026-04-13T16:10:00+00:00,7.66,8.8716,9.22,10.24,8.53,0.63,4.47,8.4311
2026-04-13T16:12:30+00:00,7.45,8.8798,8.36,9.42,7.48,0.77,3.92,8.4269
2026-04-13T16:15:00+00:00,7.93,8.8872,5.85,5.85,5.85,0.86,8.17,8.4227
2026-04-13T16:17:30+00:00,7.86,8.8936,7.93,7.93,7.93,0.55,7.9,8.4185
2026-04-13T16:20:00+00:00,8.15,8.8993,7.81,7.81,7.81,0.52,9.96,8.4143
2026-04-13T16:22:30+00:00,8.74,8.9042,8.9,8.9,8.9,0.57,13.47,8.4101
2026-04-13T16:25:00+00:00,9.11,8.8215,10.92,10.92,10.92,1.0,14.67,8.4059
2026-04-13T16:27:30+00:00,9.42,8.741,11.81,11.81,11.81,1.13,15.21,8.4018
2026-04-13T16:30:00+00:00,9.25,8.6625,12.37,12.37,12.37,1.18,12.54,8.3976
2026-04-13T16:32:30+00:00,9.09,8.5862,11.12,11.12,11.12,0.71,10.29,8.3934
2026-04-13T16:37:30+00:00,8.55,8.4395,9.17,9.17,9.17,0.35,5.69,8.3893
2026-04-13T16:40:00+00:00,8.5,8.4353,7.65,7.65,7.65,0.57,5.79,8.3851
2026-04-13T16:42:30+00:00,8.15,8.4311,7.56,7.56,7.56,0.58,3.96,8.3809
2026-04-13T16:45:00+00:00,8.01,8.4269,6.46,6.46,6.46,0.89,4.04,8.3768
2026-04-13T16:47:30+00:00,8.02,8.4227,6.31,6.31,6.31,0.89,5.14,8.3726
2026-04-13T16:50:00+00:00,7.86,8.4185,6.7,6.7,6.7,0.73,5.0,8.3643
2026-04-13T16:52:30+00:00,7.56,8.4143,6.5,6.5,6.5,0.75,3.89,8.3601
2026-04-13T16:55:00+00:00,7.56,8.4101,5.79,5.79,5.79,0.92,5.09,8.3559
2026-04-13T16:57:30+00:00,7.62,8.4059,6.27,6.27,6.27,0.72,6.47,8.3518
2026-04-13T17:00:00+00:00,7.52,8.4018,6.89,6.89,6.89,0.49,6.39,8.3476
2026-04-13T17:02:30+00:00,7.65,8.3976,6.81,6.81,6.81,0.48,7.88,8.3434
2026-04-13T17:05:00+00:00,7.68,8.3934,7.56,7.56,7.56,0.24,8.34,8.3393
2026-04-13T17:07:30+00:00,7.81,8.3893,7.82,7.82,7.82,0.16,9.28,8.3351
2026-04-13T17:10:00+00:00,7.81,8.3851,8.36,8.36,8.36,0.14,9.11,8.3309
2026-04-13T17:12:30+00:00,7.76,8.3809,8.35,8.35,8.35,0.13,8.59,8.3268
2026-04-13T17:15:00+00:00,7.47,8.3768,8.14,8.14,8.14,0.12,6.52,8.3226
2026-04-13T17:17:30+00:00,7.39,8.3726,7.1,7.1,7.1,0.34,6.29,8.3184
2026-04-13T17:22:30+00:00,7.7,8.3643,7.57,7.57,7.57,0.19,8.81,8.3143
2026-04-13T17:25:00+00:00,7.7,8.3601,8.22,8.22,8.22,0.13,8.55,8.3101
2026-04-13T17:27:30+00:00,8.03,8.3559,8.13,8.13,8.13,0.12,10.57,8.3059
2026-04-13T17:30:00+00:00,7.94,8.3518,9.24,9.24,9.24,0.36,9.36,8.3018
2026-04-13T17:32:30+00:00,8.11,8.3476,8.72,8.72,8.72,0.2,10.04,8.2976
2026-04-13T17:35:00+00:00,8.42,8.3434,9.14,9.14,9.14,0.29,11.54,8.2934
2026-04-13T17:37:30+00:00,8.91,8.3393,10.02,10.02,10.02,0.52,13.72,8.2893
2026-04-13T17:40:00+00:00,8.94,8.3351,11.4,11.4,11.4,0.88,12.58,8.2851
2026-04-13T17:42:30+00:00,8.93,8.3309,10.92,10.92,10.92,0.68,11.26,8.2809
2026-04-13T17:45:00+00:00,8.78,8.3268,10.38,10.38,10.38,0.46,9.34,8.2768
2026-04-13T17:47:30+00:00,8.79,8.3226,9.46,9.46,9.46,0.17,8.86,8.2726
2026-04-13T17:50:00+00:00,8.56,8.3184,9.22,9.22,9.22,0.11,6.99,8.2684
2026-04-13T17:52:30+00:00,7.94,8.3143,8.22,8.22,8.22,0.31,3.08,8.2643
2026-04-13T17:55:00+00:00,7.46,8.3101,6.0,6.0,6.0,0.96,2.2,8.2601
2026-04-13T17:57:30+00:00,7.39,8.3059,4.64,4.64,4.64,1.33,2.22,8.2559
2026-04-13T18:00:00+00:00,7.35,8.3018,4.99,4.99,4.99,1.18,3.43,8.2518
2026-04-13T18:02:30+00:00,7.3,8.2976,5.4,5.4,5.4,1.0,4.27,8.2476
2026-04-13T18:05:00+00:00,7.19,8.2934,5.74,5.74,5.74,0.83,4.65,8.2434
2026-04-13T18:07:30+00:00,7.19,8.2893,5.82,5.82,5.82,0.75,5.64,8.2393
2026-04-13T18:10:00+00:00,7.43,8.2851,6.24,6.24,6.24,0.58,8.07,8.2351
2026-04-13T18:12:30+00:00,7.57,8.2809,7.46,7.46,7.46,0.2,9.24,8.2309
2026-04-13T18:15:00+00:00,7.94,8.2768,8.12,8.12,8.12,0.13,11.57,8.2268
2026-04-13T18:17:30+00:00,7.93,8.2726,9.44,9.44,9.44,0.47,10.79,8.2226
2026-04-13T18:20:00+00:00,8.31,8.2684,9.21,9.21,9.21,0.38,12.68,8.2184
2026-04-13T18:22:30+00:00,8.43,8.2643,10.34,10.34,10.34,0.69,12.39,8.2143
2026-04-13T18:25:00+00:00,8.39,8.2601,10.39,10.39,10.39,0.66,10.98,8.2101
2026-04-13T18:27:30+00:00,8.13,8.2559,9.83,9.83,9.83,0.45,8.34,8.1656
2026-04-13T18:30:00+00:00,7.93,8.2518,8.55,8.55,8.55,0.11,6.68,8.028
2026-04-13T18:32:30+00:00,7.68,8.2476,7.67,7.67,7.67,0.28,5.15,7.6491
2026-04-13T18:35:00+00:00,8.11,8.2434,6.8,6.8,6.8,0.54,8.48,6.7299
2026-04-13T18:37:30+00:00,8.22,8.2393,8.43,8.43,8.43,0.11,9.1,4.8559
2026-04-13T18:40:00+00:00,8.27,8.2351,8.77,8.77,8.77,0.13,9.1,3.4141
2026-04-13T18:42:30+00:00,8.46,8.2309,8.81,8.81,8.81,0.13,10.13,2.4321
2026-04-13T18:45:00+00:00,8.77,8.2268,9.38,9.38,9.38,0.25,11.62,2.2
2026-04-13T18:47:30+00:00,8.79,8.2226,10.24,10.24,10.24,0.47,10.94,2.2
2026-04-13T18:50:00+00:00,8.74,8.2184,10.01,10.01,10.01,0.37,9.82,2.2
2026-04-13T18:52:30+00:00,8.74,8.2143,9.51,9.51,9.51,0.2,9.33,2.2
2026-04-13T18:55:00+00:00,8.73,8.2101,9.29,9.29,9.29,0.13,8.94,2.2389
2026-04-13T18:57:30+00:00,8.5,8.1656,2.2,2.2,2.2,1.59,7.14,2.2792
2026-04-13T19:00:00+00:00,8.02,8.028,2.2,2.2,2.2,1.46,4.07,2.3479
2026-04-13T19:02:30+00:00,7.59,7.6491,2.2,2.2,2.2,1.3,2.3,2.4332
2026-04-13T19:05:00+00:00,7.25,6.7299,2.2,2.2,2.2,1.19,2.2,2.5295
2026-04-13T19:07:30+00:00,6.52,4.8559,2.2,2.2,2.2,1.13,2.2,2.6335
2026-04-13T19:10:00+00:00,5.58,3.4141,2.2,2.2,2.2,0.99,2.2,2.7434
2026-04-13T19:12:30+00:00,4.26,2.4321,2.2,2.2,2.2,1.51,2.2,2.858
2026-04-13T19:15:00+00:00,2.9,2.2,2.2,2.2,2.2,1.37,2.2,2.9762
2026-04-13T19:17:30+00:00,2.07,2.2,2.2,2.2,2.2,0.92,2.2,3.0973
2026-04-13T19:20:00+00:00,1.66,2.2,2.2,2.2,2.2,0.82,2.2,3.2207
2026-04-13T19:22:30+00:00,1.53,2.2,2.2,2.2,2.2,0.74,2.2,3.3458
2026-04-13T19:25:00+00:00,1.61,2.2389,2.2,2.2,2.2,0.64,2.2,3.4721
2026-04-13T19:27:30+00:00,1.79,2.2792,2.2,2.2,2.2,0.6,2.2,3.5991
2026-04-13T19:30:00+00:00,2.02,2.3479,2.2,2.2,2.2,0.68,4.57,3.7263
2026-04-13T19:32:30+00:00,2.25,2.4332,2.2,2.2,2.2,0.69,6.96,3.9847
2026-04-13T19:35:00+00:00,2.46,2.5295,2.2,2.2,2.2,0.75,8.32,4.2423
2026-04-13T19:37:30+00:00,2.62,2.6335,2.2,2.2,2.2,0.79,8.62,4.4983
2026-04-13T19:40:00+00:00,2.73,2.7434,2.2,2.2,2.2,0.8,8.37,4.7522
2026-04-13T19:42:30+00:00,2.78,2.858,2.2,2.2,2.2,0.98,7.65,5.0035
2026-04-13T19:45:00+00:00,2.8,2.9762,2.2,2.2,2.2,0.89,6.78,5.2518
2026-04-13T19:47:30+00:00,2.78,3.0973,2.2,2.2,2.2,0.94,5.65,5.4967
2026-04-13T19:50:00+00:00,2.86,3.2207,2.2,2.2,2.2,0.96,5.34,5.7378
2026-04-13T19:52:30+00:00,3.04,3.3458,2.2,2.2,2.2,0.8,5.73,5.9749
2026-04-13T19:55:00+00:00,2.96,3.4721,2.2,2.2,2.2,0.92,4.29,6.2076
2026-04-13T19:57:30+00:00,2.8,3.5991,2.2,2.2,2.2,0.94,2.62,6.4357
2026-04-13T20:00:00+00:00,2.67,3.7263,2.2,2.2,2.2,0.89,2.2,6.6591
2026-04-13T20:02:30+00:00,2.7,3.9847,2.2,2.2,2.2,0.88,2.2,6.8776
2026-04-13T20:05:00+00:00,2.59,4.2423,2.2,2.2,2.2,0.84,2.2,7.0911
2026-04-13T20:07:30+00:00,3.07,4.4983,2.2,2.2,2.2,0.87,4.64,7.2994
2026-04-13T20:10:00+00:00,3.38,4.7522,2.2,2.2,2.2,0.96,6.2,7.5025
2026-04-13T20:12:30+00:00,3.36,5.0035,2.2,2.2,2.2,1.01,5.29,7.7003
2026-04-13T20:15:00+00:00,3.54,5.2518,2.2,2.2,2.2,1.07,5.85,7.8927
2026-04-13T20:17:30+00:00,3.88,5.4967,2.2,2.2,2.2,1.07,7.32,8.0798
2026-04-13T20:20:00+00:00,4.18,5.7378,2.31,2.68,2.2,1.1,8.04,8.2616
2026-04-13T20:22:30+00:00,4.46,5.9749,2.31,2.87,2.2,1.19,8.58,8.438
2026-04-13T20:25:00+00:00,4.99,6.2076,2.78,4.85,2.2,1.23,10.61,8.609
2026-04-13T20:27:30+00:00,5.41,6.4357,3.05,4.74,2.2,1.26,11.47,8.7746
2026-04-13T20:30:00+00:00,5.82,6.6591,3.74,5.39,2.2,1.32,12.07,8.9347
2026-04-13T20:32:30+00:00,6.68,6.8776,4.28,6.82,2.2,1.35,15.42,9.0894
2026-04-13T20:35:00+00:00,7.08,7.0911,6.59,8.89,3.64,1.54,15.09,9.2388
2026-04-13T20:37:30+00:00,7.23,7.2994,7.27,10.38,3.81,1.52,13.14,9.383
2026-04-13T20:40:00+00:00,7.43,7.5025,6.78,8.71,4.79,1.45,11.94,9.522
2026-04-13T20:42:30+00:00,7.48,7.7003,6.38,10.08,3.0,1.45,10.15,9.656
2026-04-13T20:45:00+00:00,7.17,7.8927,6.81,9.0,3.06,1.28,6.51,9.785
2026-04-13T20:47:30+00:00,7.07,8.0798,3.77,5.68,2.2,1.81,5.1,9.9091
2026-04-13T20:50:00+00:00,7.37,8.2616,4.08,5.8,2.77,1.77,6.78,10.0285
2026-04-13T20:52:30+00:00,7.39,8.438,4.73,7.41,2.2,1.58,6.5,10.1431
2026-04-13T20:55:00+00:00,7.42,8.609,4.25,6.66,2.2,1.74,6.41,10.253
2026-04-13T20:57:30+00:00,7.88,8.7746,4.74,7.55,2.46,1.54,9.3,10.3582
2026-04-13T21:00:00+00:00,8.39,8.9347,5.64,8.6,2.87,1.56,12.01,10.4588
2026-04-13T21:02:30+00:00,8.76,9.0894,7.7,9.74,6.3,1.34,13.03,10.555
2026-04-13T21:05:00+00:00,8.81,9.2388,8.41,10.89,5.36,1.27,12.03,10.6469
2026-04-13T21:07:30+00:00,9.19,9.383,8.14,11.26,6.4,1.23,13.09,10.7346
2026-04-13T21:10:00+00:00,9.58,9.522,8.4,10.66,5.61,1.31,14.19,10.8183
2026-04-13T21:12:30+00:00,9.73,9.656,10.1,11.94,7.15,1.19,13.42,10.898
2026-04-13T21:15:00+00:00,9.82,9.785,9.8,12.72,7.63,1.08,12.67,10.9739
2026-04-13T21:17:30+00:00,9.79,9.9091,9.96,12.2,7.53,1.08,11.12,11.0461
2026-04-13T21:20:00+00:00,9.62,10.0285,8.79,11.19,7.27,1.08,9.08,11.1146
2026-04-13T21:22:30+00:00,9.19,10.1431,7.64,10.16,5.49,1.36,5.78,11.1797
2026-04-13T21:25:00+00:00,9.02,10.253,6.65,8.9,3.99,1.39,5.02,11.2415
2026-04-13T21:27:30+00:00,9.39,10.3582,5.87,8.9,3.23,1.61,8.25,11.3
2026-04-13T21:30:00+00:00,9.51,10.4588,7.72,9.59,5.44,1.14,9.21,11.3553
2026-04-13T21:32:30+00:00,9.69,10.555,7.48,9.93,4.97,1.25,10.35,11.4076
2026-04-13T21:35:00+00:00,9.91,10.6469,8.89,10.59,7.44,0.99,11.58,11.457
2026-04-13T21:37:30+00:00,10.04,10.7346,9.17,11.64,7.26,0.94,11.93,11.5036
2026-04-13T21:40:00+00:00,10.06,10.8183,9.93,12.24,8.05,0.91,11.45,11.5475
2026-04-13T21:42:30+00:00,10.3,10.898,9.45,11.8,7.24,0.96,12.57,11.5887
2026-04-13T21:45:00+00:00,10.5,10.9739,10.15,11.98,8.11,0.96,13.14,11.6274
2026-04-13T21:47:30+00:00,10.47,11.0461,11.57,13.67,9.71,1.05,12.06,11.6637
2026-04-13T21:50:00+00:00,10.2,11.1146,10.74,12.23,9.2,0.99,9.58,11.6976
2026-04-13T21:52:30+00:00,10.14,11.1797,9.54,11.28,7.79,0.9,9.13,11.7293
2026-04-13T21:55:00+00:00,10.34,11.2415,8.29,10.28,6.47,1.09,10.51,11.7588
2026-04-13T21:57:30+00:00,10.81,11.3,9.4,12.09,7.69,0.95,13.43,11.7863
2026-04-13T22:00:00+00:00,11.09,11.3553,11.3,12.9,9.59,1.04,14.49,11.8117
2026-04-13T22:02:30+00:00,11.37,11.4076,11.98,13.9,10.39,1.11,15.32,11.8353
2026-04-13T22:05:00+00:00,11.85,11.457,12.63,14.2,11.15,1.25,17.04,11.857
2026-04-13T22:07:30+00:00,11.61,11.5036,14.28,15.59,12.89,1.64,13.9,11.877
2026-04-13T22:10:00+00:00,11.55,11.5475,12.0,13.8,10.64,1.07,12.54,11.8952
2026-04-13T22:12:30+00:00,11.18,11.5887,11.6,12.81,10.03,0.97,9.35,11.9119
2026-04-13T22:15:00+00:00,11.08,11.6274,10.29,11.37,8.68,0.78,8.79,11.927
2026-04-13T22:17:30+00:00,11.18,11.6637,9.49,11.39,7.89,0.79,9.73,11.9407
2026-04-13T22:20:00+00:00,11.59,11.6976,10.31,12.52,8.52,0.71,12.65,11.9529
2026-04-13T22:22:30+00:00,11.92,11.7293,11.81,12.92,10.53,0.89,14.45,11.9638
2026-04-13T22:25:00+00:00,11.83,11.7588,12.37,13.81,11.28,1.03,13.04,11.9734
2026-04-13T22:27:30+00:00,11.81,11.7863,12.29,13.15,11.23,0.92,12.47,11.8653
2026-04-13T22:30:00+00:00,11.49,11.8117,11.91,13.48,10.18,0.87,9.92,11.7601
2026-04-13T22:32:30+00:00,11.2,11.8353,14.54,15.54,12.85,0.73,8.2,11.6577
2026-04-13T22:35:00+00:00,11.31,11.857,12.49,13.67,11.45,0.7,9.6,11.5581
2026-04-13T22:37:30+00:00,11.42,11.877,13.75,15.06,12.42,0.69,10.78,11.4611
2026-04-13T22:40:00+00:00,11.15,11.8952,13.91,15.28,12.96,0.68,9.15,11.3669
2026-04-13T22:42:30+00:00,11.19,11.9119,13.0,14.22,11.67,0.66,10.0,11.3566
2026-04-13T22:45:00+00:00,11.14,11.927,13.27,14.59,11.8,0.68,10.08,11.3463
2026-04-13T22:47:30+00:00,11.47,11.9407,10.58,10.58,10.58,0.74,12.63,11.3361
2026-04-13T22:50:00+00:00,11.68,11.9529,11.88,11.88,11.88,0.76,13.9,11.3259
2026-04-13T22:52:30+00:00,11.89,11.9638,12.6,12.6,12.6,0.85,14.75,11.3157
2026-04-13T22:55:00+00:00,12.26,11.9734,13.16,13.16,13.16,1.05,16.51,11.3055
2026-04-13T22:57:30+00:00,12.08,11.8653,14.21,14.21,14.21,1.23,14.15,11.2954
2026-04-13T23:00:00+00:00,11.86,11.7601,13.16,13.16,13.16,0.91,11.94,11.2854
2026-04-13T23:02:30+00:00,12.0,11.6577,12.09,12.09,12.09,0.68,12.67,11.2753
2026-04-13T23:05:00+00:00,11.8,11.5581,12.47,12.47,12.47,0.69,11.0,11.2653
2026-04-13T23:07:30+00:00,12.0,11.4611,11.61,11.61,11.61,0.56,12.37,11.2553
2026-04-13T23:10:00+00:00,11.63,11.3669,12.28,12.28,12.28,0.53,9.63,11.2454
2026-04-13T23:12:30+00:00,11.58,11.3566,10.85,10.85,10.85,0.26,9.72,11.2256
2026-04-13T23:15:00+00:00,11.74,11.3463,10.8,10.8,10.8,0.27,11.22,11.2157
2026-04-13T23:17:30+00:00,11.59,11.3361,11.5,11.5,11.5,0.09,10.36,11.2059
2026-04-13T23:20:00+00:00,11.38,11.3259,11.02,11.02,11.02,0.18,9.25,11.1961
2026-04-13T23:22:30+00:00,11.06,11.3157,10.38,10.38,10.38,0.35,7.72,11.1863
2026-04-13T23:25:00+00:00,10.65,11.3055,9.48,9.48,9.48,0.58,6.15,11.1766
2026-04-13T23:27:30+00:00,10.85,11.2954,8.41,8.41,8.41,0.85,8.65,11.1669
2026-04-13T23:30:00+00:00,11.38,11.2854,9.61,9.61,9.61,0.44,13.07,11.1572
2026-04-13T23:32:30+00:00,11.59,11.2753,11.84,11.84,11.84,0.3,14.36,11.1476
2026-04-13T23:35:00+00:00,11.57,11.2653,12.61,12.61,12.61,0.52,13.7,11.138
2026-04-13T23:37:30+00:00,11.38,11.2553,12.4,12.4,12.4,0.45,11.96,11.1284
2026-04-13T23:40:00+00:00,10.94,11.2454,11.59,11.59,11.59,0.21,8.97,11.1188
2026-04-13T23:45:00+00:00,10.83,11.2256,9.74,9.74,9.74,0.36,9.37,11.1093
2026-04-13T23:47:30+00:00,10.76,11.2157,10.06,10.06,10.06,0.24,9.42,11.0998
2026-04-13T23:50:00+00:00,10.49,11.2059,10.02,10.02,10.02,0.23,8.07,11.0904
2026-04-13T23:52:30+00:00,10.77,11.1961,9.25,9.25,9.25,0.42,10.7,11.0809
2026-04-13T23:55:00+00:00,10.83,11.1863,10.53,10.53,10.53,0.11,11.32,11.0715
2026-04-13T23:57:30+00:00,10.66,11.1766,10.86,10.86,10.86,0.16,10.26,11.0622
2026-04-14T00:00:00+00:00,10.8,11.1669,10.34,10.34,10.34,0.11,11.44,11.0528
2026-04-14T00:02:30+00:00,10.65,11.1572,10.95,10.95,10.95,0.19,10.42,11.0435
2026-04-14T00:05:00+00:00,10.54,11.1476,10.45,10.45,10.45,0.11,9.82,11.0342
2026-04-14T00:07:30+00:00,10.62,11.138,10.12,10.12,10.12,0.13,10.61,11.025
2026-04-14T00:10:00+00:00,10.47,11.1284,10.51,10.51,10.51,0.12,9.7,11.0158
2026-04-14T00:12:30+00:00,10.78,11.1188,10.03,10.03,10.03,0.13,12.05,11.0066
2026-04-14T00:15:00+00:00,10.97,11.1093,11.23,11.23,11.23,0.32,13.11,10.9974
2026-04-14T00:17:30+00:00,10.78,11.0998,11.85,11.85,11.85,0.49,11.36,10.9883
2026-04-14T00:20:00+00:00,10.27,11.0904,11.03,11.03,11.03,0.25,7.79,10.9792
2026-04-14T00:22:30+00:00,10.19,11.0809,9.18,9.18,9.18,0.36,7.8,10.9701
2026-04-14T00:25:00+00:00,9.89,11.0715,9.07,9.07,9.07,0.37,6.49,10.961
2026-04-14T00:27:30+00:00,9.95,11.0622,8.27,8.27,8.27,0.57,7.88,10.952
2026-04-14T00:30:00+00:00,9.94,11.0528,8.84,8.84,8.84,0.36,8.52,10.943
2026-04-14T00:32:30+00:00,9.95,11.0435,9.09,9.09,9.09,0.26,9.15,10.934
2026-04-14T00:35:00+00:00,10.4,11.0342,9.37,9.37,9.37,0.17,12.56,10.9251
2026-04-14T00:37:30+00:00,10.41,11.025,11.13,11.13,11.13,0.45,12.32,10.9162
2026-04-14T00:40:00+00:00,10.35,11.0158,11.11,11.11,11.11,0.44,11.5,10.9073
2026-04-14T00:42:30+00:00,10.26,11.0066,10.78,10.78,10.78,0.33,10.67,10.8985
2026-04-14T00:45:00+00:00,10.37,10.9974,10.39,10.39,10.39,0.23,11.3,10.8896
2026-04-14T00:47:30+00:00,10.25,10.9883,10.74,10.74,10.74,0.32,10.28,10.8808
2026-04-14T00:50:00+00:00,10.24,10.9792,10.25,10.25,10.25,0.19,10.17,10.8721
2026-04-14T00:52:30+00:00,10.2,10.9701,10.19,10.19,10.19,0.17,9.91,10.8633
2026-04-14T00:55:00+00:00,10.14,10.961,10.05,10.05,10.05,0.15,9.56,10.8546
2026-04-14T00:57:30+00:00,10.37,10.952,9.85,9.85,9.85,0.13,11.23,10.8459
2026-04-14T01:00:00+00:00,10.46,10.943,10.7,10.7,10.7,0.31,11.65,10.8372
2026-04-14T01:02:30+00:00,10.46,10.934,10.96,10.96,10.96,0.38,11.29,10.8286
2026-04-14T01:05:00+00:00,10.16,10.9251,10.83,10.83,10.83,0.33,9.02,10.82
2026-04-14T01:07:30+00:00,10.06,10.9162,9.66,9.66,9.66,0.15,8.6,10.8114
2026-04-14T01:10:00+00:00,10.26,10.9073,9.39,9.39,9.39,0.19,10.31,10.8029
2026-04-14T01:12:30+00:00,10.39,10.8985,10.22,10.22,10.22,0.19,11.2,10.7944
2026-04-14T01:15:00+00:00,10.31,10.8896,10.69,10.69,10.69,0.31,10.47,10.7859
2026-04-14T01:17:30+00:00,10.6,10.8808,10.34,10.34,10.34,0.22,12.35,10.7774
2026-04-14T01:20:00+00:00,10.81,10.8721,11.34,11.34,11.34,0.48,13.27,10.7689
2026-04-14T01:22:30+00:00,10.82,10.8633,11.9,11.9,11.9,0.63,12.68,10.7605
2026-04-14T01:25:00+00:00,10.48,10.8546,11.7,11.7,11.7,0.55,9.82,10.7521
2026-04-14T01:27:30+00:00,10.4,10.8459,10.28,10.28,10.28,0.16,9.26,10.7438
2026-04-14T01:30:00+00:00,10.56,10.8372,9.94,9.94,9.94,0.15,10.55,10.7354
2026-04-14T01:32:30+00:00,10.55,10.8286,10.56,10.56,10.56,0.22,10.37,10.7271
2026-04-14T01:35:00+00:00,10.85,10.82,10.46,10.46,10.46,0.2,12.42,10.7188
2026-04-14T01:37:30+00:00,10.96,10.8114,11.53,11.53,11.53,0.47,12.72,10.7106
2026-04-14T01:40:00+00:00,10.69,10.8029,11.76,11.76,11.76,0.52,10.38,10.7023
2026-04-14T01:42:30+00:00,10.73,10.7944,10.61,10.61,10.61,0.2,10.59,10.6941
2026-04-14T01:45:00+00:00,10.63,10.7859,10.69,10.69,10.69,0.22,9.87,10.6859
2026-04-14T01:47:30+00:00,10.62,10.7774,10.3,10.3,10.3,0.15,9.88,10.6778
2026-04-14T01:50:00+00:00,10.65,10.7689,10.27,10.27,10.27,0.15,10.25,10.6696
2026-04-14T01:52:30+00:00,10.67,10.7605,10.43,10.43,10.43,0.17,10.45,10.6615
2026-04-14T01:55:00+00:00,10.73,10.7521,10.51,10.51,10.51,0.19,10.91,10.6534
2026-04-14T01:57:30+00:00,10.56,10.7438,10.74,10.74,10.74,0.24,9.77,10.6454
2026-04-14T02:00:00+00:00,10.43,10.7354,10.15,10.15,10.15,0.15,9.1,10.6374
2026-04-14T02:02:30+00:00,9.88,10.7271,9.76,9.76,9.76,0.18,5.74,10.6294
2026-04-14T02:05:00+00:00,9.86,10.7188,7.93,7.93,7.93,0.65,6.74,10.6214
2026-04-14T02:07:30+00:00,9.87,10.7106,8.26,8.26,8.26,0.5,7.78,10.6134
2026-04-14T02:10:00+00:00,9.92,10.7023,8.67,8.67,8.67,0.35,8.88,10.6055
2026-04-14T02:12:30+00:00,9.9,10.6941,9.16,9.16,9.16,0.2,9.27,10.5976
2026-04-14T02:15:00+00:00,9.97,10.6859,9.33,9.33,9.33,0.17,10.11,10.5897
2026-04-14T02:17:30+00:00,9.85,10.6778,9.76,9.76,9.76,0.19,9.5,10.5819
2026-04-14T02:20:00+00:00,9.94,10.6696,9.45,9.45,9.45,0.16,10.4,10.574
2026-04-14T02:22:30+00:00,10.32,10.6615,9.92,9.92,9.92,0.24,12.99,10.5662
2026-04-14T02:25:00+00:00,10.38,10.6534,11.31,11.31,11.31,0.62,12.86,10.5584
2026-04-14T02:27:30+00:00,10.33,10.6454,11.36,11.36,11.36,0.62,11.9,10.5507
2026-04-14T02:30:00+00:00,10.13,10.6374,10.98,10.98,10.98,0.49,10.1,10.5429
2026-04-14T02:32:30+00:00,10.0,10.6294,10.1,10.1,10.1,0.25,9.19,10.5352
2026-04-14T02:35:00+00:00,9.89,10.6214,9.61,9.61,9.61,0.17,8.59,10.5276
2026-04-14T02:37:30+00:00,9.88,10.6134,9.26,9.26,9.26,0.17,8.87,10.5199
2026-04-14T02:40:00+00:00,9.8,10.6055,9.34,9.34,9.34,0.16,8.6,10.5123
2026-04-14T02:42:30+00:00,9.78,10.5976,9.16,9.16,9.16,0.18,8.84,10.5046
2026-04-14T02:45:00+00:00,9.99,10.5897,9.22,9.22,9.22,0.17,10.49,10.4971
2026-04-14T02:47:30+00:00,9.81,10.5819,10.05,10.05,10.05,0.28,9.27,10.4895
2026-04-14T02:50:00+00:00,9.72,10.574,9.44,9.44,9.44,0.17,8.89,10.482
2026-04-14T02:52:30+00:00,9.84,10.5662,9.21,9.21,9.21,0.16,9.97,10.4744
2026-04-14T02:55:00+00:00,10.13,10.5584,9.75,9.75,9.75,0.23,11.93,10.4669
2026-04-14T02:57:30+00:00,10.66,10.5507,10.79,10.79,10.79,0.5,15.09,10.4595
2026-04-14T03:00:00+00:00,10.79,10.5429,12.53,12.53,12.53,1.0,14.81,10.452
2026-04-14T03:02:30+00:00,10.93,10.5352,12.6,12.6,12.6,0.97,14.61,10.4446
2026-04-14T03:05:00+00:00,11.12,10.5276,12.67,12.67,12.67,0.94,14.74,10.4372
2026-04-14T03:07:30+00:00,10.94,10.5199,12.9,12.9,12.9,0.96,12.28,10.4298
2026-04-14T03:10:00+00:00,10.8,10.5123,11.76,11.76,11.76,0.57,10.67,10.4225
2026-04-14T03:12:30+00:00,11.11,10.5046,10.96,10.96,10.96,0.32,12.42,10.4152
2026-04-14T03:15:00+00:00,11.04,10.4971,11.86,11.86,11.86,0.55,11.4,10.4079
2026-04-14T03:17:30+00:00,10.93,10.4895,11.37,11.37,11.37,0.38,10.3,10.4006
2026-04-14T03:20:00+00:00,11.07,10.482,10.79,10.79,10.79,0.22,11.09,10.3933
2026-04-14T03:22:30+00:00,10.82,10.4744,11.17,11.17,11.17,0.3,9.26,10.3861
2026-04-14T03:25:00+00:00,10.81,10.4669,10.2,10.2,10.2,0.17,9.43,10.3789
2026-04-14T03:27:30+00:00,10.77,10.4595,10.21,10.21,10.21,0.17,9.38,10.3717
2026-04-14T03:30:00+00:00,10.88,10.452,10.11,10.11,10.11,0.18,10.46,10.3645
2026-04-14T03:32:30+00:00,10.62,10.4446,10.61,10.61,10.61,0.19,8.81,10.3573
2026-04-14T03:35:00+00:00,10.09,10.4372,9.72,9.72,9.72,0.23,5.69,10.3502
2026-04-14T03:37:30+00:00,9.62,10.4298,8.0,8.0,8.0,0.68,3.97,10.3431
2026-04-14T03:40:00+00:00,9.42,10.4225,6.78,6.78,6.78,0.98,4.28,10.336
2026-04-14T03:42:30+00:00,9.23,10.4152,6.68,6.68,6.68,0.94,4.72,10.329
2026-04-14T03:45:00+00:00,9.22,10.4079,6.69,6.69,6.69,0.86,6.02,10.322
2026-04-14T03:47:30+00:00,9.63,10.4006,7.27,7.27,7.27,0.62,10.08,10.3149
2026-04-14T03:50:00+00:00,10.08,10.3933,9.28,9.28,9.28,0.18,13.5,10.3079
2026-04-14T03:52:30+00:00,10.18,10.3861,11.12,11.12,11.12,0.67,13.67,10.301
2026-04-14T03:55:00+00:00,10.46,10.3789,11.39,11.39,11.39,0.74,14.9,10.294
2026-04-14T03:57:30+00:00,10.64,10.3717,12.2,12.2,12.2,0.96,15.11,10.2871
2026-04-14T04:00:00+00:00,10.69,10.3645,12.53,12.53,12.53,1.01,14.3,10.2802
2026-04-14T04:02:30+00:00,10.36,10.3573,12.31,12.31,12.31,0.9,11.01,10.2733
2026-04-14T04:05:00+00:00,10.35,10.3502,10.74,10.74,10.74,0.41,10.6,10.2665
2026-04-14T04:07:30+00:00,10.48,10.3431,10.54,10.54,10.54,0.34,11.22,10.2596
2026-04-14T04:10:00+00:00,10.6,10.336,10.87,10.87,10.87,0.41,11.66,10.2528
2026-04-14T04:12:30+00:00,10.27,10.329,11.13,11.13,11.13,0.46,8.99,10.246
2026-04-14T04:15:00+00:00,9.81,10.322,9.76,9.76,9.76,0.16,6.05,10.2392
2026-04-14T04:17:30+00:00,9.76,10.3149,8.15,8.15,8.15,0.5,6.6,10.2325
2026-04-14T04:20:00+00:00,9.72,10.3079,8.26,8.26,8.26,0.44,7.12,10.2258
2026-04-14T04:22:30+00:00,9.56,10.301,8.38,8.38,8.38,0.38,6.83,10.219
2026-04-14T04:25:00+00:00,9.7,10.294,8.11,8.11,8.11,0.42,8.63,10.2124
2026-04-14T04:27:30+00:00,10.03,10.2871,8.94,8.94,8.94,0.19,11.3,10.2057
2026-04-14T04:30:00+00:00,10.21,10.2802,10.31,10.31,10.31,0.37,12.38,10.199
2026-04-14T04:32:30+00:00,10.35,10.2733,10.94,10.94,10.94,0.54,12.87,10.1924
2026-04-14T04:35:00+00:00,10.11,10.2665,11.31,11.31,11.31,0.63,10.71,10.1858
2026-04-14T04:37:30+00:00,9.79,10.2596,10.29,10.29,10.29,0.33,8.38,10.1792
2026-04-14T04:40:00+00:00,9.65,10.2528,9.09,9.09,9.09,0.18,7.76,10.1727
2026-04-14T04:42:30+00:00,9.68,10.246,8.7,8.7,8.7,0.24,8.47,10.1661
2026-04-14T04:45:00+00:00,9.61,10.2392,8.98,8.98,8.98,0.18,8.38,10.1596
2026-04-14T04:47:30+00:00,9.57,10.2325,8.88,8.88,8.88,0.18,8.52,10.1531
2026-04-14T04:50:00+00:00,10.23,10.2258,8.9,8.9,8.9,0.17,13.33,10.1466
2026-04-14T04:52:30+00:00,10.52,10.219,11.39,11.39,11.39,0.71,14.58,10.1402
2026-04-14T04:55:00+00:00,10.58,10.2124,12.2,12.2,12.2,0.92,13.93,10.1337
2026-04-14T04:57:30+00:00,10.49,10.2057,12.04,12.04,12.04,0.84,12.36,10.1273
2026-04-14T05:00:00+00:00,10.37,10.199,11.37,11.37,11.37,0.6,10.91,10.1209
2026-04-14T05:02:30+00:00,10.15,10.1924,10.68,10.68,10.68,0.38,9.12,10.1145
2026-04-14T05:05:00+00:00,9.83,10.1858,9.76,9.76,9.76,0.16,7.08,10.1081
2026-04-14T05:07:30+00:00,9.26,10.1792,8.63,8.63,8.63,0.33,4.03,10.1018
2026-04-14T05:10:00+00:00,8.91,10.1727,6.79,6.79,6.79,0.83,3.04,10.0955
2026-04-14T05:12:30+00:00,8.86,10.1661,6.0,6.0,6.0,1.01,4.38,10.0892
2026-04-14T05:15:00+00:00,8.75,10.1596,6.45,6.45,6.45,0.81,5.06,10.0829
2026-04-14T05:17:30+00:00,8.73,10.1531,6.61,6.61,6.61,0.7,6.14,10.0766
2026-04-14T05:20:00+00:00,8.62,10.1466,7.1,7.1,7.1,0.5,6.49,10.0704
2026-04-14T05:22:30+00:00,8.76,10.1402,7.19,7.19,7.19,0.42,8.34,10.0642
2026-04-14T05:25:00+00:00,9.17,10.1337,8.08,8.08,8.08,0.17,11.63,10.058
2026-04-14T05:27:30+00:00,9.53,10.1273,9.81,9.81,9.81,0.49,13.76,10.0518
2026-04-14T05:30:00+00:00,9.86,10.1209,11.06,11.06,11.06,0.85,14.97,10.0456
2026-04-14T05:32:30+00:00,10.05,10.1145,12.0,12.0,12.0,1.1,15.02,10.0395
2026-04-14T05:35:00+00:00,10.25,10.1081,12.28,12.28,12.28,1.13,14.93,10.0334
2026-04-14T05:37:30+00:00,10.27,10.1018,12.46,12.46,12.46,1.13,13.85,10.0273
2026-04-14T05:40:00+00:00,10.17,10.0955,12.02,12.02,12.02,0.94,11.93,10.0212
2026-04-14T05:42:30+00:00,10.09,10.0892,11.16,11.16,11.16,0.63,10.58,10.0151
2026-04-14T05:45:00+00:00,9.96,10.0829,10.52,10.52,10.52,0.4,9.3,10.0091
2026-04-14T05:47:30+00:00,10.1,10.0766,9.85,9.85,9.85,0.21,10.06,10.003
2026-04-14T05:50:00+00:00,10.23,10.0704,10.21,10.21,10.21,0.28,10.72,9.997
2026-04-14T05:52:30+00:00,10.42,10.0642,10.54,10.54,10.54,0.35,11.65,9.991
2026-04-14T05:55:00+00:00,10.51,10.058,11.04,11.04,11.04,0.47,11.73,9.985
2026-04-14T05:57:30+00:00,10.7,10.0518,11.13,11.13,11.13,0.47,12.45,9.9791
2026-04-14T06:00:00+00:00,10.4,10.0456,11.55,11.55,11.55,0.6,9.79,9.9731
2026-04-14T06:02:30+00:00,10.17,10.0395,10.22,10.22,10.22,0.22,8.18,9.9671
2026-04-14T06:05:00+00:00,9.81,10.0334,9.34,9.34,9.34,0.2,6.1,9.9611
2026-04-14T06:07:30+00:00,9.42,10.0273,8.14,8.14,8.14,0.5,4.51,9.9552
2026-04-14T06:10:00+00:00,9.23,10.0212,7.04,7.04,7.04,0.79,4.57,9.9492
2026-04-14T06:12:30+00:00,9.33,10.0151,6.83,6.83,6.83,0.79,6.5,9.9433
2026-04-14T06:15:00+00:00,9.58,10.0091,7.72,7.72,7.72,0.48,9.13,9.9374
2026-04-14T06:17:30+00:00,9.89,10.003,8.99,8.99,8.99,0.16,11.6,9.9314
2026-04-14T06:20:00+00:00,9.82,9.997,10.28,10.28,10.28,0.41,10.98,9.9255
2026-04-14T06:22:30+00:00,9.9,9.991,10.05,10.05,10.05,0.34,11.4,9.9196
2026-04-14T06:25:00+00:00,9.63,9.985,10.33,10.33,10.33,0.42,9.33,9.9137
2026-04-14T06:27:30+00:00,9.74,9.9791,9.31,9.31,9.31,0.17,10.22,9.9078
2026-04-14T06:30:00+00:00,9.68,9.9731,9.77,9.77,9.77,0.27,9.74,9.9019
2026-04-14T06:32:30+00:00,9.67,9.9671,9.55,9.55,9.55,0.21,9.72,9.896
2026-04-14T06:35:00+00:00,9.53,9.9611,9.54,9.54,9.54,0.21,8.8,9.8901
2026-04-14T06:37:30+00:00,9.33,9.9552,9.06,9.06,9.06,0.15,7.69,9.8843
2026-04-14T06:40:00+00:00,9.14,9.9492,8.45,8.45,8.45,0.22,6.92,9.8784
2026-04-14T06:42:30+00:00,9.08,9.9433,7.96,7.96,7.96,0.32,7.13,9.8725
2026-04-14T06:45:00+00:00,8.89,9.9374,7.98,7.98,7.98,0.29,6.53,9.8667
2026-04-14T06:47:30+00:00,9.08,9.9314,7.58,7.58,7.58,0.37,8.55,9.8608
2026-04-14T06:50:00+00:00,9.21,9.9255,8.54,8.54,8.54,0.14,9.8,9.855
2026-04-14T06:52:30+00:00,9.23,9.9196,9.18,9.18,9.18,0.23,9.92,9.8492
2026-04-14T06:55:00+00:00,9.26,9.9137,9.28,9.28,9.28,0.26,10.1,9.8111
2026-04-14T06:57:30+00:00,9.37,9.9078,9.42,9.42,9.42,0.29,10.75,9.6988
2026-04-14T07:00:00+00:00,9.38,9.9019,9.8,9.8,9.8,0.4,10.55,9.3939
2026-04-14T07:02:30+00:00,9.16,9.896,9.76,9.76,9.76,0.37,8.8,8.6579
2026-04-14T07:05:00+00:00,9.13,9.8901,8.9,8.9,8.9,0.15,8.68,7.1602
2026-04-14T07:07:30+00:00,9.56,9.8843,8.82,8.82,8.82,0.14,11.68,4.78
2026-04-14T07:10:00+00:00,9.91,9.8784,10.38,10.38,10.38,0.54,13.48,3.816
2026-04-14T07:12:30+00:00,9.87,9.8725,11.43,11.43,11.43,0.82,12.24,3.0182
2026-04-14T07:15:00+00:00,9.75,9.8667,10.94,10.94,10.94,0.64,10.68,2.4968
2026-04-14T07:17:30+00:00,9.64,9.8608,10.22,10.22,10.22,0.4,9.54,2.2122
2026-04-14T07:20:00+00:00,9.33,9.855,9.66,9.66,9.66,0.22,7.33,2.2
2026-04-14T07:22:30+00:00,8.9,9.8492,2.2,2.2,2.2,1.89,4.81,2.2
2026-04-14T07:25:00+00:00,8.86,9.8111,2.2,2.2,2.2,1.65,5.51,2.2007
2026-04-14T07:27:30+00:00,8.94,9.6988,2.2,2.2,2.2,1.69,6.92,2.2316
2026-04-14T07:30:00+00:00,9.29,9.3939,2.2,2.2,2.2,1.71,9.93,2.2332
2026-04-14T07:32:30+00:00,9.87,8.6579,2.2,2.2,2.2,1.87,13.81,2.2502
2026-04-14T07:35:00+00:00,9.9,7.1602,2.2,2.2,2.2,2.1,13.11,2.2797
2026-04-14T07:37:30+00:00,9.61,4.78,3.62,5.98,2.2,2.07,10.37,2.3198
2026-04-14T07:40:00+00:00,8.76,3.816,3.04,4.28,2.2,2.39,4.38,2.3691
2026-04-14T07:42:30+00:00,7.52,3.0182,2.2,2.2,2.2,2.44,2.2,2.4265
2026-04-14T07:45:00+00:00,5.92,2.4968,2.2,2.2,2.2,2.12,2.2,2.491
2026-04-14T07:47:30+00:00,3.9,2.2122,2.2,2.2,2.2,1.41,2.2,2.5617
2026-04-14T07:50:00+00:00,2.45,2.2,2.2,2.2,2.2,0.85,2.2,2.638
2026-04-14T07:52:30+00:00,1.62,2.2,2.2,2.2,2.2,0.48,2.2,2.719
2026-04-14T07:55:00+00:00,1.11,2.2007,2.2,2.2,2.2,0.21,2.2,2.8042
2026-04-14T07:57:30+00:00,0.83,2.2316,2.2,2.2,2.2,0.07,2.2,2.8929
2026-04-14T08:00:00+00:00,0.84,2.2332,2.2,2.2,2.2,0.06,2.2,2.9846
2026-04-14T08:02:30+00:00,1.19,2.2502,2.2,2.2,2.2,0.08,2.2,3.0787
2026-04-14T08:05:00+00:00,1.67,2.2797,2.2,2.2,2.2,0.17,6.0,3.1749
2026-04-14T08:07:30+00:00,2.11,2.3198,2.2,2.2,2.2,0.23,9.7,3.2726
2026-04-14T08:10:00+00:00,2.46,2.3691,2.2,2.2,2.2,0.33,11.39,3.3715
2026-04-14T08:12:30+00:00,2.71,2.4265,2.2,2.2,2.2,0.4,11.81,3.4713
2026-04-14T08:15:00+00:00,2.87,2.491,2.23,2.35,2.2,0.47,11.19,3.5716
2026-04-14T08:17:30+00:00,3.06,2.5617,2.67,3.97,2.2,0.51,10.59,3.6721
2026-04-14T08:20:00+00:00,3.09,2.638,2.39,2.87,2.2,0.58,8.9,3.7725
2026-04-14T08:22:30+00:00,3.01,2.719,2.3,2.91,2.2,0.54,6.88,3.9769
2026-04-14T08:25:00+00:00,2.92,2.8042,2.28,2.66,2.2,0.57,4.99,4.1803
2026-04-14T08:27:30+00:00,2.91,2.8929,2.2,2.2,2.2,0.55,4.03,4.3823
2026-04-14T08:30:00+00:00,3.2,2.9846,2.2,2.2,2.2,0.5,5.36,4.5825
2026-04-14T08:32:30+00:00,3.18,3.0787,2.26,2.6,2.2,0.58,4.32,4.7805
2026-04-14T08:35:00+00:00,2.91,3.1749,2.2,2.2,2.2,0.59,2.2,4.9762
2026-04-14T08:37:30+00:00,2.7,3.2726,2.2,2.2,2.2,0.53,2.2,5.1692
2026-04-14T08:40:00+00:00,2.55,3.3715,2.2,2.2,2.2,0.46,2.2,5.3593
2026-04-14T08:42:30+00:00,2.69,3.4713,2.2,2.2,2.2,0.44,2.2,5.5464
2026-04-14T08:45:00+00:00,3.05,3.5716,2.2,2.2,2.2,0.46,3.96,5.7302
2026-04-14T08:47:30+00:00,3.46,3.6721,2.2,2.2,2.2,0.55,6.46,5.9106
2026-04-14T08:50:00+00:00,3.82,3.7725,2.39,3.14,2.2,0.65,8.06,6.0876
2026-04-14T08:52:30+00:00,4.13,3.9769,2.81,4.18,2.2,0.65,8.74,6.2609
2026-04-14T08:55:00+00:00,4.11,4.1803,3.52,5.17,2.2,0.77,7.35,6.4305
2026-04-14T08:57:30+00:00,4.01,4.3823,2.6,3.93,2.2,0.75,5.49,6.5963
2026-04-14T09:00:00+00:00,4.17,4.5825,2.54,3.4,2.2,0.74,5.83,6.7584
2026-04-14T09:02:30+00:00,4.24,4.7805,2.81,3.87,2.2,0.75,5.53,6.9165
2026-04-14T09:05:00+00:00,4.59,4.9762,2.6,3.76,2.2,0.8,7.21,7.0708
2026-04-14T09:07:30+00:00,4.65,5.1692,3.69,5.52,2.55,0.75,6.58,7.2211
2026-04-14T09:10:00+00:00,4.63,5.3593,3.51,5.19,2.21,0.77,5.63,7.3675
2026-04-14T09:12:30+00:00,4.87,5.5464,3.25,4.69,2.2,0.79,6.57,7.5101
2026-04-14T09:15:00+00:00,5.37,5.7302,3.52,4.45,2.53,0.82,9.04,7.6487
2026-04-14T09:17:30+00:00,5.57,5.9106,5.47,7.03,3.54,0.78,9.19,7.7834
2026-04-14T09:20:00+00:00,5.61,6.0876,5.52,7.38,3.28,0.79,8.16,7.9144
2026-04-14T09:22:30+00:00,5.8,6.2609,5.53,7.02,4.04,0.79,8.3,8.0414
2026-04-14T09:25:00+00:00,6.05,6.4305,5.54,7.0,4.31,0.81,8.91,8.1648
2026-04-14T09:27:30+00:00,6.19,6.5963,6.13,7.03,5.02,0.8,8.65,8.2844
2026-04-14T09:30:00+00:00,6.73,6.7584,6.39,7.8,5.22,0.73,10.99,8.4003
2026-04-14T09:32:30+00:00,7.12,6.9165,7.67,9.17,6.0,0.91,11.93,8.5126
2026-04-14T09:35:00+00:00,7.11,7.0708,8.44,9.98,7.03,0.95,10.26,8.6212
2026-04-14T09:37:30+00:00,7.18,7.2211,7.94,8.96,6.83,0.79,9.31,8.7262
2026-04-14T09:40:00+00:00,7.0,7.3675,7.35,8.27,6.27,0.7,6.96,8.8277
2026-04-14T09:42:30+00:00,6.87,7.5101,5.89,7.24,4.61,0.79,5.59,8.9256
2026-04-14T09:45:00+00:00,6.78,7.6487,5.99,7.8,4.23,0.65,4.77,9.0201
2026-04-14T09:47:30+00:00,6.63,7.7834,5.62,7.14,4.52,0.73,3.93,9.1113
2026-04-14T09:50:00+00:00,6.98,7.9144,4.47,6.05,2.8,1.02,6.72,9.1993
2026-04-14T09:52:30+00:00,6.9,8.0414,5.96,7.04,4.76,0.7,6.07,9.284
2026-04-14T09:55:00+00:00,6.72,8.1648,5.31,7.04,4.22,0.84,4.97,9.3656
2026-04-14T09:57:30+00:00,6.93,8.2844,5.31,6.52,3.73,0.78,6.68,9.4442
2026-04-14T10:00:00+00:00,7.24,8.4003,5.65,6.88,4.05,0.75,8.83,9.5198
2026-04-14T10:02:30+00:00,7.59,8.5126,7.51,8.78,5.8,0.59,10.69,9.5925
2026-04-14T10:05:00+00:00,7.53,8.6212,8.19,9.12,7.14,0.62,9.44,9.6624
2026-04-14T10:07:30+00:00,7.8,8.7262,7.71,9.39,6.33,0.57,10.63,9.7296
2026-04-14T10:10:00+00:00,8.47,8.8277,8.41,9.57,7.65,0.66,13.98,9.7941
2026-04-14T10:12:30+00:00,8.77,8.9256,10.5,11.6,9.54,1.15,14.29,9.856
2026-04-14T10:15:00+00:00,9.04,9.0201,10.68,12.34,9.46,1.15,14.28,9.9154
2026-04-14T10:17:30+00:00,9.43,9.1113,10.9,12.67,9.71,1.13,15.01,9.9724
2026-04-14T10:20:00+00:00,9.64,9.1993,11.93,12.93,11.03,1.38,14.38,10.027
2026-04-14T10:22:30+00:00,9.93,9.284,11.85,12.92,10.64,1.27,14.45,10.0792
2026-04-14T10:25:00+00:00,10.02,9.3656,12.11,13.04,10.93,1.25,13.2,10.1291
2026-04-14T10:27:30+00:00,10.08,9.4442,11.62,12.98,10.79,1.07,12.24,10.1768
2026-04-14T10:30:00+00:00,9.95,9.5198,11.3,12.36,10.33,0.91,10.07,10.2222
2026-04-14T10:32:30+00:00,9.92,9.5925,10.34,11.22,9.38,0.66,9.16,10.2656
2026-04-14T10:35:00+00:00,9.77,9.6624,9.73,10.7,8.43,0.55,7.82,10.3069
2026-04-14T10:37:30+00:00,9.48,9.7296,9.03,9.97,8.15,0.48,5.88,10.3462
2026-04-14T10:40:00+00:00,9.59,9.7941,8.02,9.21,7.02,0.57,7.21,10.4192
2026-04-14T10:42:30+00:00,9.23,9.856,8.92,9.81,8.03,0.46,5.22,10.4529
2026-04-14T10:45:00+00:00,9.13,9.9154,6.95,8.05,6.09,0.8,5.45,10.485
2026-04-14T10:47:30+00:00,8.95,9.9724,7.37,8.26,6.4,0.65,5.22,10.5153
2026-04-14T10:50:00+00:00,8.75,10.027,7.1,8.1,5.89,0.69,4.92,10.5441
2026-04-14T10:52:30+00:00,9.07,10.0792,6.91,7.69,6.03,0.71,8.28,10.4784
2026-04-14T10:55:00+00:00,9.31,10.1291,8.04,9.2,7.3,0.46,10.36,10.4144
2026-04-14T10:57:30+00:00,9.79,10.1768,11.61,12.51,10.76,0.52,13.54,10.3521
2026-04-14T11:00:00+00:00,10.12,10.2222,13.36,14.25,12.61,0.92,14.83,10.2914
2026-04-14T11:02:30+00:00,10.6,10.2656,14.11,15.08,13.22,1.12,16.77,10.2324
2026-04-14T11:05:00+00:00,10.57,10.3069,15.31,16.31,14.43,1.42,14.89,10.175
2026-04-14T11:07:30+00:00,10.54,10.3462,14.11,14.76,13.64,1.08,13.5,10.1685
2026-04-14T11:12:30+00:00,9.73,10.4192,10.33,10.33,10.33,0.46,6.71,10.1555
2026-04-14T11:15:00+00:00,9.77,10.4529,8.65,8.65,8.65,0.59,7.43,10.149
2026-04-14T11:17:30+00:00,9.54,10.485,8.88,8.88,8.88,0.59,6.31,10.1425
2026-04-14T11:20:00+00:00,9.3,10.5153,8.18,8.18,8.18,0.68,5.45,10.1361
2026-04-14T11:22:30+00:00,8.99,10.5441,7.57,7.57,7.57,0.92,4.56,10.1296
2026-04-14T11:25:00+00:00,8.75,10.4784,6.84,6.84,6.84,1.1,4.25,10.1232
2026-04-14T11:27:30+00:00,8.72,10.4144,6.46,6.46,6.46,1.13,5.29,10.1168
2026-04-14T11:30:00+00:00,9.17,10.3521,6.9,6.9,6.9,0.92,9.49,10.1105
2026-04-14T11:32:30+00:00,9.5,10.2914,8.96,8.96,8.96,0.42,11.97,10.1041
2026-04-14T11:35:00+00:00,9.77,10.2324,10.3,10.3,10.3,0.42,13.46,10.0978
2026-04-14T11:37:30+00:00,9.77,10.175,11.22,11.22,11.22,0.55,12.73,10.0915
2026-04-14T11:40:00+00:00,9.88,10.1685,11.01,11.01,11.01,0.46,12.73,10.0852
2026-04-14T11:45:00+00:00,9.95,10.1555,10.78,10.78,10.78,0.33,11.86,10.0789
2026-04-14T11:47:30+00:00,9.95,10.149,10.91,10.91,10.91,0.34,11.28,10.0727
2026-04-14T11:50:00+00:00,10.06,10.1425,10.69,10.69,10.69,0.25,11.51,10.0664
2026-04-14T11:52:30+00:00,10.13,10.1361,10.87,10.87,10.87,0.27,11.37,10.0602
2026-04-14T11:55:00+00:00,10.32,10.1296,10.86,10.86,10.86,0.24,12.15,10.0337
2026-04-14T11:57:30+00:00,10.48,10.1232,11.32,11.32,11.32,0.35,12.53,9.9603
2026-04-14T12:00:00+00:00,10.41,10.1168,11.6,11.6,11.6,0.39,11.35,9.7655
2026-04-14T12:02:30+00:00,10.23,10.1105,11.06,11.06,11.06,0.21,9.61,9.2984
2026-04-14T12:05:00+00:00,10.23,10.1041,10.18,10.18,10.18,0.15,9.56,8.3505
2026-04-14T12:07:30+00:00,10.28,10.0978,10.11,10.11,10.11,0.18,9.84,6.8463
2026-04-14T12:10:00+00:00,10.19,10.0915,10.23,10.23,10.23,0.16,9.21,5.7882
2026-04-14T12:12:30+00:00,10.03,10.0852,9.87,9.87,9.87,0.26,8.34,4.8639
2026-04-14T12:15:00+00:00,9.86,10.0789,9.36,9.36,9.36,0.4,7.53,4.2766
2026-04-14T12:17:30+00:00,9.64,10.0727,8.86,8.86,8.86,0.53,6.68,3.9769
2026-04-14T12:20:00+00:00,9.4,10.0664,8.3,8.3,8.3,0.68,5.89,3.9144
2026-04-14T12:22:30+00:00,9.52,10.0602,7.75,7.75,7.75,0.81,7.67,3.9011
2026-04-14T12:25:00+00:00,9.6,10.0337,2.2,2.2,2.2,2.38,8.88,3.9315
2026-04-14T12:27:30+00:00,9.95,9.9603,2.2,2.2,2.2,2.42,11.67,3.9915
2026-04-14T12:30:00+00:00,10.03,9.7655,2.2,2.2,2.2,2.59,11.98,4.0692
2026-04-14T12:32:30+00:00,9.95,9.2984,2.2,2.2,2.2,2.62,11.05,4.1588
2026-04-14T12:35:00+00:00,9.72,8.3505,2.2,2.2,2.2,2.61,9.3,4.2571
2026-04-14T12:37:30+00:00,9.25,6.8463,2.2,2.2,2.2,2.54,6.27,4.3619
2026-04-14T12:40:00+00:00,8.59,5.7882,2.79,3.65,2.2,2.54,2.91,4.4722
2026-04-14T12:42:30+00:00,7.51,4.8639,2.2,2.2,2.2,2.85,2.2,4.5868
2026-04-14T12:45:00+00:00,5.93,4.2766,2.2,2.2,2.2,2.57,2.2,4.705
2026-04-14T12:47:30+00:00,4.62,3.9769,2.2,2.2,2.2,1.85,2.2,4.8261
2026-04-14T12:50:00+00:00,3.66,3.9144,2.2,2.2,2.2,1.28,2.2,4.9493
2026-04-14T12:52:30+00:00,3.16,3.9011,2.2,2.2,2.2,1.05,2.2,5.0743
2026-04-14T12:55:00+00:00,3.05,3.9315,2.2,2.2,2.2,0.76,2.2,5.2004
2026-04-14T12:57:30+00:00,3.14,3.9915,2.2,2.2,2.2,0.81,2.2,5.3272
2026-04-14T13:00:00+00:00,3.13,4.0692,2.2,2.2,2.2,0.82,2.2,5.4543
2026-04-14T13:02:30+00:00,3.43,4.1588,2.2,2.2,2.2,0.84,5.13,5.5813
2026-04-14T13:05:00+00:00,3.46,4.2571,2.2,2.2,2.2,0.96,6.52,5.7078
2026-04-14T13:07:30+00:00,3.4,4.3619,2.2,2.2,2.2,0.94,6.59,5.8336
2026-04-14T13:10:00+00:00,3.23,4.4722,2.2,2.2,2.2,0.88,5.65,5.9584
2026-04-14T13:12:30+00:00,3.37,4.5868,2.2,2.2,2.2,0.79,6.82,6.0819
2026-04-14T13:15:00+00:00,3.61,4.705,2.22,2.28,2.2,0.85,8.17,6.3243
2026-04-14T13:17:30+00:00,4.31,4.8261,2.29,2.62,2.2,0.88,11.87,6.4428
2026-04-14T13:20:00+00:00,4.91,4.9493,3.83,5.3,2.2,0.95,14.07,6.5593
2026-04-14T13:22:30+00:00,5.27,5.0743,5.21,7.16,3.87,1.16,14.01,6.6736
2026-04-14T13:25:00+00:00,5.27,5.2004,6.33,7.82,5.23,1.23,11.54,6.7857
2026-04-14T13:27:30+00:00,5.21,5.3272,5.05,6.38,3.58,1.08,9.04,6.8955
2026-04-14T13:30:00+00:00,5.19,5.4543,4.62,6.14,3.22,1.0,7.52,7.0029
2026-04-14T13:32:30+00:00,5.33,5.5813,3.81,5.1,2.2,1.12,7.25,7.1077
2026-04-14T13:35:00+00:00,5.54,5.7078,3.89,5.55,2.41,1.08,7.56,7.2101
2026-04-14T13:37:30+00:00,5.23,5.8336,4.2,5.22,2.7,1.1,4.41,7.3098
2026-04-14T13:40:00+00:00,5.09,5.9584,2.94,4.1,2.2,1.28,3.18,7.407
2026-04-14T13:42:30+00:00,5.04,6.0819,2.44,3.49,2.2,1.41,2.87,7.5015
2026-04-14T13:47:30+00:00,5.44,6.3243,2.52,3.35,2.2,1.41,6.05,7.5933
2026-04-14T13:50:00+00:00,5.59,6.4428,3.17,5.23,2.2,1.26,6.74,7.6825
2026-04-14T13:52:30+00:00,5.86,6.5593,3.84,5.14,2.69,1.19,8.12,7.7691
2026-04-14T13:55:00+00:00,5.74,6.6736,4.84,6.14,2.95,1.0,6.55,7.8531
2026-04-14T13:57:30+00:00,5.54,6.7857,3.89,5.37,2.52,1.2,4.82,7.9344
2026-04-14T14:00:00+00:00,5.75,6.8955,3.25,4.64,2.2,1.28,6.23,8.0131
2026-04-14T14:02:30+00:00,5.82,7.0029,4.37,5.12,3.72,1.07,6.44,8.0892
2026-04-14T14:05:00+00:00,6.08,7.1077,4.19,5.0,3.19,1.12,7.91,8.1628
2026-04-14T14:07:30+00:00,6.62,7.2101,4.91,5.96,3.59,1.02,10.71,8.2339
2026-04-14T14:10:00+00:00,6.95,7.3098,6.77,7.93,5.29,0.88,11.7,8.3025
2026-04-14T14:12:30+00:00,6.95,7.407,8.16,9.17,6.69,0.83,10.33,8.3687
2026-04-14T14:15:00+00:00,7.17,7.5015,7.15,8.36,5.49,0.81,10.57,8.4325
2026-04-14T14:17:30+00:00,7.22,7.5933,7.27,8.14,6.32,0.84,9.61,8.4939
2026-04-14T14:20:00+00:00,7.39,7.6825,6.77,7.73,5.67,0.88,9.73,8.553
2026-04-14T14:22:30+00:00,7.74,7.7691,7.64,8.64,6.69,0.73,11.01,8.6097
2026-04-14T14:25:00+00:00,7.76,7.8531,8.15,9.65,6.92,0.72,9.84,8.6642
2026-04-14T14:27:30+00:00,7.76,7.9344,7.91,9.08,6.47,0.71,8.85,8.7165
2026-04-14T14:30:00+00:00,7.77,8.0131,7.31,8.58,5.86,0.78,8.21,8.7666
2026-04-14T14:32:30+00:00,7.75,8.0892,7.62,8.53,5.99,0.69,7.52,8.8605
2026-04-14T14:35:00+00:00,7.87,8.1628,7.06,8.53,5.92,0.79,8.01,8.9045
2026-04-14T14:37:30+00:00,8.15,8.2339,7.26,8.29,5.98,0.75,9.49,8.9465
2026-04-14T14:40:00+00:00,8.43,8.3025,8.32,9.46,7.64,0.59,10.78,8.9866
2026-04-14T14:42:30+00:00,8.62,8.3687,9.47,10.78,7.76,0.62,11.17,9.0249
2026-04-14T14:45:00+00:00,8.81,8.4325,9.17,10.31,7.77,0.62,11.45,9.0615
2026-04-14T14:47:30+00:00,8.61,8.4939,9.62,10.98,8.15,0.59,9.12,9.0963
2026-04-14T14:50:00+00:00,8.19,8.553,8.57,9.94,7.39,0.56,5.85,9.1294
2026-04-14T14:52:30+00:00,8.29,8.6097,6.81,7.68,5.65,0.95,6.78,9.1609
2026-04-14T14:55:00+00:00,8.22,8.6642,7.08,8.14,6.19,0.89,6.45,9.1909
2026-04-14T14:57:30+00:00,8.66,8.7165,7.33,8.35,6.03,0.77,9.72,9.2193
2026-04-14T15:00:00+00:00,8.76,8.7666,8.63,9.61,7.39,0.56,10.04,9.2463
2026-04-14T15:05:00+00:00,8.29,8.8605,7.79,8.95,6.86,0.7,6.55,9.2719
2026-04-14T15:07:30+00:00,8.03,8.9045,6.91,8.12,5.83,0.92,5.17,9.2961
2026-04-14T15:10:00+00:00,7.99,8.9465,6.63,7.73,5.68,0.91,5.62,9.319
2026-04-14T15:12:30+00:00,7.8,8.9866,6.54,7.39,5.53,0.92,4.96,9.3406
2026-04-14T15:15:00+00:00,7.98,9.0249,5.89,7.11,4.86,1.06,7.05,9.361
2026-04-14T15:17:30+00:00,8.4,9.0615,7.33,8.24,6.39,0.63,10.27,9.3802
2026-04-14T15:20:00+00:00,8.71,9.0963,9.26,9.91,8.49,0.53,12.04,9.3983
2026-04-14T15:22:30+00:00,9.16,9.1294,9.74,10.44,8.91,0.63,14.12,9.4153
2026-04-14T15:25:00+00:00,9.14,9.1609,11.18,11.93,10.36,0.91,12.81,9.4312
2026-04-14T15:27:30+00:00,8.82,9.1909,10.76,11.89,9.84,0.79,9.57,9.4461
2026-04-14T15:30:00+00:00,8.63,9.2193,9.35,10.54,8.18,0.49,7.91,9.46
2026-04-14T15:32:30+00:00,8.48,9.2463,8.83,9.42,7.87,0.45,6.88,9.473
2026-04-14T15:35:00+00:00,8.5,9.2719,7.82,8.7,6.84,0.57,7.23,9.4851
2026-04-14T15:37:30+00:00,8.51,9.2961,7.83,8.74,6.84,0.57,7.55,9.4963
2026-04-14T15:40:00+00:00,8.63,9.319,7.85,8.95,7.04,0.57,8.58,9.5067
2026-04-14T15:42:30+00:00,8.8,9.3406,8.57,9.17,7.67,0.47,9.67,9.5163
2026-04-14T15:45:00+00:00,8.93,9.361,9.47,10.45,8.42,0.48,10.29,9.5251
2026-04-14T15:47:30+00:00,9.23,9.3802,9.28,9.84,8.92,0.52,11.96,9.5332
2026-04-14T15:50:00+00:00,9.24,9.3983,10.41,11.27,9.81,0.66,11.24,9.5405
2026-04-14T15:52:30+00:00,9.03,9.4153,10.25,11.45,9.31,0.6,9.19,9.5473
2026-04-14T15:55:00+00:00,8.9,9.4312,9.18,9.96,8.17,0.45,8.09,9.4946
2026-04-14T15:57:30+00:00,8.69,9.4461,8.65,9.65,7.79,0.43,6.74,9.4433
2026-04-14T16:00:00+00:00,8.67,9.46,10.06,10.61,9.47,0.5,7.06,9.3932
2026-04-14T16:02:30+00:00,9.2,9.473,9.8,10.43,9.03,0.5,10.92,9.3444
2026-04-14T16:05:00+00:00,9.27,9.4851,11.58,12.4,10.83,0.49,10.99,9.2969
2026-04-14T16:07:30+00:00,9.28,9.4963,11.65,12.4,11.01,0.49,10.59,9.2505
2026-04-14T16:10:00+00:00,9.26,9.5067,11.75,12.39,11.06,0.48,10.03,9.2454
2026-04-14T16:12:30+00:00,9.41,9.5163,11.36,12.24,10.65,0.42,10.71,9.2403
2026-04-14T16:15:00+00:00,9.5,9.5251,10.19,10.19,10.19,0.44,10.87,9.2351
2026-04-14T16:17:30+00:00,9.39,9.5332,10.33,10.33,10.33,0.41,9.65,9.23
2026-04-14T16:20:00+00:00,9.4,9.5405,9.75,9.75,9.75,0.35,9.54,9.2249
2026-04-14T16:22:30+00:00,9.46,9.5473,9.7,9.7,9.7,0.35,9.75,9.2198
2026-04-14T16:25:00+00:00,9.12,9.4946,9.81,9.81,9.81,0.35,7.28,9.2147
2026-04-14T16:27:30+00:00,8.83,9.4433,8.51,8.51,8.51,0.62,5.7,9.2096
2026-04-14T16:30:00+00:00,8.93,9.3932,7.6,7.6,7.6,0.81,7.11,9.2045
2026-04-14T16:32:30+00:00,8.91,9.3444,8.19,8.19,8.19,0.63,7.49,9.1994
2026-04-14T16:35:00+00:00,9.04,9.2969,8.31,8.31,8.31,0.59,8.85,9.1943
2026-04-14T16:37:30+00:00,9.14,9.2505,8.96,8.96,8.96,0.36,9.65,9.1892
2026-04-14T16:40:00+00:00,9.18,9.2454,9.38,9.38,9.38,0.22,9.92,9.1841
2026-04-14T16:42:30+00:00,8.88,9.2403,9.55,9.55,9.55,0.2,7.77,9.1791
2026-04-14T16:45:00+00:00,8.68,9.2351,8.46,8.46,8.46,0.45,6.78,9.174
2026-04-14T16:47:30+00:00,8.68,9.23,7.89,7.89,7.89,0.59,7.35,9.169
2026-04-14T16:50:00+00:00,8.92,9.2249,8.1,8.1,8.1,0.51,9.38,9.1639
2026-04-14T16:52:30+00:00,8.97,9.2198,9.11,9.11,9.11,0.23,9.73,9.1589
2026-04-14T16:55:00+00:00,8.92,9.2147,9.33,9.33,9.33,0.2,9.32,9.1538
2026-04-14T16:57:30+00:00,9.1,9.2096,9.15,9.15,9.15,0.22,10.48,9.1488
2026-04-14T17:00:00+00:00,9.09,9.2045,9.78,9.78,9.78,0.18,10.09,9.1438
2026-04-14T17:02:30+00:00,8.89,9.1994,9.65,9.65,9.65,0.17,8.5,9.1388
2026-04-14T17:05:00+00:00,8.89,9.1943,8.85,8.85,8.85,0.3,8.57,9.1338
2026-04-14T17:07:30+00:00,8.52,9.1892,8.87,8.87,8.87,0.3,6.2,9.1288
2026-04-14T17:10:00+00:00,8.33,9.1841,7.61,7.61,7.61,0.63,5.54,9.1237
2026-04-14T17:12:30+00:00,8.57,9.1791,7.15,7.15,7.15,0.74,7.88,9.1188
2026-04-14T17:15:00+00:00,8.74,9.174,8.26,8.26,8.26,0.4,9.3,9.1138
2026-04-14T17:17:30+00:00,9.09,9.169,8.98,8.98,8.98,0.21,11.69,9.1088
2026-04-14T17:20:00+00:00,8.98,9.1639,10.27,10.27,10.27,0.31,10.38,9.1038
2026-04-14T17:22:30+00:00,8.66,9.1589,9.71,9.71,9.71,0.18,7.84,9.0988
2026-04-14T17:25:00+00:00,8.15,9.1538,8.44,8.44,8.44,0.36,4.68,9.0939
2026-04-14T17:27:30+00:00,7.92,9.1488,6.73,6.73,6.73,0.84,4.0,9.0889
2026-04-14T17:30:00+00:00,7.9,9.1438,6.21,6.21,6.21,0.95,5.0,9.0839
2026-04-14T17:32:30+00:00,7.83,9.1388,6.56,6.56,6.56,0.8,5.46,9.079
2026-04-14T17:35:00+00:00,7.75,9.1338,6.68,6.68,6.68,0.73,5.75,9.074
2026-04-14T17:37:30+00:00,8.26,9.1288,6.73,6.73,6.73,0.67,9.95,9.0691
2026-04-14T17:40:00+00:00,8.69,9.1237,8.86,8.86,8.86,0.17,12.69,9.0642
2026-04-14T17:42:30+00:00,8.93,9.1188,10.39,10.39,10.39,0.51,13.42,9.0592
2026-04-14T17:45:00+00:00,8.88,9.1138,10.97,10.97,10.97,0.65,12.04,9.0543
2026-04-14T17:47:30+00:00,8.72,9.1088,10.46,10.46,10.46,0.46,10.07,9.0494
2026-04-14T17:50:00+00:00,8.82,9.1038,9.56,9.56,9.56,0.21,10.27,9.0445
2026-04-14T17:52:30+00:00,8.59,9.0988,9.72,9.72,9.72,0.22,8.19,9.0396
2026-04-14T17:55:00+00:00,8.37,9.0939,8.69,8.69,8.69,0.24,6.67,9.0347
2026-04-14T17:57:30+00:00,8.42,9.0889,7.86,7.86,7.86,0.46,7.31,8.994
2026-04-14T18:00:00+00:00,8.44,9.0839,8.11,8.11,8.11,0.37,7.61,8.8708
2026-04-14T18:02:30+00:00,8.46,9.079,8.22,8.22,8.22,0.34,7.95,8.5337
2026-04-14T18:05:00+00:00,8.53,9.074,8.36,8.36,8.36,0.3,8.53,7.7176
2026-04-14T18:07:30+00:00,8.57,9.0691,8.64,8.64,8.64,0.22,8.82,6.0546
2026-04-14T18:10:00+00:00,8.73,9.0642,8.79,8.79,8.79,0.19,9.79,4.7306
2026-04-14T18:12:30+00:00,8.64,9.0592,9.31,9.31,9.31,0.15,8.93,3.8202
2026-04-14T18:15:00+00:00,8.41,9.0543,8.91,8.91,8.91,0.17,7.29,3.0258
2026-04-14T18:17:30+00:00,8.61,9.0494,8.05,8.05,8.05,0.38,8.87,2.5762
2026-04-14T18:20:00+00:00,8.66,9.0445,8.84,8.84,8.84,0.18,9.16,2.3783
2026-04-14T18:22:30+00:00,8.44,9.0396,9.0,9.0,9.0,0.15,7.55,2.3362
2026-04-14T18:25:00+00:00,8.46,9.0347,2.2,2.2,2.2,1.6,7.9,2.3294
2026-04-14T18:27:30+00:00,8.56,8.994,2.2,2.2,2.2,1.56,8.72,2.3679
2026-04-14T18:30:00+00:00,8.53,8.8708,2.2,2.2,2.2,1.67,8.51,2.4311
2026-04-14T18:32:30+00:00,8.47,8.5337,2.2,2.2,2.2,1.67,8.1,2.509
2026-04-14T18:35:00+00:00,8.45,7.7176,2.2,2.2,2.2,1.67,8.07,2.5962
2026-04-14T18:37:30+00:00,8.02,6.0546,2.2,2.2,2.2,1.7,5.33,2.6901
2026-04-14T18:40:00+00:00,7.56,4.7306,2.2,2.2,2.2,2.72,3.17,2.8917
2026-04-14T18:42:30+00:00,6.51,3.8202,2.2,2.2,2.2,2.74,2.2,2.9975
2026-04-14T18:45:00+00:00,5.26,3.0258,2.2,2.2,2.2,2.17,2.2,3.1058
2026-04-14T18:47:30+00:00,3.91,2.5762,2.2,2.2,2.2,1.81,2.2,3.2158
2026-04-14T18:50:00+00:00,2.76,2.3783,2.2,2.2,2.2,1.32,2.2,3.3273
2026-04-14T18:52:30+00:00,1.98,2.3362,2.2,2.2,2.2,0.96,2.2,3.4395
2026-04-14T18:55:00+00:00,1.73,2.3294,2.2,2.2,2.2,0.67,2.2,3.5523
2026-04-14T18:57:30+00:00,1.6,2.3679,2.2,2.2,2.2,0.75,2.2,3.6652
2026-04-14T19:00:00+00:00,1.67,2.4311,2.2,2.2,2.2,0.66,2.2,3.7779
2026-04-14T19:02:30+00:00,1.84,2.509,2.2,2.2,2.2,0.68,2.2,4.0064
2026-04-14T19:05:00+00:00,2.06,2.5962,2.2,2.2,2.2,0.75,4.83,4.2333
2026-04-14T19:07:30+00:00,2.28,2.6901,2.2,2.2,2.2,0.73,7.05,4.4582
2026-04-14T19:12:30+00:00,2.63,2.8917,2.2,2.2,2.2,0.9,8.52,4.6806
2026-04-14T19:15:00+00:00,2.73,2.9975,2.2,2.2,2.2,0.9,8.23,4.9001
2026-04-14T19:17:30+00:00,2.78,3.1058,2.2,2.2,2.2,0.96,7.5,5.1165
2026-04-14T19:20:00+00:00,2.97,3.2158,2.2,2.2,2.2,0.94,7.67,5.3294
2026-04-14T19:22:30+00:00,2.97,3.3273,2.2,2.2,2.2,0.91,6.55,5.5386
2026-04-14T19:25:00+00:00,2.87,3.4395,2.21,2.27,2.2,0.92,4.81,5.7438
2026-04-14T19:27:30+00:00,2.82,3.5523,2.2,2.2,2.2,1.0,3.79,5.9449
2026-04-14T19:30:00+00:00,2.91,3.6652,2.2,2.2,2.2,0.97,3.87,6.1416
2026-04-14T19:32:30+00:00,3.1,3.7779,2.2,2.2,2.2,0.93,4.7,6.334
2026-04-14T19:35:00+00:00,3.28,4.0064,2.2,2.2,2.2,1.04,5.26,6.5217
2026-04-14T19:37:30+00:00,3.51,4.2333,2.2,2.2,2.2,1.08,6.05,6.7049
2026-04-14T19:40:00+00:00,3.41,4.4582,2.45,3.24,2.2,1.04,4.49,6.8833
2026-04-14T19:42:30+00:00,3.56,4.6806,2.23,2.41,2.2,1.1,4.87,7.0571
2026-04-14T19:45:00+00:00,3.54,4.9001,2.23,2.35,2.2,1.09,4.13,7.226
2026-04-14T19:47:30+00:00,3.65,5.1165,2.43,3.5,2.2,1.03,4.43,7.3901
2026-04-14T19:50:00+00:00,3.61,5.3294,2.32,2.86,2.2,1.07,3.73,7.5495
2026-04-14T19:52:30+00:00,3.65,5.5386,2.23,2.39,2.2,1.1,3.75,7.7041
2026-04-14T19:55:00+00:00,4.12,5.7438,2.33,3.05,2.2,1.08,6.6,7.8539
2026-04-14T19:57:30+00:00,4.85,5.9449,3.39,5.69,2.2,1.1,10.48,7.999
2026-04-14T20:00:00+00:00,5.25,6.1416,4.06,5.95,2.2,1.18,11.39,8.1394
2026-04-14T20:02:30+00:00,5.82,6.334,5.91,7.99,3.26,1.14,13.19,8.2752
2026-04-14T20:05:00+00:00,6.11,6.5217,6.74,9.5,4.45,1.29,12.65,8.4065
2026-04-14T20:07:30+00:00,6.58,6.7049,6.78,8.93,4.65,1.25,13.41,8.5332
2026-04-14T20:10:00+00:00,6.75,6.8833,8.26,10.44,6.39,1.44,12.08,8.6554
2026-04-14T20:12:30+00:00,6.76,7.0571,7.57,8.88,6.12,1.29,9.92,8.7731
2026-04-14T20:15:00+00:00,6.65,7.226,7.25,9.36,4.48,1.14,7.68,8.8864
2026-04-14T20:17:30+00:00,6.61,7.3901,5.95,8.0,3.75,1.1,6.32,8.9954
2026-04-14T20:20:00+00:00,6.69,7.5495,4.72,6.31,2.8,1.33,6.19,9.1001
2026-04-14T20:22:30+00:00,6.96,7.7041,6.17,8.22,4.21,1.09,7.48,9.2007
2026-04-14T20:25:00+00:00,6.85,7.8539,5.57,8.05,3.01,1.28,6.13,9.2973
2026-04-14T20:27:30+00:00,7.11,7.999,5.08,6.64,3.0,1.3,7.58,9.39
2026-04-14T20:30:00+00:00,7.26,8.1394,5.71,8.13,3.09,1.15,8.05,9.4788
2026-04-14T20:32:30+00:00,7.46,8.2752,6.18,8.18,4.01,1.08,8.87,9.5639
2026-04-14T20:35:00+00:00,7.95,8.4065,6.59,8.32,5.23,1.11,11.43,9.6453
2026-04-14T20:37:30+00:00,8.25,8.5332,8.7,10.64,6.04,1.01,12.05,9.7233
2026-04-14T20:40:00+00:00,7.95,8.6554,8.78,10.88,6.64,0.93,8.86,9.7978
2026-04-14T20:42:30+00:00,8.11,8.7731,7.58,9.78,5.06,0.95,9.3,9.8689
2026-04-14T20:45:00+00:00,8.15,8.8864,7.75,9.96,5.64,0.9,8.88,9.9368
2026-04-14T20:47:30+00:00,8.01,8.9954,7.59,9.61,5.69,0.94,7.39,10.0016
2026-04-14T20:50:00+00:00,8.0,9.1001,7.26,9.05,5.31,0.99,7.15,10.0634
2026-04-14T20:52:30+00:00,8.05,9.2007,6.65,8.95,4.88,1.07,7.41,10.1221
2026-04-14T20:55:00+00:00,7.93,9.2973,7.35,9.07,5.75,0.95,6.57,10.1778
2026-04-14T20:57:30+00:00,8.07,9.39,6.71,8.62,4.59,1.09,7.69,10.2306
2026-04-14T21:00:00+00:00,8.18,9.4788,7.65,10.27,5.31,0.86,8.43,10.2807
2026-04-14T21:02:30+00:00,8.41,9.5639,8.66,10.38,6.94,0.86,9.81,10.3282
2026-04-14T21:05:00+00:00,8.45,9.6453,8.48,9.42,7.52,0.83,9.63,10.373
2026-04-14T21:07:30+00:00,8.86,9.7233,8.35,10.62,6.65,0.76,11.98,10.4154
2026-04-14T21:10:00+00:00,8.94,9.7978,10.21,11.68,7.92,0.97,11.57,10.4553
2026-04-14T21:12:30+00:00,8.98,9.8689,9.49,11.19,7.79,0.87,10.98,10.493
2026-04-14T21:15:00+00:00,9.37,9.9368,9.3,11.72,7.65,0.84,12.83,10.5284
2026-04-14T21:17:30+00:00,9.46,10.0016,10.35,12.46,8.51,0.95,12.29,10.5617
2026-04-14T21:20:00+00:00,9.45,10.0634,10.79,12.13,9.4,1.0,11.16,10.593
2026-04-14T21:22:30+00:00,9.9,10.1221,10.68,12.44,8.76,0.99,13.4,10.6223
2026-04-14T21:25:00+00:00,10.06,10.1778,11.65,13.5,9.14,1.17,13.21,10.6497
2026-04-14T21:27:30+00:00,10.03,10.2306,12.26,13.66,10.2,1.28,11.83,10.6752
2026-04-14T21:30:00+00:00,10.11,10.2807,10.76,12.24,9.54,0.96,11.5,10.699
2026-04-14T21:32:30+00:00,10.01,10.3282,11.37,13.19,9.5,1.02,10.04,10.7212
2026-04-14T21:35:00+00:00,10.01,10.373,9.7,11.54,8.43,0.79,9.62,10.7417
2026-04-14T21:37:30+00:00,9.7,10.4154,10.16,11.66,8.54,0.76,7.3,10.7607
2026-04-14T21:40:00+00:00,9.6,10.4553,9.32,10.73,7.7,0.7,6.98,10.7782
2026-04-14T21:42:30+00:00,9.53,10.493,8.43,9.82,6.86,0.69,6.99,10.7943
2026-04-14T21:45:00+00:00,9.64,10.5284,8.47,10.59,6.54,0.66,8.3,10.8091
2026-04-14T21:47:30+00:00,9.73,10.5617,8.68,10.47,7.19,0.64,9.26,10.8225
2026-04-14T21:50:00+00:00,9.65,10.593,9.69,11.1,8.31,0.73,8.89,10.8347
2026-04-14T21:52:30+00:00,9.49,10.6223,9.42,10.79,7.55,0.65,8.04,10.8457
2026-04-14T21:55:00+00:00,9.66,10.6497,9.4,11.1,7.8,0.68,9.64,10.8556
2026-04-14T21:57:30+00:00,10.1,10.6752,9.73,11.17,8.5,0.7,12.64,10.7612
2026-04-14T22:00:00+00:00,10.08,10.699,14.77,15.78,13.45,1.1,11.95,10.6693
2026-04-14T22:02:30+00:00,10.55,10.7212,14.44,15.58,12.73,1.02,14.62,10.5799
2026-04-14T22:05:00+00:00,10.53,10.7417,15.63,16.87,14.04,1.3,13.41,10.493
2026-04-14T22:07:30+00:00,10.2,10.7607,14.5,15.73,13.52,1.03,10.31,10.4084
2026-04-14T22:10:00+00:00,10.28,10.7782,13.29,14.76,12.23,0.75,10.59,10.3263
2026-04-14T22:12:30+00:00,10.25,10.7943,13.54,14.66,12.24,0.81,10.1,10.3192
2026-04-14T22:15:00+00:00,10.34,10.8091,10.38,10.38,10.38,0.69,10.6,10.3122
2026-04-14T22:17:30+00:00,10.13,10.8225,10.63,10.63,10.63,0.79,8.96,10.3053
2026-04-14T22:20:00+00:00,10.12,10.8347,9.77,9.77,9.77,0.7,9.06,10.2983
2026-04-14T22:22:30+00:00,10.1,10.8457,9.76,9.76,9.76,0.71,9.16,10.2914
2026-04-14T22:25:00+00:00,10.13,10.8556,9.76,9.76,9.76,1.01,9.51,10.2844
2026-04-14T22:27:30+00:00,10.13,10.7612,9.9,9.9,9.9,0.8,9.67,10.2776
2026-04-14T22:30:00+00:00,10.06,10.6693,9.95,9.95,9.95,0.77,9.33,10.2707
2026-04-14T22:32:30+00:00,10.14,10.5799,9.75,9.75,9.75,0.59,10.11,10.2638
2026-04-14T22:35:00+00:00,10.3,10.493,10.13,10.13,10.13,0.54,11.2,10.257
2026-04-14T22:37:30+00:00,10.21,10.4084,10.7,10.7,10.7,0.54,10.43,10.2502
2026-04-14T22:40:00+00:00,10.19,10.3263,10.33,10.33,10.33,0.09,10.22,10.2434
2026-04-14T22:42:30+00:00,10.12,10.3192,10.23,10.23,10.23,0.07,9.77,10.2366
2026-04-14T22:45:00+00:00,9.89,10.3122,10.0,10.0,10.0,0.06,8.32,10.2299
2026-04-14T22:47:30+00:00,9.57,10.3053,9.21,9.21,9.21,0.26,6.55,10.2232
2026-04-14T22:50:00+00:00,9.2,10.2983,8.21,8.21,8.21,0.54,5.07,10.2165
2026-04-14T22:52:30+00:00,9.13,10.2914,7.21,7.21,7.21,0.8,5.65,10.2098
2026-04-14T22:55:00+00:00,9.3,10.2844,7.4,7.4,7.4,0.69,7.93,10.2031
2026-04-14T22:57:30+00:00,9.67,10.2776,8.45,8.45,8.45,0.32,11.07,10.1965
2026-04-14T23:00:00+00:00,10.11,10.2707,10.05,10.05,10.05,0.21,13.94,10.1899
2026-04-14T23:02:30+00:00,10.35,10.2638,11.64,11.64,11.64,0.68,14.71,10.1833
2026-04-14T23:05:00+00:00,10.44,10.257,12.23,12.23,12.23,0.83,14.29,10.1767
2026-04-14T23:07:30+00:00,10.03,10.2502,12.21,12.21,12.21,0.79,10.53,10.1701
2026-04-14T23:10:00+00:00,9.94,10.2434,10.41,10.41,10.41,0.22,9.64,10.1636
2026-04-14T23:12:30+00:00,9.83,10.2366,9.95,9.95,9.95,0.09,8.82,10.1571
2026-04-14T23:15:00+00:00,9.58,10.2299,9.5,9.5,9.5,0.11,7.31,10.1506
2026-04-14T23:17:30+00:00,9.65,10.2232,8.65,8.65,8.65,0.34,8.28,10.1441
2026-04-14T23:20:00+00:00,9.54,10.2165,9.05,9.05,9.05,0.21,7.9,10.1377
2026-04-14T23:22:30+00:00,9.48,10.2098,8.79,8.79,8.79,0.27,7.93,10.1312
2026-04-14T23:25:00+00:00,9.82,10.2031,8.73,8.73,8.73,0.26,10.73,10.1248
2026-04-14T23:27:30+00:00,10.1,10.1965,10.13,10.13,10.13,0.21,12.42,10.1184
2026-04-14T23:30:00+00:00,10.29,10.1899,11.07,11.07,11.07,0.48,13.2,10.1121
2026-04-14T23:32:30+00:00,10.49,10.1833,11.59,11.59,11.59,0.62,13.75,10.1057
2026-04-14T23:35:00+00:00,10.74,10.1767,12.01,12.01,12.01,0.71,14.54,10.0994
2026-04-14T23:37:30+00:00,10.7,10.1701,12.57,12.57,12.57,0.84,13.11,10.0931
2026-04-14T23:40:00+00:00,10.4,10.1636,11.99,11.99,11.99,0.62,10.25,10.0868
2026-04-14T23:42:30+00:00,10.2,10.1571,10.58,10.58,10.58,0.18,8.71,10.0805
2026-04-14T23:45:00+00:00,9.75,10.1506,9.75,9.75,9.75,0.14,5.86,10.0742
2026-04-14T23:47:30+00:00,9.81,10.1441,8.17,8.17,8.17,0.58,7.06,10.068
2026-04-14T23:50:00+00:00,9.89,10.1377,8.61,8.61,8.61,0.42,8.31,10.0618
2026-04-14T23:52:30+00:00,9.75,10.1312,9.14,9.14,9.14,0.24,7.8,10.0556
2026-04-14T23:55:00+00:00,9.43,10.1248,8.8,8.8,8.8,0.32,6.27,10.0494
2026-04-14T23:57:30+00:00,9.73,10.1184,7.91,7.91,7.91,0.55,9.21,10.0433
2026-04-15T00:00:00+00:00,9.88,10.1121,9.32,9.32,9.32,0.13,10.5,10.0371
2026-04-15T00:02:30+00:00,9.58,10.1057,9.98,9.98,9.98,0.16,8.54,10.031
2026-04-15T00:05:00+00:00,9.54,10.0994,8.99,8.99,8.99,0.19,8.68,10.0249
2026-04-15T00:07:30+00:00,9.24,10.0931,9.02,9.02,9.02,0.16,7.08,10.0188
2026-04-15T00:10:00+00:00,9.35,10.0868,8.14,8.14,8.14,0.38,8.47,10.0128
2026-04-15T00:12:30+00:00,9.66,10.0805,8.78,8.78,8.78,0.18,10.95,10.0067
2026-04-15T00:15:00+00:00,9.69,10.0742,10.05,10.05,10.05,0.28,11.06,10.0007
2026-04-15T00:17:30+00:00,10.03,10.068,10.18,10.18,10.18,0.31,13.06,9.9947
2026-04-15T00:20:00+00:00,10.27,10.0618,11.3,11.3,11.3,0.63,13.99,9.9887
2026-04-15T00:22:30+00:00,10.43,10.0556,11.93,11.93,11.93,0.8,14.05,9.9827
2026-04-15T00:25:00+00:00,10.76,10.0494,12.13,12.13,12.13,0.82,15.04,9.9768
2026-04-15T00:27:30+00:00,10.31,10.0433,12.9,12.9,12.9,1.0,10.88,9.9708
2026-04-15T00:30:00+00:00,10.14,10.0371,10.82,10.82,10.82,0.34,9.26,9.9648
2026-04-15T00:32:30+00:00,9.88,10.031,9.98,9.98,9.98,0.12,7.52,9.9589
2026-04-15T00:35:00+00:00,9.75,10.0249,9.01,9.01,9.01,0.28,7.01,9.9529
2026-04-15T00:37:30+00:00,9.64,10.0188,8.62,8.62,8.62,0.37,6.88,9.947
2026-04-15T00:40:00+00:00,9.43,10.0128,8.42,8.42,8.42,0.41,6.18,9.941
2026-04-15T00:42:30+00:00,9.14,10.0067,7.92,7.92,7.92,0.53,5.16,9.9351
2026-04-15T00:45:00+00:00,9.14,10.0007,7.23,7.23,7.23,0.69,6.27,9.9292
2026-04-15T00:47:30+00:00,9.11,9.9947,7.64,7.64,7.64,0.52,7.07,9.9232
2026-04-15T00:50:00+00:00,9.24,9.9887,7.93,7.93,7.93,0.39,8.69,9.9173
2026-04-15T00:52:30+00:00,9.14,9.9827,8.7,8.7,8.7,0.16,8.48,9.9114
2026-04-15T00:55:00+00:00,8.94,9.9768,8.58,8.58,8.58,0.16,7.57,9.9055
2026-04-15T00:57:30+00:00,8.82,9.9708,8.08,8.08,8.08,0.26,7.36,9.8996
2026-04-15T01:00:00+00:00,8.9,9.9648,7.91,7.91,7.91,0.28,8.51,9.8937
2026-04-15T01:02:30+00:00,8.9,9.9589,8.46,8.46,8.46,0.14,8.86,9.8879
2026-04-15T01:05:00+00:00,8.79,9.9529,8.64,8.64,8.64,0.13,8.39,9.882
2026-04-15T01:07:30+00:00,8.67,9.947,8.4,8.4,8.4,0.13,7.9,9.8761
2026-04-15T01:10:00+00:00,8.93,9.941,8.13,8.13,8.13,0.16,9.98,9.8644
2026-04-15T01:12:30+00:00,8.85,9.9351,9.2,9.2,9.2,0.29,9.36,9.8586
2026-04-15T01:15:00+00:00,8.9,9.9292,8.93,8.93,8.93,0.22,9.68,9.8527
2026-04-15T01:17:30+00:00,8.99,9.9232,9.12,9.12,9.12,0.28,10.22,9.8469
2026-04-15T01:20:00+00:00,9.16,9.9173,9.44,9.44,9.44,0.36,11.07,9.8411
2026-04-15T01:22:30+00:00,9.18,9.9114,9.95,9.95,9.95,0.5,10.71,9.8353
2026-04-15T01:25:00+00:00,9.21,9.9055,9.85,9.85,9.85,0.45,10.47,9.8295
2026-04-15T01:27:30+00:00,9.38,9.8996,9.79,9.79,9.79,0.42,11.26,9.8236
2026-04-15T01:30:00+00:00,9.36,9.8937,10.26,10.26,10.26,0.54,10.53,9.8179
2026-04-15T01:32:30+00:00,9.25,9.8879,9.96,9.96,9.96,0.43,9.37,9.8121
2026-04-15T01:35:00+00:00,9.24,9.882,9.39,9.39,9.39,0.26,9.1,9.8063
2026-04-15T01:37:30+00:00,9.17,9.8761,9.25,9.25,9.25,0.22,8.55,9.8005
2026-04-15T01:42:30+00:00,9.07,9.8644,8.47,8.47,8.47,0.16,8.17,9.7947
2026-04-15T01:45:00+00:00,9.18,9.8586,8.65,8.65,8.65,0.15,9.12,9.789
2026-04-15T01:47:30+00:00,9.4,9.8527,9.1,9.1,9.1,0.2,10.61,9.7832
2026-04-15T01:50:00+00:00,9.23,9.8469,9.88,9.88,9.88,0.4,9.16,9.7775
2026-04-15T01:52:30+00:00,8.98,9.8411,9.18,9.18,9.18,0.21,7.5,9.7717
2026-04-15T01:55:00+00:00,9.1,9.8353,8.29,8.29,8.29,0.19,8.65,9.766
2026-04-15T01:57:30+00:00,9.44,9.8295,8.83,8.83,8.83,0.17,11.05,9.7602
2026-04-15T02:00:00+00:00,9.48,9.8236,10.07,10.07,10.07,0.47,10.93,9.7545
2026-04-15T02:02:30+00:00,9.42,9.8179,10.08,10.08,10.08,0.46,10.12,9.7488
2026-04-15T02:05:00+00:00,9.26,9.8121,9.72,9.72,9.72,0.34,8.82,9.7431
2026-04-15T02:07:30+00:00,9.23,9.8063,9.06,9.06,9.06,0.19,8.7,9.7374
2026-04-15T02:10:00+00:00,9.26,9.8005,8.98,8.98,8.98,0.18,8.93,9.7317
2026-04-15T02:12:30+00:00,9.25,9.7947,9.07,9.07,9.07,0.19,8.98,9.726
2026-04-15T02:15:00+00:00,9.5,9.789,9.08,9.08,9.08,0.2,10.68,9.7203
2026-04-15T02:17:30+00:00,9.79,9.7832,9.96,9.96,9.96,0.41,12.3,9.7146
2026-04-15T02:20:00+00:00,9.72,9.7775,10.87,10.87,10.87,0.66,11.19,9.7089
2026-04-15T02:22:30+00:00,9.45,9.7717,10.39,10.39,10.39,0.5,8.89,9.7033
2026-04-15T02:25:00+00:00,9.15,9.766,9.25,9.25,9.25,0.2,6.93,9.6976
2026-04-15T02:27:30+00:00,8.91,9.7602,8.18,8.18,8.18,0.27,5.75,9.692
2026-04-15T02:30:00+00:00,8.74,9.7545,7.46,7.46,7.46,0.44,5.42,9.6863
2026-04-15T02:32:30+00:00,8.67,9.7488,7.13,7.13,7.13,0.5,5.91,9.6807
2026-04-15T02:35:00+00:00,8.84,9.7431,7.24,7.24,7.24,0.43,7.9,9.675
2026-04-15T02:37:30+00:00,8.99,9.7374,8.16,8.16,8.16,0.19,9.3,9.6694
2026-04-15T02:40:00+00:00,9.28,9.7317,8.87,8.87,8.87,0.23,11.4,9.6638
2026-04-15T02:42:30+00:00,9.36,9.726,9.99,9.99,9.99,0.53,11.57,9.6582
2026-04-15T02:45:00+00:00,9.23,9.7203,10.19,10.19,10.19,0.57,10.21,9.6526
2026-04-15T02:47:30+00:00,8.84,9.7146,9.58,9.58,9.58,0.39,7.38,9.647
2026-04-15T02:50:00+00:00,8.45,9.7089,8.13,8.13,8.13,0.19,5.08,9.6414
2026-04-15T02:52:30+00:00,8.56,9.7033,6.85,6.85,6.85,0.49,6.75,9.6358
2026-04-15T02:55:00+00:00,8.58,9.6976,7.58,7.58,7.58,0.27,7.47,9.6302
2026-04-15T02:57:30+00:00,8.49,9.692,7.87,7.87,7.87,0.19,7.29,9.6246
2026-04-15T03:00:00+00:00,8.51,9.6863,7.73,7.73,7.73,0.2,7.89,9.6191
2026-04-15T03:02:30+00:00,8.63,9.6807,8.0,8.0,8.0,0.17,9.0,9.6135
2026-04-15T03:05:00+00:00,8.74,9.675,8.56,8.56,8.56,0.26,9.82,9.6079
2026-04-15T03:07:30+00:00,8.95,9.6694,9.02,9.02,9.02,0.37,11.06,9.6024
2026-04-15T03:10:00+00:00,9.23,9.6638,9.72,9.72,9.72,0.56,12.5,9.5968
2026-04-15T03:12:30+00:00,9.3,9.6582,10.59,10.59,10.59,0.8,12.13,9.5913
2026-04-15T03:15:00+00:00,9.08,9.6526,10.54,10.54,10.54,0.75,9.82,9.5858
2026-04-15T03:17:30+00:00,8.94,9.647,9.45,9.45,9.45,0.41,8.56,9.5802
2026-04-15T03:20:00+00:00,8.82,9.6414,8.81,8.81,8.81,0.24,7.69,9.5747
2026-04-15T03:22:30+00:00,8.42,9.6358,8.33,8.33,8.33,0.18,5.25,9.5692
2026-04-15T03:25:00+00:00,8.32,9.6302,6.99,6.99,6.99,0.42,5.34,9.5637
2026-04-15T03:27:30+00:00,7.89,9.6246,6.88,6.88,6.88,0.42,3.36,9.5582
2026-04-15T03:30:00+00:00,7.9,9.6191,5.62,5.62,5.62,0.74,4.61,9.5527
2026-04-15T03:32:30+00:00,7.87,9.6135,6.15,6.15,6.15,0.54,5.47,9.5472
2026-04-15T03:35:00+00:00,8.32,9.6079,6.46,6.46,6.46,0.41,9.34,9.5417
2026-04-15T03:37:30+00:00,8.76,9.6024,8.4,8.4,8.4,0.31,12.33,9.5363
2026-04-15T03:40:00+00:00,8.74,9.5968,10.03,10.03,10.03,0.78,11.54,9.5308
2026-04-15T03:42:30+00:00,8.33,9.5913,9.79,9.79,9.79,0.69,8.15,9.5253
2026-04-15T03:45:00+00:00,8.27,9.5858,8.14,8.14,8.14,0.23,7.87,9.5199
2026-04-15T03:47:30+00:00,8.15,9.5802,7.98,7.98,7.98,0.21,7.19,9.5144
2026-04-15T03:50:00+00:00,8.3,9.5747,7.6,7.6,7.6,0.18,8.44,9.509
2026-04-15T03:52:30+00:00,8.28,9.5692,8.22,8.22,8.22,0.27,8.3,9.5036
2026-04-15T03:55:00+00:00,8.53,9.5637,8.16,8.16,8.16,0.25,10.04,9.4981
2026-04-15T03:57:30+00:00,8.69,9.5582,9.07,9.07,9.07,0.49,10.74,9.4927
2026-04-15T04:00:00+00:00,8.8,9.5527,9.51,9.51,9.51,0.6,10.92,9.4873
2026-04-15T04:02:30+00:00,8.79,9.5472,9.7,9.7,9.7,0.63,10.27,9.4819
2026-04-15T04:05:00+00:00,8.87,9.5417,9.45,9.45,9.45,0.54,10.27,9.4765
2026-04-15T04:07:30+00:00,8.73,9.5363,9.52,9.52,9.52,0.53,8.85,9.4711
2026-04-15T04:10:00+00:00,8.61,9.5308,8.83,8.83,8.83,0.33,7.89,9.4657
2026-04-15T04:12:30+00:00,8.69,9.5253,8.32,8.32,8.32,0.21,8.41,9.4603
2026-04-15T04:15:00+00:00,8.95,9.5199,8.55,8.55,8.55,0.25,10.18,9.4549
2026-04-15T04:17:30+00:00,9.16,9.5144,9.46,9.46,9.46,0.48,11.13,9.4495
2026-04-15T04:20:00+00:00,9.25,9.509,10.02,10.02,10.02,0.62,11.14,9.4441
2026-04-15T04:22:30+00:00,9.37,9.5036,10.11,10.11,10.11,0.62,11.34,9.4388
2026-04-15T04:25:00+00:00,9.49,9.4981,10.3,10.3,10.3,0.64,11.41,9.4334
2026-04-15T04:27:30+00:00,9.05,9.4927,10.42,10.42,10.42,0.65,7.82,9.4281
2026-04-15T04:30:00+00:00,9.17,9.4873,8.61,8.61,8.61,0.19,8.73,9.4227
2026-04-15T04:32:30+00:00,8.91,9.4819,9.02,9.02,9.02,0.25,6.89,9.4174
2026-04-15T04:35:00+00:00,8.63,9.4765,8.02,8.02,8.02,0.23,5.42,9.4121
2026-04-15T04:37:30+00:00,8.33,9.4711,7.15,7.15,7.15,0.42,4.18,9.4067
2026-04-15T04:40:00+00:00,8.05,9.4657,6.34,6.34,6.34,0.62,3.62,9.4014
2026-04-15T04:42:30+00:00,7.95,9.4603,5.77,5.77,5.77,0.74,4.1,9.3961
2026-04-15T04:45:00+00:00,8.37,9.4549,5.91,5.91,5.91,0.64,8.12,9.3908
2026-04-15T04:47:30+00:00,8.78,9.4495,7.85,7.85,7.85,0.18,11.27,9.3855
2026-04-15T04:50:00+00:00,8.95,9.4441,9.51,9.51,9.51,0.57,12.07,9.3802
2026-04-15T04:52:30+00:00,8.81,9.4388,10.06,10.06,10.06,0.72,10.51,9.3749
2026-04-15T04:55:00+00:00,8.66,9.4334,9.4,9.4,9.4,0.51,9.14,9.3696
2026-04-15T04:57:30+00:00,8.76,9.4281,8.75,8.75,8.75,0.32,9.69,9.3643
2026-04-15T05:00:00+00:00,8.59,9.4227,9.06,9.06,9.06,0.4,8.31,9.3591
2026-04-15T05:02:30+00:00,8.58,9.4174,8.38,8.38,8.38,0.23,8.27,9.3538
2026-04-15T05:05:00+00:00,8.62,9.4121,8.34,8.34,8.34,0.22,8.59,9.3485
2026-04-15T05:07:30+00:00,8.74,9.4067,8.5,8.5,8.5,0.25,9.39,9.3433
2026-04-15T05:10:00+00:00,8.88,9.4014,8.92,8.92,8.92,0.35,10.16,9.338
2026-04-15T05:12:30+00:00,8.93,9.3961,9.35,9.35,9.35,0.46,10.19,9.3328
2026-04-15T05:15:00+00:00,8.83,9.3908,9.43,9.43,9.43,0.47,9.1,9.3276
2026-04-15T05:17:30+00:00,8.81,9.3855,8.91,8.91,8.91,0.32,8.82,9.3223
2026-04-15T05:20:00+00:00,8.98,9.3802,8.77,8.77,8.77,0.27,9.91,9.3171
2026-04-15T05:22:30+00:00,8.59,9.3749,9.34,9.34,9.34,0.42,7.0,9.3119
2026-04-15T05:25:00+00:00,8.46,9.3696,7.85,7.85,7.85,0.19,6.44,9.3067
2026-04-15T05:27:30+00:00,8.35,9.3643,7.47,7.47,7.47,0.25,6.16,9.3015
2026-04-15T05:30:00+00:00,8.7,9.3591,7.24,7.24,7.24,0.29,9.15,9.2963
2026-04-15T05:32:30+00:00,9.15,9.3538,8.71,8.71,8.71,0.28,12.09,9.2911
2026-04-15T05:35:00+00:00,9.47,9.3485,10.28,10.28,10.28,0.72,13.55,9.2859
2026-04-15T05:37:30+00:00,9.58,9.3433,11.19,11.19,11.19,0.96,13.22,9.2807
2026-04-15T05:40:00+00:00,9.43,9.338,11.2,11.2,11.2,0.91,11.12,9.2755
2026-04-15T05:42:30+00:00,9.34,9.3328,10.26,10.26,10.26,0.59,9.86,9.2704
2026-04-15T05:45:00+00:00,9.36,9.3276,9.67,9.67,9.67,0.4,9.67,9.2652
2026-04-15T05:47:30+00:00,9.5,9.3223,9.58,9.58,9.58,0.35,10.3,9.2601
2026-04-15T05:50:00+00:00,9.53,9.3171,9.91,9.91,9.91,0.43,10.07,9.2549
2026-04-15T05:52:30+00:00,9.3,9.3119,9.82,9.82,9.82,0.38,8.26,9.2498
2026-04-15T05:55:00+00:00,9.09,9.3067,8.89,8.89,8.89,0.17,6.91,9.2446
2026-04-15T05:57:30+00:00,8.8,9.3015,8.12,8.12,8.12,0.24,5.45,9.2395
2026-04-15T06:00:00+00:00,8.58,9.2963,7.24,7.24,7.24,0.45,4.8,9.2344
2026-04-15T06:02:30+00:00,8.31,9.2911,6.74,6.74,6.74,0.57,4.17,9.2292
2026-04-15T06:05:00+00:00,8.2,9.2859,6.16,6.16,6.16,0.69,4.49,9.2241
2026-04-15T06:07:30+00:00,8.22,9.2807,6.21,6.21,6.21,0.62,5.81,9.219
2026-04-15T06:10:00+00:00,8.36,9.2755,6.75,6.75,6.75,0.42,7.69,9.2139
2026-04-15T06:12:30+00:00,8.72,9.2704,7.64,7.64,7.64,0.18,10.64,9.2088
2026-04-15T06:15:00+00:00,8.93,9.2652,9.18,9.18,9.18,0.44,11.85,9.2037
2026-04-15T06:17:30+00:00,8.74,9.2601,9.92,9.92,9.92,0.65,10.04,9.1986
2026-04-15T06:20:00+00:00,8.47,9.2549,9.11,9.11,9.11,0.4,7.98,9.1935
2026-04-15T06:22:30+00:00,8.43,9.2498,8.09,8.09,8.09,0.17,7.88,9.1885
2026-04-15T06:25:00+00:00,8.47,9.2446,8.01,8.01,8.01,0.16,8.33,9.1834
2026-04-15T06:27:30+00:00,8.24,9.2395,8.23,8.23,8.23,0.19,6.94,9.1783
2026-04-15T06:30:00+00:00,8.44,9.2344,7.49,7.49,7.49,0.18,8.68,9.1733
2026-04-15T06:32:30+00:00,8.85,9.2292,8.35,8.35,8.35,0.23,11.41,9.1682
2026-04-15T06:35:00+00:00,8.92,9.2241,9.8,9.8,9.8,0.63,11.31,9.1632
2026-04-15T06:37:30+00:00,8.83,9.219,9.87,9.87,9.87,0.62,10.05,9.1581
2026-04-15T06:40:00+00:00,8.46,9.2139,9.32,9.32,9.32,0.44,7.23,9.1531
2026-04-15T06:42:30+00:00,8.19,9.2088,7.89,7.89,7.89,0.15,5.63,9.1481
2026-04-15T06:45:00+00:00,7.92,9.2037,6.99,6.99,6.99,0.33,4.42,9.143
2026-04-15T06:47:30+00:00,7.83,9.1986,6.23,6.23,6.23,0.52,4.73,9.138
2026-04-15T06:50:00+00:00,7.58,9.1935,6.23,6.23,6.23,0.48,3.98,9.133
2026-04-15T06:52:30+00:00,7.33,9.1885,5.7,5.7,5.7,0.6,3.46,9.128
2026-04-15T06:55:00+00:00,7.22,9.1834,5.26,5.26,5.26,0.67,3.99,9.123
2026-04-15T06:57:30+00:00,7.42,9.1783,5.38,5.38,5.38,0.59,6.46,9.118
2026-04-15T07:00:00+00:00,7.86,9.1733,6.54,6.54,6.54,0.22,9.98,9.113
2026-04-15T07:02:30+00:00,8.29,9.1682,8.37,8.37,8.37,0.43,12.69,9.108
2026-04-15T07:05:00+00:00,8.52,9.1632,9.91,9.91,9.91,0.88,13.16,9.1031
2026-04-15T07:07:30+00:00,8.62,9.1581,10.45,10.45,10.45,1.01,12.87,9.0981
2026-04-15T07:10:00+00:00,8.47,9.1531,10.44,10.44,10.44,0.96,10.7,9.0931
2026-04-15T07:12:30+00:00,8.63,9.1481,9.49,9.49,9.49,0.63,11.06,9.0882
2026-04-15T07:15:00+00:00,8.67,9.143,9.78,9.78,9.78,0.68,10.48,9.0832
2026-04-15T07:17:30+00:00,8.47,9.138,9.58,9.58,9.58,0.58,8.47,9.0782
2026-04-15T07:20:00+00:00,8.49,9.133,8.59,8.59,8.59,0.27,8.31,9.0733
2026-04-15T07:22:30+00:00,8.54,9.128,8.5,8.5,8.5,0.23,8.49,9.0684
2026-04-15T07:25:00+00:00,8.31,9.123,8.58,8.58,8.58,0.23,6.75,9.0634
2026-04-15T07:27:30+00:00,8.22,9.118,7.65,7.65,7.65,0.15,6.41,9.0585
2026-04-15T07:30:00+00:00,7.99,9.113,7.39,7.39,7.39,0.21,5.26,9.0536
2026-04-15T07:32:30+00:00,7.52,9.108,6.7,6.7,6.7,0.38,2.92,9.0487
2026-04-15T07:35:00+00:00,7.41,9.1031,5.26,5.26,5.26,0.77,3.33,9.0438
2026-04-15T07:37:30+00:00,7.19,9.0981,5.34,5.34,5.34,0.7,3.21,9.0389
2026-04-15T07:40:00+00:00,7.11,9.0931,5.01,5.01,5.01,0.74,3.83,9.034
2026-04-15T07:42:30+00:00,7.3,9.0882,5.24,5.24,5.24,0.62,6.3,9.0291
2026-04-15T07:45:00+00:00,7.56,9.0832,6.41,6.41,6.41,0.23,8.68,9.0242
2026-04-15T07:47:30+00:00,7.92,9.0782,7.63,7.63,7.63,0.22,11.14,9.0193
2026-04-15T07:50:00+00:00,8.34,9.0733,8.99,8.99,8.99,0.62,13.23,9.0144
2026-04-15T07:52:30+00:00,8.74,9.0684,10.34,10.34,10.34,1.0,14.72,9.0095
2026-04-15T07:55:00+00:00,9.13,9.0634,11.39,11.39,11.39,1.27,15.69,9.0047
2026-04-15T07:57:30+00:00,9.36,9.0585,12.2,12.2,12.2,1.44,15.3,8.9998
2026-04-15T08:00:00+00:00,9.11,9.0536,12.3,12.3,12.3,1.38,11.95,8.995
2026-04-15T08:02:30+00:00,8.79,9.0487,10.69,10.69,10.69,0.82,8.63,8.9901
2026-04-15T08:05:00+00:00,8.54,9.0438,9.05,9.05,9.05,0.28,6.54,8.9853
2026-04-15T08:07:30+00:00,8.34,9.0389,7.92,7.92,7.92,0.15,5.28,8.9804
2026-04-15T08:10:00+00:00,8.55,9.034,7.15,7.15,7.15,0.36,7.16,8.9756
2026-04-15T08:12:30+00:00,8.83,9.0291,7.99,7.99,7.99,0.13,9.25,8.9708
2026-04-15T08:15:00+00:00,8.66,9.0242,9.01,9.01,9.01,0.24,7.92,8.9611
2026-04-15T08:17:30+00:00,8.51,9.0193,8.33,8.33,8.33,0.09,6.96,8.9563
2026-04-15T08:20:00+00:00,8.45,9.0144,7.78,7.78,7.78,0.18,6.93,8.9515
2026-04-15T08:22:30+00:00,8.69,9.0095,7.7,7.7,7.7,0.2,8.88,8.9467
2026-04-15T08:25:00+00:00,8.97,9.0047,8.65,8.65,8.65,0.15,10.73,8.9419
2026-04-15T08:27:30+00:00,8.83,8.9998,9.64,9.64,9.64,0.42,9.37,8.9372
2026-04-15T08:30:00+00:00,8.77,8.995,9.0,9.0,9.0,0.22,8.81,8.9324
2026-04-15T08:32:30+00:00,8.8,8.9901,8.74,8.74,8.74,0.14,8.93,8.9073
2026-04-15T08:35:00+00:00,8.67,8.9853,8.8,8.8,8.8,0.15,7.99,8.851
2026-04-15T08:37:30+00:00,8.1,8.9804,8.31,8.31,8.31,0.08,4.33,8.7017
2026-04-15T08:40:00+00:00,7.68,8.9756,6.35,6.35,6.35,0.61,2.65,8.344
2026-04-15T08:42:30+00:00,7.14,8.9708,5.19,5.19,5.19,0.91,2.2,7.6181
2026-04-15T08:47:30+00:00,7.48,8.9611,4.51,4.51,4.51,0.97,6.17,6.4656
2026-04-15T08:50:00+00:00,7.88,8.9563,6.39,6.39,6.39,0.34,9.69,5.7584
2026-04-15T08:52:30+00:00,8.36,8.9515,8.2,8.2,8.2,0.25,12.82,5.1452
2026-04-15T08:55:00+00:00,8.68,8.9467,9.96,9.96,9.96,0.78,14.0,4.782
2026-04-15T08:57:30+00:00,8.63,8.9419,10.89,10.89,10.89,1.03,12.56,4.6316
2026-04-15T09:00:00+00:00,8.72,8.9372,10.3,10.3,10.3,0.8,12.15,4.611
2026-04-15T09:02:30+00:00,8.51,8.9324,10.27,10.27,10.27,0.75,9.72,4.6593
2026-04-15T09:07:30+00:00,7.85,8.9073,2.2,2.2,2.2,1.72,5.06,4.7418
2026-04-15T09:10:00+00:00,7.94,8.851,2.2,2.2,2.2,1.63,6.28,4.8412
2026-04-15T09:12:30+00:00,8.06,8.7017,2.2,2.2,2.2,1.68,7.46,4.9489
2026-04-15T09:15:00+00:00,7.77,8.344,2.2,2.2,2.2,1.75,5.66,5.0605
2026-04-15T09:17:30+00:00,7.74,7.6181,2.2,2.2,2.2,1.61,6.04,5.1741
2026-04-15T09:20:00+00:00,7.71,6.4656,2.48,3.16,2.2,1.92,6.4,5.2884
2026-04-15T09:22:30+00:00,7.52,5.7584,2.67,3.62,2.2,1.8,5.58,5.4026
2026-04-15T09:25:00+00:00,6.65,5.1452,2.31,2.73,2.2,1.98,2.2,5.5164
2026-04-15T09:27:30+00:00,5.78,4.782,2.2,2.2,2.2,1.82,2.2,5.6294
2026-04-15T09:30:00+00:00,4.72,4.6316,2.2,2.2,2.2,1.48,2.2,5.7412
2026-04-15T09:32:30+00:00,4.01,4.611,2.2,2.2,2.2,1.0,2.2,5.8516
2026-04-15T09:35:00+00:00,3.48,4.6593,2.2,2.2,2.2,0.88,2.2,5.9604
2026-04-15T09:37:30+00:00,3.35,4.7418,2.2,2.2,2.2,0.64,2.2,6.0675
2026-04-15T09:40:00+00:00,3.68,4.8412,2.2,2.2,2.2,0.6,2.2,6.1726
2026-04-15T09:42:30+00:00,4.21,4.9489,2.2,2.2,2.2,0.71,6.12,6.2756
2026-04-15T09:45:00+00:00,4.98,5.0605,2.2,2.2,2.2,0.91,11.79,6.3765
2026-04-15T09:47:30+00:00,5.12,5.1741,3.61,4.79,2.64,0.86,11.91,6.475
2026-04-15T09:50:00+00:00,5.08,5.2884,4.18,5.06,2.93,0.88,10.49,6.5712
2026-04-15T09:52:30+00:00,5.05,5.4026,3.75,5.33,2.45,0.85,9.41,6.665
2026-04-15T09:55:00+00:00,4.8,5.5164,3.57,4.98,2.4,0.83,6.76,6.7562
2026-04-15T09:57:30+00:00,4.77,5.6294,2.86,3.86,2.2,0.84,6.09,6.8449
2026-04-15T10:00:00+00:00,4.68,5.7412,2.56,3.51,2.2,0.95,5.13,6.9311
2026-04-15T10:02:30+00:00,4.74,5.8516,2.59,3.67,2.2,0.95,5.32,7.0146
2026-04-15T10:05:00+00:00,5.09,5.9604,2.6,3.18,2.2,0.9,7.48,7.0956
2026-04-15T10:07:30+00:00,5.21,6.0675,3.43,4.21,2.55,0.85,7.6,7.1739
2026-04-15T10:10:00+00:00,5.04,6.1726,3.77,4.98,2.92,0.89,5.72,7.2497
2026-04-15T10:12:30+00:00,5.02,6.2756,3.16,4.14,2.2,0.89,5.25,7.3228
2026-04-15T10:15:00+00:00,5.28,6.3765,3.11,4.39,2.2,0.9,6.76,7.3935
2026-04-15T10:17:30+00:00,5.65,6.475,3.75,5.07,2.69,0.88,8.7,7.4615
2026-04-15T10:20:00+00:00,5.72,6.5712,4.8,5.85,3.26,0.77,8.18,7.5271
2026-04-15T10:22:30+00:00,5.93,6.665,5.11,6.19,3.8,0.73,8.71,7.5901
2026-04-15T10:25:00+00:00,5.91,6.7562,5.35,6.1,4.14,0.79,7.59,7.6508
2026-04-15T10:27:30+00:00,5.94,6.8449,4.81,5.89,4.16,0.83,7.07,7.709
2026-04-15T10:30:00+00:00,6.09,6.9311,4.94,5.73,3.83,0.73,7.51,7.7648
2026-04-15T10:32:30+00:00,6.19,7.0146,5.01,6.62,3.62,0.79,7.52,7.8184
2026-04-15T10:35:00+00:00,6.43,7.0956,5.13,6.21,3.73,0.75,8.45,7.8697
2026-04-15T10:37:30+00:00,6.66,7.1739,5.91,6.76,4.44,0.66,9.22,7.9188
2026-04-15T10:40:00+00:00,6.88,7.2497,6.54,7.84,5.11,0.65,9.71,7.9657
2026-04-15T10:42:30+00:00,6.53,7.3228,6.95,8.03,5.87,0.6,6.28,8.0105
2026-04-15T10:45:00+00:00,6.23,7.3935,5.29,6.16,4.06,0.72,3.97,8.0532
2026-04-15T10:47:30+00:00,6.08,7.4615,4.12,5.08,2.82,0.99,3.28,8.094
2026-04-15T10:50:00+00:00,6.27,7.5271,3.75,4.71,2.97,1.06,5.05,8.1328
2026-04-15T10:52:30+00:00,6.15,7.5901,4.85,5.67,3.67,0.77,4.51,8.1697
2026-04-15T10:55:00+00:00,6.3,7.6508,4.3,5.82,3.02,0.89,5.86,8.2047
2026-04-15T10:57:30+00:00,6.6,7.709,4.84,5.8,3.74,0.74,7.94,8.238
2026-04-15T11:00:00+00:00,6.73,7.7648,6.03,7.02,5.02,0.56,8.53,8.2696
2026-04-15T11:02:30+00:00,6.81,7.8184,6.11,7.09,5.23,0.62,8.58,8.2995
2026-04-15T11:05:00+00:00,7.17,7.8697,6.41,7.46,5.61,0.54,10.43,8.3277
2026-04-15T11:07:30+00:00,7.3,7.9188,7.79,9.03,6.52,0.56,10.34,8.3545
2026-04-15T11:10:00+00:00,7.17,7.9657,7.76,8.36,6.83,0.55,8.53,8.3796
2026-04-15T11:12:30+00:00,7.11,8.0105,7.32,8.17,6.31,0.44,7.55,8.4034
2026-04-15T11:15:00+00:00,7.34,8.0532,6.6,7.38,5.22,0.52,8.72,8.4257
2026-04-15T11:17:30+00:00,7.53,8.094,7.22,8.08,6.23,0.43,9.43,8.4466
2026-04-15T11:20:00+00:00,7.95,8.1328,7.44,8.51,6.58,0.5,11.49,8.4662
2026-04-15T11:22:30+00:00,8.09,8.1697,9.18,10.14,8.1,0.65,11.26,8.4845
2026-04-15T11:25:00+00:00,8.05,8.2047,9.2,9.96,8.23,0.61,9.9,8.5016
2026-04-15T11:27:30+00:00,8.08,8.238,8.24,9.11,7.04,0.46,9.26,8.5175
2026-04-15T11:30:00+00:00,8.17,8.2696,8.41,8.92,7.44,0.39,9.22,8.5323
2026-04-15T11:32:30+00:00,8.2,8.2995,8.33,9.22,7.44,0.4,8.81,8.546
2026-04-15T11:35:00+00:00,8.22,8.3277,8.2,9.41,7.41,0.39,8.44,8.5586
2026-04-15T11:37:30+00:00,7.9,8.3545,8.37,9.22,7.41,0.39,5.96,8.5702
2026-04-15T11:40:00+00:00,7.6,8.3796,6.89,8.02,6.08,0.59,4.24,8.5808
2026-04-15T11:42:30+00:00,7.14,8.4034,6.07,6.97,5.26,0.8,2.2,8.5906
2026-04-15T11:45:00+00:00,6.71,8.4257,4.87,5.73,3.83,1.08,2.2,8.5994
2026-04-15T11:47:30+00:00,6.65,8.4466,3.22,3.67,2.55,1.53,2.2,8.6074
2026-04-15T11:50:00+00:00,6.68,8.4662,3.75,4.71,2.8,1.29,3.37,8.6146
2026-04-15T11:52:30+00:00,6.63,8.4845,4.3,4.77,3.89,1.07,4.24,8.621
2026-04-15T11:55:00+00:00,6.52,8.5016,4.85,5.51,4.19,0.83,4.56,8.6267
2026-04-15T11:57:30+00:00,6.64,8.5175,5.45,6.3,4.81,0.58,6.27,8.6317
2026-04-15T12:00:00+00:00,6.63,8.5323,5.83,6.48,5.17,0.49,6.71,8.636
2026-04-15T12:02:30+00:00,6.52,8.546,5.81,6.59,5.11,0.5,6.3,8.6396
2026-04-15T12:05:00+00:00,6.81,8.5586,5.96,6.96,5.27,0.4,8.57,8.6427
2026-04-15T12:07:30+00:00,6.96,8.5702,7.37,8.04,6.8,0.45,9.41,8.6452
2026-04-15T12:10:00+00:00,7.18,8.5808,7.79,8.5,7.15,0.53,10.47,8.6471
2026-04-15T12:12:30+00:00,7.68,8.5906,8.32,9.06,7.58,0.68,12.88,8.6485
2026-04-15T12:15:00+00:00,7.99,8.5994,10.13,10.86,9.0,1.14,13.51,8.6494
2026-04-15T12:17:30+00:00,8.02,8.6074,10.59,11.45,9.8,1.2,12.11,8.6499
2026-04-15T12:20:00+00:00,8.11,8.6146,10.11,10.94,9.38,1.0,11.51,8.6499
2026-04-15T12:22:30+00:00,8.05,8.621,9.77,10.41,9.22,0.85,9.88,8.6495
2026-04-15T12:25:00+00:00,7.97,8.6267,8.99,9.73,8.41,0.61,8.44,8.6486
2026-04-15T12:27:30+00:00,7.91,8.6317,8.43,9.03,7.77,0.43,7.53,8.6474
2026-04-15T12:30:00+00:00,7.83,8.636,7.98,8.63,7.24,0.35,6.74,8.6459
2026-04-15T12:32:30+00:00,7.79,8.6396,7.8,8.34,7.21,0.31,6.47,8.644
2026-04-15T12:35:00+00:00,7.77,8.6427,7.39,8.02,6.71,0.34,6.41,8.6417
2026-04-15T12:37:30+00:00,7.79,8.6452,7.45,8.11,6.98,0.33,6.79,8.5943
2026-04-15T12:40:00+00:00,7.78,8.6471,8.86,9.55,8.19,0.34,6.88,8.548
2026-04-15T12:42:30+00:00,7.87,8.6485,8.9,9.46,8.27,0.33,7.63,8.5029
2026-04-15T12:45:00+00:00,7.95,8.6494,9.1,9.66,8.51,0.32,8.19,8.4361
2026-04-15T12:47:30+00:00,7.62,8.6499,9.46,9.97,8.86,0.33,5.93,8.3177
2026-04-15T12:50:00+00:00,7.61,8.6499,8.07,8.61,7.54,0.44,6.24,8.0635
2026-04-15T12:52:30+00:00,7.8,8.6495,8.17,8.68,7.65,0.41,7.92,7.5405
2026-04-15T12:55:00+00:00,7.89,8.6486,7.82,7.82,7.82,0.34,8.52,6.476
2026-04-15T12:57:30+00:00,7.79,8.6474,8.15,8.15,8.15,0.29,7.78,4.7848
2026-04-15T13:00:00+00:00,7.56,8.6459,7.79,7.79,7.79,0.32,6.24,4.3302
2026-04-15T13:02:30+00:00,7.56,8.644,6.98,6.98,6.98,0.44,6.64,3.9393
2026-04-15T13:05:00+00:00,7.86,8.6417,7.13,7.13,7.13,0.43,8.93,3.7269
2026-04-15T13:07:30+00:00,8.12,8.5943,8.3,8.3,8.3,0.29,10.44,3.6661
2026-04-15T13:10:00+00:00,7.98,8.548,9.15,9.15,9.15,0.41,8.94,3.6962
2026-04-15T13:12:30+00:00,7.85,8.5029,2.2,2.2,2.2,1.89,7.83,3.7727
2026-04-15T13:15:00+00:00,7.45,8.4361,2.2,2.2,2.2,1.86,5.06,3.9725
2026-04-15T13:17:30+00:00,7.24,8.3177,2.2,2.2,2.2,1.61,4.26,4.1896
2026-04-15T13:20:00+00:00,7.16,8.0635,2.2,2.2,2.2,1.45,4.47,4.4121
2026-04-15T13:22:30+00:00,6.66,7.5405,2.2,2.2,2.2,1.44,2.2,4.634
2026-04-15T13:25:00+00:00,6.67,6.476,2.2,2.2,2.2,1.27,3.42,4.8528
2026-04-15T13:27:30+00:00,6.47,4.7848,2.2,2.2,2.2,2.26,3.16,5.067
2026-04-15T13:30:00+00:00,5.73,4.3302,2.2,2.2,2.2,2.34,2.2,5.276
2026-04-15T13:32:30+00:00,4.34,3.9393,2.2,2.2,2.2,1.96,2.2,5.4794
2026-04-15T13:35:00+00:00,3.29,3.7269,2.2,2.2,2.2,1.38,2.2,5.677
2026-04-15T13:37:30+00:00,2.57,3.6661,2.2,2.2,2.2,1.12,2.2,5.8688
2026-04-15T13:40:00+00:00,2.05,3.6962,2.2,2.2,2.2,0.8,2.2,6.0546
2026-04-15T13:42:30+00:00,2.02,3.7727,2.2,2.2,2.2,0.67,2.2,6.2344
2026-04-15T13:45:00+00:00,2.21,3.9725,2.2,2.2,2.2,0.62,2.2,6.4082
2026-04-15T13:47:30+00:00,2.24,4.1896,2.2,2.2,2.2,0.74,2.2,6.576
2026-04-15T13:50:00+00:00,2.38,4.4121,2.2,2.2,2.2,0.63,3.82,6.7379
2026-04-15T13:52:30+00:00,2.73,4.634,2.2,2.2,2.2,0.79,6.96,6.8939
2026-04-15T13:55:00+00:00,3.13,4.8528,2.2,2.2,2.2,0.9,9.43,7.044
2026-04-15T13:57:30+00:00,3.54,5.067,2.61,3.59,2.2,0.85,11.13,7.1883
2026-04-15T14:00:00+00:00,4.1,5.276,3.11,4.45,2.2,0.86,13.26,7.327
2026-04-15T14:02:30+00:00,4.3,5.4794,4.89,6.51,3.28,1.13,12.4,7.46
2026-04-15T14:05:00+00:00,4.48,5.677,5.3,6.96,3.77,1.11,11.36,7.5876
2026-04-15T14:07:30+00:00,4.62,5.8688,4.66,6.41,2.22,1.08,10.19,7.7097
2026-04-15T14:10:00+00:00,4.97,6.0546,4.18,5.83,2.55,1.04,10.55,7.8265
2026-04-15T14:12:30+00:00,5.72,6.2344,5.13,7.02,3.25,1.08,13.44,7.9382
2026-04-15T14:15:00+00:00,6.15,6.4082,7.25,8.92,5.7,1.36,13.59,8.0448
2026-04-15T14:17:30+00:00,6.32,6.576,7.51,9.31,5.7,1.32,12.02,8.1465
2026-04-15T14:20:00+00:00,6.27,6.7379,6.98,8.93,5.18,1.23,9.36,8.2433
2026-04-15T14:22:30+00:00,6.33,6.8939,6.39,7.99,4.52,1.16,8.18,8.3355
2026-04-15T14:25:00+00:00,6.06,7.044,5.53,6.66,4.02,1.08,5.02,8.4232
2026-04-15T14:27:30+00:00,5.81,7.1883,4.58,6.23,3.17,1.21,2.83,8.5064
2026-04-15T14:30:00+00:00,5.7,7.327,3.01,4.72,2.2,1.56,2.21,8.5852
2026-04-15T14:32:30+00:00,5.74,7.46,2.99,4.17,2.2,1.56,2.86,8.6598
2026-04-15T14:35:00+00:00,6.02,7.5876,2.79,3.95,2.2,1.63,5.12,8.7303
2026-04-15T14:37:30+00:00,6.43,7.7097,4.43,5.93,3.07,1.22,7.89,8.7968
2026-04-15T14:40:00+00:00,7.12,7.8265,6.07,7.95,4.55,1.02,11.81,8.8595
2026-04-15T14:42:30+00:00,7.54,7.9382,7.95,9.29,6.09,0.95,13.18,10.7238
2026-04-15T14:45:00+00:00,7.81,8.0448,9.08,10.66,7.21,1.0,13.17,12.0267
2026-04-15T14:47:30+00:00,7.93,8.1465,8.33,10.17,6.99,1.05,12.21,12.8954
2026-04-15T14:50:00+00:00,7.74,8.2433,9.54,11.46,7.14,0.95,9.45,13.4331
2026-04-15T14:52:30+00:00,7.59,8.3355,7.48,10.49,5.39,0.88,7.49,13.7212
2026-04-15T14:55:00+00:00,7.11,8.4232,6.48,7.95,5.12,1.06,3.79,13.824
2026-04-15T14:57:30+00:00,6.77,8.5064,5.1,7.24,3.6,1.28,2.2,13.7919
2026-04-15T15:00:00+00:00,6.79,8.5852,3.66,5.44,2.24,1.69,2.98,13.6642
2026-04-15T15:02:30+00:00,6.9,8.6598,4.1,5.68,2.37,1.52,4.61,13.4712
2026-04-15T15:05:00+00:00,6.99,8.7303,4.84,6.27,3.31,1.28,5.82,13.2361
2026-04-15T15:07:30+00:00,6.96,8.7968,6.11,8.13,4.01,0.94,5.94,12.9766
2026-04-15T15:10:00+00:00,6.9,8.8595,5.35,6.98,4.09,1.09,5.89,12.7057
2026-04-15T15:12:30+00:00,6.99,10.7238,8.97,10.96,7.73,0.84,6.84,12.4333
2026-04-15T15:15:00+00:00,7.5,12.0267,10.27,12.86,7.72,1.07,10.45,12.1662
2026-04-15T15:17:30+00:00,8.48,12.8954,11.8,13.2,10.56,1.39,16.07,11.9092
2026-04-15T15:20:00+00:00,9.93,13.4331,13.94,15.64,12.45,1.83,23.53,11.6655
2026-04-15T15:22:30+00:00,11.63,13.7212,18.63,20.87,16.58,3.1,30.82,11.4372
2026-04-15T15:25:00+00:00,12.77,13.824,22.36,24.85,20.03,3.99,32.74,11.2251
2026-04-15T15:27:30+00:00,13.18,13.7919,24.48,25.98,22.86,4.39,29.24,11.0297
2026-04-15T15:30:00+00:00,13.54,13.6642,23.13,24.72,21.64,3.7,25.96,10.8507
2026-04-15T15:32:30+00:00,13.79,13.4712,22.52,24.32,20.15,3.31,22.71,10.6876
2026-04-15T15:35:00+00:00,13.59,13.2361,20.91,22.59,19.14,2.57,17.37,10.5397
2026-04-15T15:37:30+00:00,13.11,12.9766,18.28,20.16,16.75,1.64,11.57,10.4059
2026-04-15T15:40:00+00:00,12.3,12.7057,15.3,17.03,13.06,0.87,5.03,10.2854
2026-04-15T15:42:30+00:00,11.73,12.4333,10.93,12.83,9.35,1.15,2.2,10.177
2026-04-15T15:45:00+00:00,11.16,12.1662,8.88,10.97,6.99,1.7,2.2,10.0798
2026-04-15T15:47:30+00:00,11.13,11.9092,7.53,8.94,6.23,2.03,2.2,9.9926
2026-04-15T15:50:00+00:00,10.66,11.6655,7.77,8.73,6.6,1.87,2.2,9.9144
2026-04-15T15:52:30+00:00,10.45,11.4372,7.14,8.4,5.82,1.93,2.26,9.8443
2026-04-15T15:55:00+00:00,10.37,11.2251,6.67,8.5,5.29,1.95,4.23,9.7814
2026-04-15T15:57:30+00:00,10.34,11.0297,7.29,8.89,5.75,1.63,6.12,9.7248
2026-04-15T16:00:00+00:00,10.06,10.8507,8.44,9.67,7.01,1.18,6.03,9.6739
2026-04-15T16:02:30+00:00,9.76,10.6876,8.14,9.45,6.37,1.15,5.79,9.628
2026-04-15T16:05:00+00:00,9.69,10.5397,7.86,9.12,6.56,1.11,6.89,9.5865
2026-04-15T16:07:30+00:00,9.58,10.4059,8.55,10.07,7.38,0.82,7.59,9.5488
2026-04-15T16:10:00+00:00,9.71,10.2854,8.59,10.18,7.47,0.73,9.62,9.5145
2026-04-15T16:12:30+00:00,9.66,10.177,9.78,11.05,8.03,0.48,10.01,9.4832
2026-04-15T16:15:00+00:00,9.51,10.0798,9.5,10.55,8.35,0.5,9.44,9.4545
2026-04-15T16:17:30+00:00,9.25,9.9926,9.3,10.75,8.06,0.51,8.18,9.428
2026-04-15T16:20:00+00:00,9.07,9.9144,8.69,10.12,7.59,0.55,7.66,9.4035
2026-04-15T16:22:30+00:00,9.1,9.8443,8.69,10.17,7.12,0.53,8.62,9.3807
2026-04-15T16:25:00+00:00,8.92,9.7814,8.77,9.88,7.7,0.5,7.94,9.3593
2026-04-15T16:27:30+00:00,8.67,9.7248,8.6,10.29,7.48,0.48,6.83,9.3391
2026-04-15T16:30:00+00:00,8.41,9.6739,8.01,8.66,6.88,0.56,5.88,9.3201
2026-04-15T16:32:30+00:00,8.18,9.628,7.64,8.57,5.95,0.61,5.28,9.302
2026-04-15T16:35:00+00:00,8.17,9.5865,6.76,8.0,5.72,0.76,6.35,9.2846
2026-04-15T16:37:30+00:00,8.59,9.5488,7.6,8.73,6.48,0.56,9.99,9.268
2026-04-15T16:40:00+00:00,9.14,9.5145,9.07,10.4,8.13,0.51,13.64,9.252
2026-04-15T16:42:30+00:00,9.44,9.4832,11.38,12.48,10.37,1.0,14.63,9.2364
2026-04-15T16:45:00+00:00,9.45,9.4545,12.32,13.23,11.13,1.19,13.61,9.1553
2026-04-15T16:47:30+00:00,9.06,9.428,13.66,14.52,12.77,0.96,9.86,9.0767
2026-04-15T16:50:00+00:00,9.07,9.4035,12.15,13.09,10.93,0.59,9.57,9.0005
2026-04-15T16:52:30+00:00,8.89,9.3807,11.68,12.93,10.74,0.51,8.09,8.9267
2026-04-15T16:55:00+00:00,8.61,9.3593,11.05,12.0,9.99,0.5,6.26,8.855
2026-04-15T16:57:30+00:00,8.45,9.3391,9.91,10.6,9.07,0.61,5.74,8.7856
2026-04-15T17:00:00+00:00,8.11,9.3201,9.51,10.12,8.9,0.69,4.1,8.7793
2026-04-15T17:02:30+00:00,7.67,9.302,6.41,6.43,6.4,0.94,2.43,8.7732
2026-04-15T17:05:00+00:00,7.63,9.2846,5.25,5.27,5.24,1.21,3.71,8.7674
2026-04-15T17:07:30+00:00,7.94,9.268,5.69,5.7,5.68,1.05,6.96,8.7617
2026-04-15T17:10:00+00:00,7.95,9.252,7.31,7.32,7.3,0.62,7.64,8.7562
2026-04-15T17:12:30+00:00,8.31,9.2364,7.64,7.65,7.63,0.59,10.43,8.7508
2026-04-15T17:15:00+00:00,8.96,9.1553,9.11,9.12,9.1,0.53,14.35,8.7455
2026-04-15T17:17:30+00:00,9.14,9.0767,11.37,11.38,11.36,0.85,14.28,8.7403
2026-04-15T17:20:00+00:00,9.08,9.0005,11.6,11.61,11.6,0.88,12.72,8.7353
2026-04-15T17:22:30+00:00,8.93,8.9267,10.93,10.95,10.93,0.62,10.64,8.7303
2026-04-15T17:25:00+00:00,8.62,8.855,10.0,10.01,10.0,0.37,7.93,8.7253
2026-04-15T17:27:30+00:00,8.32,8.7856,8.65,8.65,8.64,0.29,5.89,8.7205
2026-04-15T17:30:00+00:00,8.33,8.7793,7.53,7.53,7.52,0.59,6.42,8.7157
2026-04-15T17:32:30+00:00,8.34,8.7732,7.69,7.69,7.68,0.54,6.85,8.7109
2026-04-15T17:35:00+00:00,8.01,8.7674,7.82,7.83,7.82,0.48,5.02,8.7062
2026-04-15T17:37:30+00:00,7.89,8.7617,6.78,6.79,6.78,0.77,4.98,8.7015
2026-04-15T17:40:00+00:00,7.94,8.7562,6.63,6.63,6.63,0.78,6.18,8.6968
2026-04-15T17:42:30+00:00,8.01,8.7508,7.13,7.13,7.13,0.6,7.26,8.6921
2026-04-15T17:45:00+00:00,8.08,8.7455,7.62,7.63,7.62,0.43,8.09,8.6875
2026-04-15T17:47:30+00:00,8.08,8.7403,8.04,8.04,8.03,0.3,8.32,8.6829
2026-04-15T17:50:00+00:00,7.97,8.7353,8.17,8.17,8.17,0.26,7.65,8.6784
2026-04-15T17:52:30+00:00,7.87,8.7303,7.83,7.83,7.83,0.34,7.19,8.6738
2026-04-15T17:55:00+00:00,7.74,8.7253,7.58,7.58,7.58,0.39,6.61,8.6693
2026-04-15T17:57:30+00:00,8.14,8.7205,7.25,7.25,7.25,0.47,9.7,8.6647
2026-04-15T18:00:00+00:00,8.4,8.7157,8.82,8.83,8.82,0.17,11.18,8.6602
2026-04-15T18:02:30+00:00,8.68,8.7109,9.68,9.69,9.68,0.35,12.4,8.6557
2026-04-15T18:05:00+00:00,8.64,8.7062,10.46,10.46,10.46,0.54,11.15,8.6512
2026-04-15T18:07:30+00:00,8.63,8.7015,9.97,9.97,9.97,0.37,10.38,8.6467
2026-04-15T18:10:00+00:00,8.41,8.6968,9.68,9.68,9.67,0.27,8.28,8.6423
2026-04-15T18:12:30+00:00,7.92,8.6921,8.64,8.64,8.64,0.2,4.86,8.6378
2026-04-15T18:15:00+00:00,7.89,8.6875,6.83,6.83,6.83,0.69,5.27,8.6333
2026-04-15T18:17:30+00:00,7.81,8.6829,6.9,6.9,6.9,0.65,5.39,8.6289
2026-04-15T18:20:00+00:00,7.81,8.6784,6.83,6.83,6.83,0.64,5.97,8.6244
2026-04-15T18:22:30+00:00,7.99,8.6738,7.03,7.03,7.03,0.56,7.75,8.62
2026-04-15T18:25:00+00:00,7.95,8.6693,7.88,7.88,7.88,0.3,7.69,8.6156
2026-04-15T18:27:30+00:00,8.01,8.6647,7.85,7.85,7.85,0.3,8.25,8.6112
2026-04-15T18:30:00+00:00,8.01,8.6602,8.14,8.14,8.14,0.22,8.29,8.6067
2026-04-15T18:32:30+00:00,8.16,8.6557,8.17,8.17,8.17,0.21,9.32,8.6023
2026-04-15T18:35:00+00:00,7.99,8.6512,8.73,8.73,8.73,0.15,7.98,8.5979
2026-04-15T18:37:30+00:00,8.11,8.6467,8.08,8.08,8.08,0.23,8.78,8.5935
2026-04-15T18:40:00+00:00,8.33,8.6423,8.5,8.5,8.5,0.15,10.09,8.5891
2026-04-15T18:42:30+00:00,8.41,8.6378,9.23,9.23,9.23,0.22,10.18,8.5848
2026-04-15T18:45:00+00:00,8.68,8.6333,9.35,9.35,9.35,0.24,11.46,8.5804
2026-04-15T18:47:30+00:00,8.94,8.6289,10.11,10.11,10.11,0.42,12.42,8.576
2026-04-15T18:50:00+00:00,8.91,8.6244,10.74,10.74,10.74,0.57,11.18,8.5716
2026-04-15T18:52:30+00:00,8.58,8.62,10.24,10.24,10.24,0.38,8.13,8.5673
2026-04-15T18:55:00+00:00,8.25,8.6156,8.73,8.73,8.73,0.19,5.81,8.5629
2026-04-15T18:57:30+00:00,8.15,8.6112,7.47,7.47,7.47,0.54,5.59,8.5586
2026-04-15T19:00:00+00:00,8.13,8.6067,7.24,7.24,7.24,0.59,5.97,8.5542
2026-04-15T19:02:30+00:00,8.16,8.6023,7.31,7.31,7.31,0.55,6.68,8.5499
2026-04-15T19:05:00+00:00,8.32,8.5979,7.59,7.59,7.59,0.45,8.17,8.5455
2026-04-15T19:07:30+00:00,8.31,8.5935,8.3,8.3,8.3,0.24,8.2,8.5412
2026-04-15T19:10:00+00:00,8.48,8.5891,8.31,8.31,8.31,0.23,9.46,8.5006
2026-04-15T19:12:30+00:00,8.27,8.5848,8.97,8.97,8.97,0.13,7.87,8.3762
2026-04-15T19:15:00+00:00,8.33,8.5804,8.18,8.18,8.18,0.26,8.4,8.0346
2026-04-15T19:17:30+00:00,8.09,8.576,8.45,8.45,8.45,0.19,6.79,7.2067
2026-04-15T19:20:00+00:00,7.83,8.5716,7.6,7.6,7.6,0.4,5.41,5.5192
2026-04-15T19:22:30+00:00,7.56,8.5673,6.82,6.82,6.82,0.61,4.3,4.1757
2026-04-15T19:25:00+00:00,7.22,8.5629,6.12,6.12,6.12,0.79,3.15,3.2314
2026-04-15T19:27:30+00:00,7.18,8.5586,5.29,5.29,5.29,0.99,3.97,2.4566
2026-04-15T19:30:00+00:00,7.58,8.5542,5.61,5.61,5.61,0.84,7.76,2.2
2026-04-15T19:32:30+00:00,7.55,8.5499,7.47,7.47,7.47,0.25,7.83,2.2
2026-04-15T19:35:00+00:00,7.46,8.5455,7.53,7.53,7.53,0.21,7.46,2.2
2026-04-15T19:37:30+00:00,7.66,8.5412,7.36,7.36,7.36,0.24,8.99,2.2301
2026-04-15T19:40:00+00:00,7.68,8.5006,2.2,2.2,2.2,1.25,8.97,2.2574
2026-04-15T19:42:30+00:00,7.52,8.3762,2.2,2.2,2.2,1.25,7.74,2.3109
2026-04-15T19:45:00+00:00,7.65,8.0346,2.2,2.2,2.2,1.21,8.6,2.3803
2026-04-15T19:47:30+00:00,7.67,7.2067,2.2,2.2,2.2,1.28,8.54,2.4603
2026-04-15T19:50:00+00:00,7.27,5.5192,2.2,2.2,2.2,1.31,5.71,2.5479
2026-04-15T19:52:30+00:00,6.25,4.1757,2.2,2.2,2.2,1.23,2.2,2.6414
2026-04-15T19:55:00+00:00,4.99,3.2314,2.2,2.2,2.2,2.0,2.2,2.7397
2026-04-15T19:57:30+00:00,3.85,2.4566,2.2,2.2,2.2,1.45,2.2,2.8418
2026-04-15T20:00:00+00:00,2.7,2.2,2.2,2.2,2.2,1.17,2.2,2.9471
2026-04-15T20:02:30+00:00,2.01,2.2,2.2,2.2,2.2,0.85,2.2,3.0549
2026-04-15T20:05:00+00:00,1.68,2.2,2.2,2.2,2.2,0.65,2.2,3.1647
2026-04-15T20:07:30+00:00,1.59,2.2301,2.2,2.2,2.2,0.56,2.2,3.2759
2026-04-15T20:10:00+00:00,1.68,2.2574,2.2,2.2,2.2,0.58,2.2,3.3882
2026-04-15T20:12:30+00:00,1.86,2.3109,2.2,2.2,2.2,0.55,2.2,3.501
2026-04-15T20:15:00+00:00,2.07,2.3803,2.2,2.2,2.2,0.57,4.54,3.6141
2026-04-15T20:17:30+00:00,2.29,2.4603,2.2,2.2,2.2,0.7,6.64,3.7271
2026-04-15T20:20:00+00:00,2.47,2.5479,2.2,2.2,2.2,0.67,7.82,3.9564
2026-04-15T20:22:30+00:00,2.61,2.6414,2.2,2.2,2.2,0.71,8.19,4.1843
2026-04-15T20:25:00+00:00,2.71,2.7397,2.2,2.2,2.2,0.84,7.78,4.4104
2026-04-15T20:27:30+00:00,2.76,2.8418,2.2,2.2,2.2,0.83,7.24,4.6341
2026-04-15T20:30:00+00:00,2.77,2.9471,2.2,2.2,2.2,0.84,6.29,4.8553
2026-04-15T20:32:30+00:00,2.82,3.0549,2.2,2.2,2.2,0.82,5.71,5.0733
2026-04-15T20:35:00+00:00,2.77,3.1647,2.2,2.2,2.2,0.93,4.49,5.2881
2026-04-15T20:37:30+00:00,2.71,3.2759,2.2,2.2,2.2,0.81,3.52,5.4993
2026-04-15T20:40:00+00:00,2.65,3.3882,2.2,2.2,2.2,0.79,2.71,5.7066
2026-04-15T20:42:30+00:00,2.7,3.501,2.2,2.2,2.2,0.83,2.8,5.9099
2026-04-15T20:45:00+00:00,2.82,3.6141,2.2,2.2,2.2,0.77,3.46,6.109
2026-04-15T20:47:30+00:00,2.93,3.7271,2.2,2.2,2.2,0.89,3.9,6.3038
2026-04-15T20:50:00+00:00,3.14,3.9564,2.2,2.2,2.2,0.85,4.85,6.4942
2026-04-15T20:52:30+00:00,3.22,4.1843,2.2,2.2,2.2,0.92,4.82,6.68
2026-04-15T20:55:00+00:00,3.59,4.4104,2.2,2.2,2.2,0.93,6.72,6.8611
2026-04-15T20:57:30+00:00,3.82,4.6341,2.2,2.2,2.2,1.08,7.27,7.0377
2026-04-15T21:00:00+00:00,4.24,4.8553,2.22,2.27,2.2,1.09,8.72,7.2094
2026-04-15T21:02:30+00:00,4.51,5.0733,2.3,2.64,2.2,1.23,9.0,7.3765
2026-04-15T21:05:00+00:00,4.62,5.2881,2.65,4.0,2.2,1.21,8.19,7.5389
2026-04-15T21:07:30+00:00,4.59,5.4993,2.45,3.51,2.2,1.3,6.76,7.6965
2026-04-15T21:10:00+00:00,4.51,5.7066,2.33,3.2,2.2,1.35,5.11,7.8494
2026-04-15T21:12:30+00:00,4.44,5.9099,2.2,2.21,2.2,1.33,4.04,7.9976
2026-04-15T21:15:00+00:00,4.85,6.109,2.2,2.2,2.2,1.36,6.42,8.1412
2026-04-15T21:17:30+00:00,5.15,6.3038,2.43,3.8,2.2,1.37,7.69,8.2801
2026-04-15T21:20:00+00:00,5.5,6.4942,2.86,4.06,2.2,1.37,8.96,8.4146
2026-04-15T21:22:30+00:00,5.55,6.68,3.05,4.64,2.2,1.42,8.06,8.5445
2026-04-15T21:25:00+00:00,5.39,6.8611,2.67,3.82,2.2,1.48,5.95,8.6699
2026-04-15T21:27:30+00:00,5.51,7.0377,2.39,3.22,2.2,1.55,6.13,8.7908
2026-04-15T21:30:00+00:00,5.74,7.2094,2.59,4.24,2.2,1.51,7.15,8.9073
2026-04-15T21:32:30+00:00,5.71,7.3765,3.08,4.4,2.2,1.52,6.25,9.0195
2026-04-15T21:35:00+00:00,5.82,7.5389,2.56,3.59,2.2,1.61,6.49,9.1274
2026-04-15T21:37:30+00:00,5.74,7.6965,3.06,5.29,2.2,1.49,5.46,9.2312
2026-04-15T21:40:00+00:00,5.75,7.8494,2.67,3.72,2.2,1.56,5.33,9.331
2026-04-15T21:42:30+00:00,6.25,7.9976,2.74,4.24,2.2,1.55,8.51,9.4268
2026-04-15T21:45:00+00:00,6.73,8.1412,4.44,6.82,2.57,1.28,10.83,9.5188
2026-04-15T21:47:30+00:00,7.28,8.2801,5.89,8.24,3.6,1.24,13.07,9.607
2026-04-15T21:50:00+00:00,7.81,8.4146,6.86,8.74,4.68,1.26,14.71,9.6915
2026-04-15T21:52:30+00:00,8.4,8.5445,8.47,10.03,5.93,1.31,16.35,9.7725
2026-04-15T21:55:00+00:00,8.82,8.6699,9.71,11.56,7.8,1.44,16.49,9.85
2026-04-15T21:57:30+00:00,9.06,8.7908,10.17,12.71,7.75,1.39,15.33,9.9242
2026-04-15T22:00:00+00:00,9.13,8.9073,10.41,13.07,8.11,1.28,13.39,9.9951
2026-04-15T22:02:30+00:00,8.76,9.0195,9.21,11.85,7.36,1.11,9.06,10.0628
2026-04-15T22:05:00+00:00,8.24,9.1274,7.69,9.16,5.61,1.14,4.63,10.1274
2026-04-15T22:07:30+00:00,8.04,9.2312,5.33,7.48,3.09,1.57,3.43,10.1888
2026-04-15T22:10:00+00:00,7.96,9.331,4.06,5.4,2.55,1.89,3.52,10.2472
2026-04-15T22:12:30+00:00,7.97,9.4268,4.15,5.46,2.59,1.82,4.34,10.3027
2026-04-15T22:15:00+00:00,8.11,9.5188,4.25,6.36,2.61,1.79,6.07,10.3554
2026-04-15T22:17:30+00:00,8.55,9.607,4.85,6.3,3.47,1.64,9.43,10.4054
2026-04-15T22:20:00+00:00,8.72,9.6915,6.67,8.49,4.59,1.26,10.34,10.4528
2026-04-15T22:22:30+00:00,9.2,9.7725,8.05,10.16,5.51,0.9,13.13,10.4976
2026-04-15T22:25:00+00:00,9.04,9.85,9.43,11.46,7.79,1.0,10.93,10.54
2026-04-15T22:27:30+00:00,9.09,9.9242,9.07,10.87,7.42,0.95,10.66,10.58
2026-04-15T22:30:00+00:00,9.06,9.9951,8.06,9.06,6.47,1.01,9.82,10.6178
2026-04-15T22:32:30+00:00,9.18,10.0628,8.72,10.19,7.19,0.9,10.26,10.6534
2026-04-15T22:35:00+00:00,9.4,10.1274,9.23,10.4,7.78,0.94,11.24,10.6869
2026-04-15T22:37:30+00:00,9.7,10.1888,8.9,10.4,7.51,0.97,12.57,10.7183
2026-04-15T22:40:00+00:00,9.8,10.2472,9.88,11.14,8.48,1.03,12.26,10.7478
2026-04-15T22:42:30+00:00,9.63,10.3027,9.94,11.64,8.33,1.03,10.23,10.7755
2026-04-15T22:45:00+00:00,9.7,10.3554,8.72,10.29,7.36,0.93,10.23,10.8255
2026-04-15T22:47:30+00:00,9.87,10.4054,8.84,10.37,7.23,0.95,10.98,10.8479
2026-04-15T22:50:00+00:00,9.74,10.4528,9.7,11.42,8.45,0.92,9.59,10.8688
2026-04-15T22:52:30+00:00,9.37,10.4976,9.47,10.58,7.96,0.81,6.89,10.8881
2026-04-15T22:55:00+00:00,9.09,10.54,8.15,9.32,6.03,0.73,5.47,10.906
2026-04-15T22:57:30+00:00,9.04,10.58,6.85,8.35,5.11,0.87,5.96,10.9225
2026-04-15T23:00:00+00:00,9.1,10.6178,7.1,8.21,5.67,0.79,7.11,10.9377
2026-04-15T23:02:30+00:00,9.39,10.6534,7.48,8.96,5.92,0.76,9.64,10.9515
2026-04-15T23:05:00+00:00,9.65,10.6869,9.27,10.66,7.38,0.75,11.43,10.9642
2026-04-15T23:07:30+00:00,9.73,10.7183,9.8,11.13,8.66,0.91,11.66,10.8708
2026-04-15T23:10:00+00:00,10.01,10.7478,9.67,10.63,8.74,0.91,13.08,10.78
2026-04-15T23:12:30+00:00,10.05,10.7755,10.39,12.21,9.03,1.06,12.54,10.6916
2026-04-15T23:17:30+00:00,10.07,10.8255,14.18,15.53,13.18,1.05,11.1,10.6057
2026-04-15T23:20:00+00:00,10.09,10.8479,13.23,14.41,12.03,0.85,10.72,10.5221
2026-04-15T23:22:30+00:00,10.01,10.8688,12.92,14.34,11.83,0.77,9.87,10.4408
2026-04-15T23:25:00+00:00,10.26,10.8881,12.54,13.44,11.48,0.7,11.38,10.4334
2026-04-15T23:27:30+00:00,10.18,10.906,13.17,14.25,12.07,0.8,10.36,10.4261
2026-04-15T23:30:00+00:00,10.59,10.9225,10.43,10.43,10.43,0.75,12.87,10.4187
2026-04-15T23:32:30+00:00,10.8,10.9377,11.75,11.75,11.75,1.02,13.54,10.4114
2026-04-15T23:35:00+00:00,10.42,10.9515,12.2,12.2,12.2,1.07,10.13,10.4041
2026-04-15T23:37:30+00:00,10.35,10.9642,10.52,10.52,10.52,0.67,9.48,10.3968
2026-04-15T23:40:00+00:00,10.28,10.8708,10.15,10.15,10.15,0.75,9.08,10.3896
2026-04-15T23:42:30+00:00,10.09,10.78,9.89,9.89,9.89,0.66,7.91,10.3824
2026-04-15T23:45:00+00:00,9.86,10.6916,9.21,9.21,9.21,0.67,6.86,10.3752
2026-04-15T23:47:30+00:00,9.84,10.6057,8.55,8.55,8.55,0.82,7.49,10.368
2026-04-15T23:50:00+00:00,9.58,10.5221,8.75,8.75,8.75,0.64,6.44,10.3608
2026-04-15T23:52:30+00:00,9.48,10.4408,8.08,8.08,8.08,0.69,6.68,10.3537
2026-04-15T23:55:00+00:00,9.34,10.4334,8.07,8.07,8.07,0.52,6.68,10.3466
2026-04-15T23:57:30+00:00,8.87,10.4261,7.94,7.94,7.94,0.51,4.58,10.3395
2026-04-16T00:00:00+00:00,8.92,10.4187,6.64,6.64,6.64,0.87,6.17,10.3324
2026-04-16T00:02:30+00:00,8.89,10.4114,7.38,7.38,7.38,0.58,7.05,10.3254
2026-04-16T00:05:00+00:00,8.89,10.4041,7.73,7.73,7.73,0.43,7.93,10.3184
2026-04-16T00:07:30+00:00,9.18,10.3968,8.12,8.12,8.12,0.27,10.5,10.3114
2026-04-16T00:10:00+00:00,9.69,10.3896,9.44,9.44,9.44,0.2,13.92,10.3044
2026-04-16T00:12:30+00:00,10.19,10.3824,11.32,11.32,11.32,0.76,16.2,10.2974
2026-04-16T00:15:00+00:00,10.66,10.3752,12.83,12.83,12.83,1.18,17.85,10.2905
2026-04-16T00:17:30+00:00,10.56,10.368,14.02,14.02,14.02,1.48,15.28,10.2836
2026-04-16T00:20:00+00:00,10.34,10.3608,12.97,12.97,12.97,1.09,12.45,10.2767
2026-04-16T00:22:30+00:00,9.81,10.3537,11.6,11.6,11.6,0.62,8.0,10.2698
2026-04-16T00:25:00+00:00,9.22,10.3466,9.34,9.34,9.34,0.15,4.17,10.263
2026-04-16T00:27:30+00:00,8.65,10.3395,7.22,7.22,7.22,0.75,2.2,10.2561
2026-04-16T00:30:00+00:00,8.23,10.3324,5.52,5.52,5.52,1.22,2.2,10.2493
2026-04-16T00:32:30+00:00,8.1,10.3254,4.63,4.63,4.63,1.41,2.2,10.2425
2026-04-16T00:35:00+00:00,8.01,10.3184,4.93,4.93,4.93,1.23,3.21,10.2358
2026-04-16T00:37:30+00:00,8.16,10.3114,5.38,5.38,5.38,1.01,5.72,10.229
2026-04-16T00:40:00+00:00,8.32,10.3044,6.59,6.59,6.59,0.56,7.93,10.2223
2026-04-16T00:42:30+00:00,8.33,10.2974,7.66,7.66,7.66,0.2,8.62,10.2156
2026-04-16T00:45:00+00:00,8.34,10.2905,8.02,8.02,8.02,0.11,9.1,10.2089
2026-04-16T00:47:30+00:00,8.65,10.2836,8.31,8.31,8.31,0.14,11.31,10.2023
2026-04-16T00:50:00+00:00,8.85,10.2767,9.52,9.52,9.52,0.49,12.33,10.1956
2026-04-16T00:52:30+00:00,9.13,10.2698,10.2,10.2,10.2,0.68,13.46,10.189
2026-04-16T00:55:00+00:00,9.49,10.263,10.96,10.96,10.96,0.88,14.68,10.1824
2026-04-16T00:57:30+00:00,9.87,10.2561,11.91,11.91,11.91,1.12,15.72,10.1759
2026-04-16T01:00:00+00:00,9.98,10.2493,12.71,12.71,12.71,1.31,14.74,10.1693
2026-04-16T01:02:30+00:00,9.79,10.2425,12.46,12.46,12.46,1.15,12.04,10.1628
2026-04-16T01:05:00+00:00,9.91,10.2358,11.15,11.15,11.15,0.7,11.85,10.1563
2026-04-16T01:07:30+00:00,10.03,10.229,11.13,11.13,11.13,0.64,11.74,10.1498
2026-04-16T01:10:00+00:00,9.83,10.2223,11.14,11.14,11.14,0.6,9.58,10.1433
2026-04-16T01:12:30+00:00,9.74,10.2156,10.06,10.06,10.06,0.25,8.57,10.1368
2026-04-16T01:15:00+00:00,9.89,10.2089,9.51,9.51,9.51,0.13,9.55,10.1304
2026-04-16T01:17:30+00:00,10.01,10.2023,9.95,9.95,9.95,0.2,10.19,10.124
2026-04-16T01:20:00+00:00,10.1,10.1956,10.26,10.26,10.26,0.27,10.51,10.1176
2026-04-16T01:22:30+00:00,10.02,10.189,10.42,10.42,10.42,0.3,9.67,10.1112
2026-04-16T01:25:00+00:00,9.86,10.1824,9.99,9.99,9.99,0.18,8.53,10.1049
2026-04-16T01:27:30+00:00,9.85,10.1759,9.37,9.37,9.37,0.15,8.66,10.0986
2026-04-16T01:30:00+00:00,9.91,10.1693,9.36,9.36,9.36,0.15,9.29,10.0923
2026-04-16T01:32:30+00:00,9.79,10.1628,9.64,9.64,9.64,0.14,8.62,10.086
2026-04-16T01:35:00+00:00,9.89,10.1563,9.25,9.25,9.25,0.16,9.57,10.0797
2026-04-16T01:37:30+00:00,9.61,10.1498,9.7,9.7,9.7,0.15,7.75,10.0734
2026-04-16T01:40:00+00:00,9.04,10.1433,8.72,8.72,8.72,0.26,4.6,10.0672
2026-04-16T01:42:30+00:00,8.93,10.1368,6.89,6.89,6.89,0.75,5.0,10.061
2026-04-16T01:45:00+00:00,8.99,10.1304,6.97,6.97,6.97,0.68,6.56,10.0548
2026-04-16T01:47:30+00:00,8.96,10.124,7.62,7.62,7.62,0.44,7.24,10.0486
2026-04-16T01:50:00+00:00,9.06,10.1176,7.88,7.88,7.88,0.32,8.67,10.0425
2026-04-16T01:52:30+00:00,9.17,10.1112,8.56,8.56,8.56,0.15,9.84,10.0364
2026-04-16T01:55:00+00:00,9.07,10.1049,9.17,9.17,9.17,0.22,9.25,10.0302
2026-04-16T01:57:30+00:00,9.2,10.0986,8.9,8.9,8.9,0.17,10.3,10.0241
2026-04-16T02:00:00+00:00,9.29,10.0923,9.47,9.47,9.47,0.31,10.8,10.0181
2026-04-16T02:02:30+00:00,9.2,10.086,9.8,9.8,9.8,0.4,9.89,10.012
2026-04-16T02:05:00+00:00,9.13,10.0797,9.39,9.39,9.39,0.29,9.34,10.006
2026-04-16T02:07:30+00:00,9.24,10.0734,9.14,9.14,9.14,0.23,10.05,10.0
2026-04-16T02:10:00+00:00,9.27,10.0672,9.52,9.52,9.52,0.32,10.07,9.994
2026-04-16T02:12:30+00:00,9.38,10.061,9.57,9.57,9.57,0.33,10.57,9.988
2026-04-16T02:15:00+00:00,9.2,10.0548,9.87,9.87,9.87,0.41,9.1,9.982
2026-04-16T02:17:30+00:00,9.1,10.0486,9.14,9.14,9.14,0.22,8.39,9.976
2026-04-16T02:20:00+00:00,9.09,10.0425,8.77,8.77,8.77,0.16,8.46,9.97
2026-04-16T02:22:30+00:00,9.14,10.0364,8.76,8.76,8.76,0.16,8.95,9.9641
2026-04-16T02:25:00+00:00,8.83,10.0302,8.99,8.99,8.99,0.2,6.9,9.9581
2026-04-16T02:27:30+00:00,8.74,10.0241,7.9,7.9,7.9,0.26,6.85,9.9521
2026-04-16T02:30:00+00:00,8.67,10.0181,7.78,7.78,7.78,0.27,6.9,9.9462
2026-04-16T02:32:30+00:00,8.61,10.012,7.73,7.73,7.73,0.26,7.08,9.9403
2026-04-16T02:35:00+00:00,8.5,10.006,7.74,7.74,7.74,0.24,6.85,9.9343
2026-04-16T02:37:30+00:00,8.19,10.0,7.56,7.56,7.56,0.26,5.39,9.9284
2026-04-16T02:40:00+00:00,8.26,9.994,6.72,6.72,6.72,0.45,6.71,9.9225
2026-04-16T02:42:30+00:00,8.63,9.988,7.29,7.29,7.29,0.27,9.86,9.9166
2026-04-16T02:45:00+00:00,8.7,9.982,8.89,8.89,8.89,0.34,10.24,9.9107
2026-04-16T02:47:30+00:00,8.73,9.976,9.15,9.15,9.15,0.42,10.19,9.9048
2026-04-16T02:50:00+00:00,8.89,9.97,9.2,9.2,9.2,0.43,11.0,9.8989
2026-04-16T02:52:30+00:00,9.02,9.9641,9.7,9.7,9.7,0.56,11.42,9.893
2026-04-16T02:55:00+00:00,9.0,9.9581,10.02,10.02,10.02,0.64,10.63,9.8871
2026-04-16T02:57:30+00:00,8.94,9.9521,9.72,9.72,9.72,0.52,9.72,9.8813
2026-04-16T03:00:00+00:00,9.12,9.9462,9.31,9.31,9.31,0.39,10.64,9.8754
2026-04-16T03:02:30+00:00,9.02,9.9403,9.82,9.82,9.82,0.52,9.45,9.8695
2026-04-16T03:05:00+00:00,8.84,9.9343,9.26,9.26,9.26,0.35,8.01,9.8637
2026-04-16T03:07:30+00:00,8.91,9.9284,8.52,8.52,8.52,0.18,8.53,9.8578
2026-04-16T03:10:00+00:00,9.06,9.9225,8.75,8.75,8.75,0.22,9.58,9.852
2026-04-16T03:12:30+00:00,9.19,9.9166,9.27,9.27,9.27,0.34,10.2,9.8462
2026-04-16T03:15:00+00:00,9.11,9.9107,9.62,9.62,9.62,0.42,9.39,9.8403
2026-04-16T03:17:30+00:00,9.13,9.9048,9.24,9.24,9.24,0.31,9.37,9.8345
2026-04-16T03:20:00+00:00,9.04,9.8989,9.24,9.24,9.24,0.3,8.56,9.8287
2026-04-16T03:22:30+00:00,8.92,9.893,8.81,8.81,8.81,0.21,7.85,9.8229
2026-04-16T03:25:00+00:00,9.05,9.8871,8.41,8.41,8.41,0.17,8.9,9.8171
2026-04-16T03:27:30+00:00,9.02,9.8813,8.91,8.91,8.91,0.23,8.74,9.8113
2026-04-16T03:30:00+00:00,9.08,9.8754,8.82,8.82,8.82,0.22,9.22,9.8055
2026-04-16T03:32:30+00:00,8.81,9.8695,9.06,9.06,9.06,0.27,7.33,9.7998
2026-04-16T03:35:00+00:00,8.52,9.8637,8.07,8.07,8.07,0.2,5.79,9.794
2026-04-16T03:37:30+00:00,8.63,9.8578,7.19,7.19,7.19,0.38,7.27,9.7882
2026-04-16T03:40:00+00:00,8.82,9.852,7.84,7.84,7.84,0.21,8.98,9.7825
2026-04-16T03:42:30+00:00,8.75,9.8462,8.69,8.69,8.69,0.24,8.58,9.7767
2026-04-16T03:45:00+00:00,8.48,9.8403,8.49,8.49,8.49,0.21,6.93,9.771
2026-04-16T03:47:30+00:00,8.29,9.8345,7.61,7.61,7.61,0.23,6.15,9.7652
2026-04-16T03:50:00+00:00,8.01,9.8287,7.14,7.14,7.14,0.31,4.98,9.7595
2026-04-16T03:52:30+00:00,7.66,9.8229,6.42,6.42,6.42,0.47,3.73,9.7538
2026-04-16T03:55:00+00:00,7.56,9.8171,5.55,5.55,5.55,0.68,4.17,9.7481
2026-04-16T03:57:30+00:00,7.68,9.8113,5.68,5.68,5.68,0.59,6.18,9.7424
2026-04-16T04:00:00+00:00,7.83,9.8055,6.6,6.6,6.6,0.29,7.93,9.7367
2026-04-16T04:02:30+00:00,7.99,9.7998,7.46,7.46,7.46,0.19,9.28,9.731
2026-04-16T04:05:00+00:00,8.21,9.794,8.2,8.2,8.2,0.36,10.75,9.7253
2026-04-16T04:07:30+00:00,8.4,9.7882,9.04,9.04,9.04,0.6,11.59,9.7196
2026-04-16T04:10:00+00:00,8.35,9.7825,9.61,9.61,9.61,0.75,10.5,9.7139
2026-04-16T04:12:30+00:00,8.5,9.7767,9.19,9.19,9.19,0.6,11.03,9.7082
2026-04-16T04:15:00+00:00,8.74,9.771,9.57,9.57,9.57,0.69,11.88,9.7026
2026-04-16T04:17:30+00:00,8.77,9.7652,10.13,10.13,10.13,0.82,11.17,9.6969
2026-04-16T04:20:00+00:00,8.93,9.7595,9.9,9.9,9.9,0.72,11.46,9.6912
2026-04-16T04:22:30+00:00,9.05,9.7538,10.15,10.15,10.15,0.76,11.42,9.6856
2026-04-16T04:25:00+00:00,9.12,9.7481,10.24,10.24,10.24,0.74,11.0,9.68
2026-04-16T04:27:30+00:00,9.43,9.7424,10.12,10.12,10.12,0.67,12.28,9.6743
2026-04-16T04:30:00+00:00,9.43,9.7367,10.86,10.86,10.86,0.84,11.3,9.6687
2026-04-16T04:32:30+00:00,9.35,9.731,10.46,10.46,10.46,0.68,9.93,9.6631
2026-04-16T04:35:00+00:00,8.98,9.7253,9.82,9.82,9.82,0.46,6.99,9.6575
2026-04-16T04:37:30+00:00,8.88,9.7196,8.28,8.28,8.28,0.19,6.52,9.6519
2026-04-16T04:40:00+00:00,9.17,9.7139,7.92,7.92,7.92,0.25,8.86,9.6463
2026-04-16T04:42:30+00:00,9.3,9.7082,9.03,9.03,9.03,0.25,9.64,9.6407
2026-04-16T04:45:00+00:00,9.47,9.7026,9.43,9.43,9.43,0.33,10.66,9.6351
2026-04-16T04:47:30+00:00,9.59,9.6969,9.97,9.97,9.97,0.47,11.07,9.6295
2026-04-16T04:50:00+00:00,9.43,9.6912,10.24,10.24,10.24,0.53,9.46,9.6239
2026-04-16T04:52:30+00:00,9.18,9.6856,9.46,9.46,9.46,0.3,7.67,9.6184
2026-04-16T04:55:00+00:00,8.76,9.68,8.51,8.51,8.51,0.18,5.16,9.6128
2026-04-16T04:57:30+00:00,8.37,9.6743,7.11,7.11,7.11,0.49,3.58,9.6072
2026-04-16T05:00:00+00:00,8.34,9.6687,6.02,6.02,6.02,0.77,4.52,9.6017
2026-04-16T05:02:30+00:00,8.33,9.6631,6.38,6.38,6.38,0.61,5.64,9.5961
2026-04-16T05:05:00+00:00,8.12,9.6575,6.8,6.8,6.8,0.45,5.16,9.5906
2026-04-16T05:07:30+00:00,8.25,9.6519,6.43,6.43,6.43,0.51,7.1,9.5851
2026-04-16T05:10:00+00:00,8.38,9.6463,7.33,7.33,7.33,0.23,8.57,9.5795
2026-04-16T05:12:30+00:00,8.45,9.6407,8.06,8.06,8.06,0.2,9.35,9.574
2026-04-16T05:15:00+00:00,8.55,9.6351,8.49,8.49,8.49,0.3,10.04,9.5685
2026-04-16T05:17:30+00:00,8.47,9.6295,8.91,8.91,8.91,0.42,9.34,9.563
2026-04-16T05:20:00+00:00,8.69,9.6239,8.62,8.62,8.62,0.34,10.71,9.5575
2026-04-16T05:22:30+00:00,8.46,9.6184,9.39,9.39,9.39,0.55,8.71,9.552
2026-04-16T05:25:00+00:00,8.4,9.6128,8.43,8.43,8.43,0.28,8.32,9.5465
2026-04-16T05:27:30+00:00,8.37,9.6072,8.24,8.24,8.24,0.23,8.17,9.541
2026-04-16T05:30:00+00:00,8.26,9.6017,8.16,8.16,8.16,0.22,7.44,9.5356
2026-04-16T05:32:30+00:00,8.15,9.5961,7.77,7.77,7.77,0.17,6.94,9.5301
2026-04-16T05:35:00+00:00,8.15,9.5906,7.46,7.46,7.46,0.18,7.29,9.5246
2026-04-16T05:37:30+00:00,8.17,9.5851,7.59,7.59,7.59,0.17,7.73,9.5192
2026-04-16T05:40:00+00:00,8.0,9.5795,7.79,7.79,7.79,0.18,6.83,9.5137
2026-04-16T05:42:30+00:00,8.17,9.574,7.3,7.3,7.3,0.18,8.28,9.5083
2026-04-16T05:45:00+00:00,8.2,9.5685,8.01,8.01,8.01,0.23,8.58,9.5029
2026-04-16T05:47:30+00:00,8.31,9.563,8.18,8.18,8.18,0.27,9.32,9.4974
2026-04-16T05:50:00+00:00,8.44,9.5575,8.59,8.59,8.59,0.38,10.01,9.492
2026-04-16T05:52:30+00:00,8.69,9.552,9.0,9.0,9.0,0.48,11.27,9.4866
2026-04-16T05:55:00+00:00,8.93,9.5465,9.74,9.74,9.74,0.68,12.22,9.4812
2026-04-16T05:57:30+00:00,9.05,9.541,10.36,10.36,10.36,0.83,12.09,9.4758
2026-04-16T06:00:00+00:00,8.8,9.5356,10.44,10.44,10.44,0.82,9.46,9.4704
2026-04-16T06:02:30+00:00,8.87,9.5301,9.18,9.18,9.18,0.42,9.53,9.465
2026-04-16T06:05:00+00:00,8.65,9.5246,9.24,9.24,9.24,0.41,7.65,9.4596
2026-04-16T06:07:30+00:00,8.25,9.5192,8.27,8.27,8.27,0.18,5.07,9.4542
2026-04-16T06:10:00+00:00,7.85,9.5137,6.86,6.86,6.86,0.39,3.22,9.4488
2026-04-16T06:12:30+00:00,7.87,9.5083,5.65,5.65,5.65,0.71,4.39,9.4435
2026-04-16T06:15:00+00:00,8.28,9.5029,6.13,6.13,6.13,0.53,8.13,9.4381
2026-04-16T06:17:30+00:00,8.47,9.4974,7.94,7.94,7.94,0.18,9.61,9.4328
2026-04-16T06:20:00+00:00,8.56,9.492,8.72,8.72,8.72,0.36,10.07,9.4274
2026-04-16T06:22:30+00:00,8.27,9.4866,9.02,9.02,9.02,0.44,7.85,9.4221
2026-04-16T06:25:00+00:00,8.37,9.4812,7.93,7.93,7.93,0.17,8.66,9.4167
2026-04-16T06:27:30+00:00,8.25,9.4758,8.34,8.34,8.34,0.26,7.84,9.4114
2026-04-16T06:30:00+00:00,8.29,9.4704,7.92,7.92,7.92,0.17,8.24,9.4061
2026-04-16T06:32:30+00:00,8.21,9.465,8.11,8.11,8.11,0.21,7.8,9.4007
2026-04-16T06:35:00+00:00,8.33,9.4596,7.88,7.88,7.88,0.17,8.73,9.3954
2026-04-16T06:37:30+00:00,8.49,9.4542,8.35,8.35,8.35,0.27,9.75,9.3901
2026-04-16T06:40:00+00:00,8.46,9.4488,8.91,8.91,8.91,0.41,9.23,9.3848
2026-04-16T06:42:30+00:00,8.52,9.4435,8.7,8.7,8.7,0.34,9.42,9.3795
2026-04-16T06:45:00+00:00,8.37,9.4381,8.83,8.83,8.83,0.37,8.16,9.3742
2026-04-16T06:47:30+00:00,8.01,9.4328,8.21,8.21,8.21,0.21,5.77,9.369
2026-04-16T06:50:00+00:00,7.77,9.4274,6.94,6.94,6.94,0.28,4.68,9.3637
2026-04-16T06:52:30+00:00,8.08,9.4221,6.26,6.26,6.26,0.45,7.57,9.3584
2026-04-16T06:55:00+00:00,8.21,9.4167,7.64,7.64,7.64,0.15,8.73,9.3531
2026-04-16T06:57:30+00:00,8.64,9.4114,8.23,8.23,8.23,0.25,11.55,9.3479
2026-04-16T07:00:00+00:00,8.71,9.4061,9.74,9.74,9.74,0.68,11.34,9.3426
2026-04-16T07:02:30+00:00,8.78,9.4007,9.77,9.77,9.77,0.66,11.15,9.3374
2026-04-16T07:05:00+00:00,8.67,9.3954,9.8,9.8,9.8,0.64,9.68,9.3321
2026-04-16T07:07:30+00:00,8.62,9.3901,9.13,9.13,9.13,0.41,8.99,9.3269
2026-04-16T07:10:00+00:00,8.48,9.3848,8.8,8.8,8.8,0.31,7.79,9.3217
2026-04-16T07:12:30+00:00,8.5,9.3795,8.18,8.18,8.18,0.16,7.96,9.3165
2026-04-16T07:15:00+00:00,8.51,9.3742,8.24,8.24,8.24,0.16,8.09,9.3112
2026-04-16T07:17:30+00:00,8.37,9.369,8.27,8.27,8.27,0.16,7.17,9.306
2026-04-16T07:20:00+00:00,8.25,9.3637,7.77,7.77,7.77,0.14,6.67,9.2956
2026-04-16T07:22:30+00:00,8.6,9.3584,7.45,7.45,7.45,0.2,9.42,9.2904
2026-04-16T07:25:00+00:00,8.92,9.3531,8.82,8.82,8.82,0.31,11.32,9.2852
2026-04-16T07:27:30+00:00,8.96,9.3479,9.86,9.86,9.86,0.6,11.04,9.2801
2026-04-16T07:30:00+00:00,9.22,9.3426,9.83,9.83,9.83,0.56,12.16,9.2749
2026-04-16T07:32:30+00:00,9.24,9.3374,10.51,10.51,10.51,0.73,11.44,9.2697
2026-04-16T07:35:00+00:00,9.26,9.3321,10.27,10.27,10.27,0.62,10.81,9.2646
2026-04-16T07:37:30+00:00,9.35,9.3269,10.03,10.03,10.03,0.52,10.83,9.2594
2026-04-16T07:40:00+00:00,9.49,9.3217,10.1,10.1,10.1,0.51,11.15,9.2542
2026-04-16T07:42:30+00:00,9.15,9.3165,10.33,10.33,10.33,0.54,8.2,9.2491
2026-04-16T07:45:00+00:00,8.76,9.3112,8.84,8.84,8.84,0.13,5.65,9.244
2026-04-16T07:47:30+00:00,8.47,9.306,7.45,7.45,7.45,0.39,4.33,9.2388
2026-04-16T07:52:30+00:00,8.47,9.2956,6.95,6.95,6.95,0.48,6.14,9.2337
2026-04-16T07:55:00+00:00,8.54,9.2904,7.22,7.22,7.22,0.37,7.31,9.2286
2026-04-16T07:57:30+00:00,8.63,9.2852,7.73,7.73,7.73,0.2,8.44,9.198
2026-04-16T08:00:00+00:00,8.68,9.2801,8.28,8.28,8.28,0.11,8.97,9.1087
2026-04-16T08:02:30+00:00,8.63,9.2749,8.56,8.56,8.56,0.16,8.76,8.8672
2026-04-16T08:05:00+00:00,8.5,9.2697,8.46,8.46,8.46,0.14,7.94,7.1006
2026-04-16T08:07:30+00:00,8.48,9.2646,8.05,8.05,8.05,0.11,8.12,5.2185
2026-04-16T08:10:00+00:00,8.73,9.2594,8.12,8.12,8.12,0.1,9.93,3.9185
2026-04-16T08:12:30+00:00,8.71,9.2542,9.06,9.06,9.06,0.31,9.64,3.3492
2026-04-16T08:15:00+00:00,8.54,9.2491,8.97,8.97,8.97,0.28,8.33,2.9899
2026-04-16T08:17:30+00:00,8.47,9.244,8.33,8.33,8.33,0.12,7.9,2.8099
2026-04-16T08:20:00+00:00,8.36,9.2388,8.09,8.09,8.09,0.1,7.35,2.7409
2026-04-16T08:22:30+00:00,8.46,9.2337,7.78,7.78,7.78,0.13,8.34,2.7329
2026-04-16T08:25:00+00:00,8.57,9.2286,8.26,8.26,8.26,0.11,9.14,2.7572
2026-04-16T08:27:30+00:00,8.76,9.198,2.2,2.2,2.2,1.62,10.32,2.7994
2026-04-16T08:30:00+00:00,8.75,9.1087,2.2,2.2,2.2,1.73,9.89,2.8521
2026-04-16T08:32:30+00:00,8.43,8.8672,2.2,2.2,2.2,1.69,7.45,2.9116
2026-04-16T08:37:30+00:00,8.06,7.1006,2.2,2.2,2.2,1.5,5.44,2.976
2026-04-16T08:40:00+00:00,7.59,5.2185,2.2,2.2,2.2,1.4,3.18,3.0441
2026-04-16T08:42:30+00:00,6.89,3.9185,2.2,2.2,2.2,2.08,2.2,3.115
2026-04-16T08:45:00+00:00,5.99,3.3492,2.2,2.2,2.2,1.93,2.2,3.1883
2026-04-16T08:47:30+00:00,4.85,2.9899,2.2,2.2,2.2,1.59,2.2,3.2634
2026-04-16T08:50:00+00:00,3.55,2.8099,2.2,2.2,2.2,1.16,2.2,3.3399
2026-04-16T08:52:30+00:00,2.47,2.7409,2.2,2.2,2.2,0.69,2.2,3.4174
2026-04-16T08:55:00+00:00,1.86,2.7329,2.2,2.2,2.2,0.52,2.2,3.4957
2026-04-16T08:57:30+00:00,1.59,2.7572,2.2,2.2,2.2,0.41,2.2,3.5743
2026-04-16T09:00:00+00:00,1.57,2.7994,2.2,2.2,2.2,0.27,2.2,3.6532
2026-04-16T09:02:30+00:00,1.7,2.8521,2.2,2.2,2.2,0.25,2.2,3.7319
2026-04-16T09:05:00+00:00,1.91,2.9116,2.2,2.2,2.2,0.33,2.94,3.8104
2026-04-16T09:07:30+00:00,2.14,2.976,2.2,2.2,2.2,0.37,5.81,3.9705
2026-04-16T09:10:00+00:00,2.36,3.0441,2.2,2.2,2.2,0.4,7.66,4.1292
2026-04-16T09:12:30+00:00,2.54,3.115,2.2,2.2,2.2,0.42,8.56,4.2863
2026-04-16T09:15:00+00:00,2.67,3.1883,2.2,2.2,2.2,0.45,8.49,4.4414
2026-04-16T09:17:30+00:00,2.76,3.2634,2.2,2.2,2.2,0.52,8.0,4.5944
2026-04-16T09:20:00+00:00,2.79,3.3399,2.2,2.2,2.2,0.52,7.27,4.745
2026-04-16T09:22:30+00:00,2.79,3.4174,2.2,2.2,2.2,0.5,6.19,4.893
2026-04-16T09:25:00+00:00,2.76,3.4957,2.2,2.2,2.2,0.48,5.08,5.0382
2026-04-16T09:27:30+00:00,2.72,3.5743,2.2,2.2,2.2,0.51,4.04,5.1806
2026-04-16T09:30:00+00:00,2.87,3.6532,2.2,2.2,2.2,0.51,4.56,5.3199
2026-04-16T09:32:30+00:00,2.96,3.7319,2.2,2.2,2.2,0.49,4.53,5.4561
2026-04-16T09:35:00+00:00,2.96,3.8104,2.2,2.2,2.2,0.64,3.86,5.5892
2026-04-16T09:37:30+00:00,2.83,3.9705,2.2,2.2,2.2,0.57,2.54,5.719
2026-04-16T09:40:00+00:00,2.9,4.1292,2.2,2.2,2.2,0.58,2.86,5.8454
2026-04-16T09:42:30+00:00,2.92,4.2863,2.2,2.2,2.2,0.53,2.81,5.9686
2026-04-16T09:45:00+00:00,2.89,4.4414,2.2,2.2,2.2,0.58,2.51,6.0883
2026-04-16T09:47:30+00:00,3.13,4.5944,2.2,2.2,2.2,0.53,4.09,6.2047
2026-04-16T09:50:00+00:00,3.59,4.745,2.2,2.2,2.2,0.61,6.82,6.3177
2026-04-16T09:52:30+00:00,3.65,4.893,2.26,2.51,2.2,0.72,6.28,6.4273
2026-04-16T09:55:00+00:00,3.64,5.0382,2.23,2.36,2.2,0.74,5.33,6.5336
2026-04-16T09:57:30+00:00,3.79,5.1806,2.31,2.68,2.2,0.76,5.7,6.6365
2026-04-16T10:00:00+00:00,3.74,5.3199,2.5,3.49,2.2,0.73,4.62,6.736
2026-04-16T10:02:30+00:00,3.84,5.4561,2.26,2.45,2.2,0.78,4.77,6.8323
2026-04-16T10:05:00+00:00,3.83,5.5892,2.27,2.7,2.2,0.79,4.25,6.9254
2026-04-16T10:07:30+00:00,4.16,5.719,2.28,2.65,2.2,0.81,6.09,7.0153
2026-04-16T10:10:00+00:00,4.83,5.8454,2.33,2.8,2.2,0.87,9.69,7.102
2026-04-16T10:12:30+00:00,5.29,5.9686,4.5,5.69,3.25,0.91,11.14,7.1856
2026-04-16T10:15:00+00:00,5.62,6.0883,6.05,7.89,4.36,1.04,11.42,7.2662
2026-04-16T10:17:30+00:00,5.31,6.2047,5.82,7.12,4.39,1.02,7.57,7.3438
2026-04-16T10:20:00+00:00,5.23,6.3177,4.14,5.46,2.2,0.89,5.9,7.4185
2026-04-16T10:22:30+00:00,5.54,6.4273,3.68,5.5,2.2,0.94,7.26,7.4903
2026-04-16T10:25:00+00:00,5.52,6.5336,4.73,6.33,3.15,0.91,6.19,7.5594
2026-04-16T10:27:30+00:00,5.51,6.6365,4.3,5.56,2.25,0.9,5.51,7.6257
2026-04-16T10:30:00+00:00,5.33,6.736,4.3,6.13,2.61,0.87,3.86,7.6894
2026-04-16T10:32:30+00:00,5.27,6.8323,3.06,3.91,2.2,1.12,3.51,7.7504
2026-04-16T10:35:00+00:00,5.52,6.9254,3.63,5.04,2.2,0.96,5.33,7.809
2026-04-16T10:37:30+00:00,5.73,7.0153,3.76,4.98,2.2,0.95,6.61,7.865
2026-04-16T10:40:00+00:00,5.97,7.102,4.63,6.22,2.77,0.87,7.8,7.9187
2026-04-16T10:42:30+00:00,6.04,7.1856,5.49,7.18,3.73,0.73,7.65,7.9701
2026-04-16T10:45:00+00:00,6.3,7.2662,6.17,7.71,4.39,0.69,8.79,8.0192
2026-04-16T10:47:30+00:00,6.44,7.3438,5.56,6.76,4.78,0.81,8.9,8.0661
2026-04-16T10:50:00+00:00,6.25,7.4185,6.92,8.1,5.32,0.77,6.75,8.111
2026-04-16T10:52:30+00:00,6.3,7.4903,5.43,6.87,3.96,0.75,6.7,8.1537
2026-04-16T10:55:00+00:00,6.45,7.5594,5.93,7.43,4.42,0.66,7.3,8.1945
2026-04-16T10:57:30+00:00,6.35,7.6257,6.35,7.65,5.14,0.65,6.2,8.2333
2026-04-16T11:00:00+00:00,6.44,7.6894,5.29,7.08,3.84,0.77,6.61,8.2703
2026-04-16T11:02:30+00:00,6.64,7.7504,5.35,6.62,3.96,0.78,7.76,8.3054
2026-04-16T11:05:00+00:00,6.77,7.809,6.65,7.77,5.14,0.65,8.19,8.3389
2026-04-16T11:07:30+00:00,6.91,7.865,6.37,8.16,4.46,0.68,8.57,8.3706
2026-04-16T11:10:00+00:00,7.02,7.9187,7.01,8.44,5.42,0.59,8.71,8.4008
2026-04-16T11:12:30+00:00,7.04,7.9701,6.54,7.68,5.14,0.7,8.2,8.4293
2026-04-16T11:15:00+00:00,6.97,8.0192,7.01,8.27,4.97,0.63,7.16,8.4564
2026-04-16T11:17:30+00:00,6.88,8.0661,6.58,7.97,5.59,0.62,6.32,8.4819
2026-04-16T11:20:00+00:00,6.85,8.111,6.26,7.22,4.82,0.65,6.09,8.506
2026-04-16T11:22:30+00:00,6.86,8.1537,5.23,6.47,4.33,0.87,6.2,8.5287
2026-04-16T11:25:00+00:00,7.17,8.1945,5.78,6.47,5.0,0.7,8.33,8.5265
2026-04-16T11:27:30+00:00,7.55,8.2333,7.08,8.48,6.04,0.65,10.46,8.4682
2026-04-16T11:30:00+00:00,7.64,8.2703,8.37,9.33,7.34,0.79,10.23,8.2671
2026-04-16T11:32:30+00:00,7.73,8.3054,8.52,9.61,7.12,0.83,9.96,7.7474
2026-04-16T11:35:00+00:00,7.7,8.3389,8.64,9.47,7.52,0.82,8.97,6.6656
2026-04-16T11:37:30+00:00,8.17,8.3706,7.76,8.79,6.62,0.68,11.55,4.9332
2026-04-16T11:40:00+00:00,8.19,8.4008,9.41,10.09,8.57,0.95,10.61,3.9405
2026-04-16T11:42:30+00:00,7.91,8.4293,8.99,9.65,8.33,0.86,7.79,3.5106
2026-04-16T11:45:00+00:00,7.74,8.4564,7.78,9.26,6.65,0.54,6.38,3.268
2026-04-16T11:47:30+00:00,7.85,8.4819,6.92,8.33,5.85,0.55,7.17,3.1848
2026-04-16T11:50:00+00:00,8.22,8.506,7.61,8.73,6.4,0.53,9.63,3.1978
2026-04-16T11:52:30+00:00,8.29,8.5287,2.2,2.2,2.2,1.58,9.58,3.2608
2026-04-16T11:55:00+00:00,8.26,8.5265,2.2,2.2,2.2,1.62,8.9,3.3477
2026-04-16T11:57:30+00:00,8.03,8.4682,2.2,2.2,2.2,1.58,6.99,3.4085
2026-04-16T12:00:00+00:00,7.56,8.2671,2.2,2.2,2.2,1.55,3.91,3.4748
2026-04-16T12:02:30+00:00,7.18,7.7474,2.2,2.2,2.2,1.4,2.4,3.5434
2026-04-16T12:05:00+00:00,6.86,6.6656,2.2,2.2,2.2,1.34,2.2,3.6128
2026-04-16T12:07:30+00:00,6.77,4.9332,2.26,2.46,2.2,2.38,2.43,3.6821
2026-04-16T12:10:00+00:00,6.07,3.9405,2.27,2.51,2.2,2.39,2.2,3.751
2026-04-16T12:12:30+00:00,4.64,3.5106,2.2,2.2,2.2,2.05,2.2,3.9427
2026-04-16T12:15:00+00:00,3.19,3.268,2.2,2.2,2.2,1.48,2.2,4.1309
2026-04-16T12:17:30+00:00,2.49,3.1848,2.2,2.2,2.2,0.92,2.2,4.3155
2026-04-16T12:20:00+00:00,1.93,3.1978,2.2,2.2,2.2,0.62,2.2,4.4961
2026-04-16T12:22:30+00:00,1.69,3.2608,2.2,2.2,2.2,0.53,2.2,4.6725
2026-04-16T12:25:00+00:00,1.66,3.3477,2.2,2.2,2.2,0.48,2.2,4.8446
2026-04-16T12:27:30+00:00,1.78,3.4085,2.2,2.2,2.2,0.43,2.2,5.0122
2026-04-16T12:30:00+00:00,1.97,3.4748,2.2,2.2,2.2,0.49,2.92,5.1753
2026-04-16T12:32:30+00:00,2.18,3.5434,2.2,2.2,2.2,0.65,5.52,5.3338
2026-04-16T12:35:00+00:00,2.37,3.6128,2.2,2.2,2.2,0.66,7.2,5.4876
2026-04-16T12:37:30+00:00,2.54,3.6821,2.2,2.2,2.2,0.69,8.01,5.6368
2026-04-16T12:40:00+00:00,2.66,3.751,2.21,2.23,2.2,0.63,7.95,5.7811
2026-04-16T12:42:30+00:00,2.73,3.9427,2.29,2.77,2.2,0.66,7.65,5.9208
2026-04-16T12:45:00+00:00,2.92,4.1309,2.25,2.49,2.2,0.72,7.7,6.0558
2026-04-16T12:47:30+00:00,3.19,4.3155,2.46,3.08,2.2,0.72,8.33,6.1861
2026-04-16T12:50:00+00:00,3.45,4.4961,2.62,4.05,2.2,0.83,8.61,6.3117
2026-04-16T12:52:30+00:00,3.68,4.6725,3.18,5.22,2.2,0.83,8.56,6.4327
2026-04-16T12:55:00+00:00,3.77,4.8446,3.26,4.83,2.2,0.82,7.53,6.5492
2026-04-16T12:57:30+00:00,3.62,5.0122,3.0,4.92,2.2,0.86,5.31,6.6612
2026-04-16T13:00:00+00:00,3.5,5.1753,2.93,4.24,2.2,0.79,3.61,6.7688
2026-04-16T13:02:30+00:00,3.63,5.3338,2.46,3.61,2.2,0.9,3.99,6.872
2026-04-16T13:05:00+00:00,3.85,5.4876,2.35,3.02,2.2,1.01,4.97,6.971
2026-04-16T13:07:30+00:00,4.31,5.6368,2.61,4.02,2.2,0.92,7.41,7.0658
2026-04-16T13:10:00+00:00,4.82,5.7811,3.73,5.63,2.2,0.94,9.49,7.1565
2026-04-16T13:12:30+00:00,4.75,5.9208,5.04,6.31,3.81,1.0,7.63,7.2433
2026-04-16T13:15:00+00:00,5.07,6.0558,4.21,6.27,2.68,1.01,8.55,7.3262
2026-04-16T13:17:30+00:00,5.54,6.1861,5.09,6.84,3.78,0.97,10.17,7.4052
2026-04-16T13:20:00+00:00,5.49,6.3117,6.14,9.14,3.98,0.98,8.25,7.4806
2026-04-16T13:22:30+00:00,5.42,6.4327,4.98,6.62,2.99,1.05,6.53,7.5524
2026-04-16T13:25:00+00:00,5.09,6.5492,4.58,6.71,2.36,0.98,3.52,7.6207
2026-04-16T13:27:30+00:00,5.07,6.6612,3.09,4.4,2.2,1.19,3.27,7.6856
2026-04-16T13:30:00+00:00,5.28,6.7688,3.48,5.44,2.2,1.12,4.7,7.7472
2026-04-16T13:32:30+00:00,5.63,6.872,3.85,5.95,2.2,1.05,6.89,7.8057
2026-04-16T13:35:00+00:00,5.73,6.971,5.21,7.02,3.43,0.92,7.01,7.861
2026-04-16T13:37:30+00:00,6.13,7.0658,5.41,7.61,3.71,0.87,9.15,7.9134
2026-04-16T13:40:00+00:00,6.23,7.1565,6.44,7.77,4.44,0.89,8.82,7.9629
2026-04-16T13:42:30+00:00,6.27,7.2433,7.33,9.12,5.46,0.73,8.08,8.0097
2026-04-16T13:45:00+00:00,6.19,7.3262,6.83,7.87,5.66,0.74,6.79,8.0537
2026-04-16T13:47:30+00:00,6.17,7.4052,5.93,8.04,4.17,0.76,6.17,8.0951
2026-04-16T13:50:00+00:00,6.27,7.4806,5.92,7.93,3.09,0.78,6.58,8.1341
2026-04-16T13:52:30+00:00,6.56,7.5524,6.07,7.74,4.06,0.76,8.13,8.1706
2026-04-16T13:55:00+00:00,6.98,7.6207,7.12,8.99,5.29,0.69,10.36,8.2049
2026-04-16T13:57:30+00:00,7.47,7.6856,8.46,10.6,6.63,0.74,12.35,8.2369
2026-04-16T14:00:00+00:00,7.51,7.7472,9.75,11.65,7.95,1.01,11.2,8.2668
2026-04-16T14:02:30+00:00,7.25,7.8057,9.29,10.84,7.5,0.89,8.1,8.2946
2026-04-16T14:05:00+00:00,7.12,7.861,7.6,9.26,5.93,0.65,6.56,8.3205
2026-04-16T14:07:30+00:00,7.04,7.9134,6.19,7.6,4.61,0.89,5.79,8.3445
2026-04-16T14:10:00+00:00,6.86,7.9629,6.6,8.41,4.76,0.74,4.54,8.3667
2026-04-16T14:12:30+00:00,7.17,8.0097,6.21,7.87,4.68,0.79,7.0,8.3871
2026-04-16T14:15:00+00:00,7.4,8.0537,7.23,8.77,5.56,0.65,8.38,8.4059
2026-04-16T14:17:30+00:00,7.19,8.0951,8.05,9.42,6.11,0.58,6.65,8.4231
2026-04-16T14:20:00+00:00,7.18,8.1341,6.91,8.62,4.92,0.68,6.54,8.4388
2026-04-16T14:22:30+00:00,7.29,8.1706,7.36,8.72,5.72,0.59,7.34,8.453
2026-04-16T14:25:00+00:00,7.59,8.2049,6.96,8.5,5.35,0.67,9.26,8.4658
2026-04-16T14:27:30+00:00,7.57,8.2369,8.53,9.57,7.23,0.62,8.65,8.4773
2026-04-16T14:30:00+00:00,7.42,8.2668,8.16,9.61,6.86,0.56,7.27,8.4875
2026-04-16T14:32:30+00:00,7.73,8.2946,7.16,8.71,5.87,0.63,9.29,8.4965
2026-04-16T14:35:00+00:00,7.7,8.3205,8.54,9.56,7.39,0.55,8.55,8.5044
2026-04-16T14:37:30+00:00,7.9,8.3445,8.73,10.22,6.93,0.64,9.58,8.5111
2026-04-16T14:40:00+00:00,8.11,8.3667,8.4,10.44,7.05,0.56,10.42,8.5169
2026-04-16T14:42:30+00:00,8.07,8.3871,9.42,10.77,7.58,0.71,9.42,8.5216
2026-04-16T14:45:00+00:00,7.81,8.4059,8.56,10.22,7.23,0.61,7.09,8.5255
2026-04-16T14:47:30+00:00,7.66,8.4231,7.79,9.76,6.25,0.56,6.08,8.5284
2026-04-16T14:50:00+00:00,7.4,8.4388,7.35,8.69,5.65,0.6,4.59,8.5305
2026-04-16T14:52:30+00:00,7.22,8.453,6.23,7.66,5.24,0.76,4.03,8.5319
2026-04-16T14:55:00+00:00,6.81,8.4658,6.31,7.73,4.74,0.67,2.27,8.5324
2026-04-16T14:57:30+00:00,6.86,8.4773,4.94,6.53,3.54,0.96,3.74,8.5323
2026-04-16T15:00:00+00:00,6.98,8.4875,5.27,6.64,4.24,0.85,5.5,8.5315
2026-04-16T15:02:30+00:00,7.48,8.4965,6.24,7.47,5.05,0.6,9.52,8.5301
2026-04-16T15:05:00+00:00,8.03,8.5044,8.6,10.14,7.13,0.67,12.77,8.5282
2026-04-16T15:07:30+00:00,8.31,8.5111,10.56,11.5,9.85,1.16,13.51,8.5256
2026-04-16T15:10:00+00:00,8.68,8.5169,11.2,12.42,9.77,1.28,14.61,8.5226
2026-04-16T15:12:30+00:00,8.59,8.5216,11.86,12.98,10.58,1.42,12.51,8.519
2026-04-16T15:15:00+00:00,8.37,8.5255,10.67,11.98,9.31,1.04,9.76,8.515
2026-04-16T15:17:30+00:00,8.47,8.5284,9.38,10.68,8.35,0.68,9.7,8.5106
2026-04-16T15:20:00+00:00,7.93,8.5305,9.54,10.81,8.56,0.65,5.43,8.5058
2026-04-16T15:22:30+00:00,7.56,8.5319,7.39,8.81,6.14,0.55,3.3,8.5006
2026-04-16T15:25:00+00:00,7.46,8.5324,6.07,7.63,5.01,0.8,3.5,8.4267
2026-04-16T15:27:30+00:00,7.43,8.5323,8.19,9.4,7.11,0.82,4.23,8.3546
2026-04-16T15:30:00+00:00,7.67,8.5315,8.6,9.77,7.31,0.72,6.7,8.2845
2026-04-16T15:32:30+00:00,7.84,8.5301,9.46,10.46,8.54,0.53,8.2,8.2161
2026-04-16T15:35:00+00:00,7.92,8.5282,10.24,11.18,9.26,0.51,8.79,8.1494
2026-04-16T15:37:30+00:00,8.19,8.5256,10.59,11.32,9.48,0.55,10.51,8.0844
2026-04-16T15:40:00+00:00,8.42,8.5226,11.26,12.35,10.43,0.64,11.49,8.0803
2026-04-16T15:42:30+00:00,8.36,8.519,9.88,9.88,9.88,0.75,10.31,8.0761
2026-04-16T15:45:00+00:00,8.06,8.515,9.4,9.4,9.4,0.63,7.7,8.0719
2026-04-16T15:47:30+00:00,8.04,8.5106,8.11,8.11,8.11,0.5,7.58,8.0678
2026-04-16T15:50:00+00:00,8.1,8.5058,8.03,8.03,8.03,0.5,8.0,8.0636
2026-04-16T15:52:30+00:00,8.0,8.5006,8.22,8.22,8.22,0.52,7.25,8.0594
2026-04-16T15:55:00+00:00,7.97,8.4267,7.82,7.82,7.82,0.54,7.22,8.0553
2026-04-16T15:57:30+00:00,7.79,8.3546,7.77,7.77,7.77,0.6,6.18,8.0511
2026-04-16T16:00:00+00:00,7.74,8.2845,7.18,7.18,7.18,0.68,6.24,8.0469
2026-04-16T16:02:30+00:00,7.44,8.2161,7.14,7.14,7.14,0.67,4.68,8.0428
2026-04-16T16:05:00+00:00,7.23,8.1494,6.25,6.25,6.25,0.82,4.05,8.0386
2026-04-16T16:07:30+00:00,6.83,8.0844,5.8,5.8,5.8,0.86,2.51,8.0344
2026-04-16T16:10:00+00:00,6.7,8.0803,4.76,4.76,4.76,1.12,2.95,8.0303
2026-04-16T16:12:30+00:00,6.86,8.0761,4.8,4.8,4.8,1.05,5.15,8.0261
2026-04-16T16:15:00+00:00,7.28,8.0719,5.87,5.87,5.87,0.68,8.81,8.0219
2026-04-16T16:17:30+00:00,7.53,8.0678,7.73,7.73,7.73,0.2,10.39,8.0178
2026-04-16T16:20:00+00:00,7.61,8.0636,8.66,8.66,8.66,0.3,10.49,8.0094
2026-04-16T16:22:30+00:00,7.5,8.0594,8.85,8.85,8.85,0.33,9.16,8.0053
2026-04-16T16:25:00+00:00,7.38,8.0553,8.29,8.29,8.29,0.21,8.02,8.0011
2026-04-16T16:27:30+00:00,7.18,8.0511,7.77,7.77,7.77,0.21,6.49,7.9969
2026-04-16T16:30:00+00:00,6.91,8.0469,7.0,7.0,7.0,0.37,4.87,7.9928
2026-04-16T16:32:30+00:00,6.82,8.0428,6.11,6.11,6.11,0.61,4.8,7.9886
2026-04-16T16:35:00+00:00,6.91,8.0386,5.98,5.98,5.98,0.62,5.97,7.9844
2026-04-16T16:37:30+00:00,7.13,8.0344,6.51,6.51,6.51,0.45,7.79,7.9803
2026-04-16T16:40:00+00:00,7.06,8.0303,7.43,7.43,7.43,0.22,7.23,7.9761
2026-04-16T16:42:30+00:00,6.61,8.0261,7.17,7.17,7.17,0.27,4.32,7.9719
2026-04-16T16:45:00+00:00,6.2,8.0219,5.65,5.65,5.65,0.67,2.24,7.9678
2026-04-16T16:47:30+00:00,6.21,8.0178,4.45,4.45,4.45,0.99,3.41,7.9636
2026-04-16T16:52:30+00:00,5.83,8.0094,5.09,5.09,5.09,0.71,2.61,7.9594
2026-04-16T16:55:00+00:00,5.87,8.0053,4.26,4.26,4.26,0.92,3.96,7.9553
2026-04-16T16:57:30+00:00,5.99,8.0011,4.83,4.83,4.83,0.7,5.64,7.9511
2026-04-16T17:00:00+00:00,6.29,7.9969,5.65,5.65,5.65,0.43,8.05,7.9469
2026-04-16T17:02:30+00:00,6.63,7.9928,6.91,6.91,6.91,0.19,10.16,7.9428
2026-04-16T17:05:00+00:00,6.92,7.9886,8.12,8.12,8.12,0.42,11.37,7.9386
2026-04-16T17:07:30+00:00,7.01,7.9844,8.93,8.93,8.93,0.62,10.95,7.9344
2026-04-16T17:10:00+00:00,6.9,7.9803,8.92,8.92,8.92,0.58,9.15,7.9303
2026-04-16T17:12:30+00:00,6.84,7.9761,8.15,8.15,8.15,0.33,8.02,7.9261
2026-04-16T17:15:00+00:00,6.89,7.9719,7.66,7.66,7.66,0.21,7.87,7.9219
2026-04-16T17:17:30+00:00,6.97,7.9678,7.62,7.62,7.62,0.19,7.94,7.9178
2026-04-16T17:20:00+00:00,6.79,7.9636,7.7,7.7,7.7,0.19,6.31,7.9136
2026-04-16T17:22:30+00:00,6.64,7.9594,6.88,6.88,6.88,0.28,5.25,7.9094
2026-04-16T17:25:00+00:00,6.43,7.9553,6.28,6.28,6.28,0.43,3.99,7.9053
2026-04-16T17:27:30+00:00,6.41,7.9511,5.55,5.55,5.55,0.63,4.44,7.9011
2026-04-16T17:30:00+00:00,6.42,7.9469,5.67,5.67,5.67,0.58,4.98,7.8969
2026-04-16T17:32:30+00:00,6.47,7.9428,5.87,5.87,5.87,0.51,5.71,7.8928
2026-04-16T17:35:00+00:00,6.55,7.9386,6.18,6.18,6.18,0.4,6.5,7.8886
2026-04-16T17:37:30+00:00,6.43,7.9344,6.57,6.57,6.57,0.29,5.84,7.8844
2026-04-16T17:40:00+00:00,6.57,7.9303,6.22,6.22,6.22,0.37,6.95,7.8803
2026-04-16T17:42:30+00:00,6.83,7.9261,6.78,6.78,6.78,0.23,8.71,7.8761
2026-04-16T17:45:00+00:00,6.83,7.9219,7.73,7.73,7.73,0.22,8.25,7.8719
2026-04-16T17:47:30+00:00,6.7,7.9178,7.58,7.58,7.58,0.19,7.05,7.8678
2026-04-16T17:50:00+00:00,7.0,7.9136,7.02,7.02,7.02,0.21,8.91,7.8636
2026-04-16T17:52:30+00:00,6.92,7.9094,8.0,8.0,8.0,0.25,7.88,7.8594
2026-04-16T17:55:00+00:00,6.72,7.9053,7.55,7.55,7.55,0.18,6.18,7.8553
2026-04-16T17:57:30+00:00,6.59,7.9011,6.69,6.69,6.69,0.3,5.34,7.8511
2026-04-16T18:00:00+00:00,6.45,7.8969,6.23,6.23,6.23,0.44,4.65,7.8469
2026-04-16T18:02:30+00:00,6.32,7.8928,5.81,5.81,5.81,0.54,4.24,7.8428
2026-04-16T18:05:00+00:00,5.96,7.8886,5.51,5.51,5.51,0.61,2.35,7.8386
2026-04-16T18:07:30+00:00,5.97,7.8844,4.41,4.41,4.41,0.9,3.46,7.8344
2026-04-16T18:10:00+00:00,6.05,7.8803,4.84,4.84,4.84,0.74,4.79,7.8303
2026-04-16T18:12:30+00:00,6.13,7.8761,5.42,5.42,5.42,0.53,5.84,7.8261
2026-04-16T18:15:00+00:00,6.35,7.8719,5.93,5.93,5.93,0.37,7.59,7.8219
2026-04-16T18:17:30+00:00,6.51,7.8678,6.85,6.85,6.85,0.18,8.59,7.795
2026-04-16T18:20:00+00:00,6.67,7.8636,7.44,7.44,7.44,0.23,9.23,7.7154
2026-04-16T18:22:30+00:00,6.71,7.8594,7.88,7.88,7.88,0.32,8.86,6.9781
2026-04-16T18:25:00+00:00,7.12,7.8553,7.81,7.81,7.81,0.28,11.05,5.9172
2026-04-16T18:27:30+00:00,7.24,7.8511,9.06,9.06,9.06,0.6,10.79,4.2315
2026-04-16T18:30:00+00:00,7.26,7.8469,9.1,9.1,9.1,0.56,9.81,3.6657
2026-04-16T18:32:30+00:00,7.42,7.8428,8.74,8.74,8.74,0.42,9.98,3.1727
2026-04-16T18:35:00+00:00,7.73,7.8386,8.94,8.94,8.94,0.43,11.11,2.8662
2026-04-16T18:37:30+00:00,7.67,7.8344,9.64,9.64,9.64,0.59,9.52,2.7189
2026-04-16T18:40:00+00:00,7.58,7.8303,8.94,8.94,8.94,0.34,8.1,2.6698
2026-04-16T18:42:30+00:00,7.11,7.8261,8.26,8.26,8.26,0.17,4.48,2.674
2026-04-16T18:45:00+00:00,7.02,7.8219,2.2,2.2,2.2,1.37,4.23,2.7533
2026-04-16T18:47:30+00:00,7.09,7.795,2.2,2.2,2.2,1.31,5.23,2.8088
2026-04-16T18:50:00+00:00,6.95,7.7154,2.2,2.2,2.2,1.41,4.63,2.8696
2026-04-16T18:55:00+00:00,6.9,6.9781,2.2,2.2,2.2,1.42,5.33,2.9339
2026-04-16T18:57:30+00:00,6.61,5.9172,2.2,2.2,2.2,1.43,3.86,3.0006
2026-04-16T19:00:00+00:00,6.15,4.2315,2.2,2.2,2.2,2.05,2.2,3.0693
2026-04-16T19:02:30+00:00,5.45,3.6657,2.2,2.2,2.2,1.98,2.2,3.1393
2026-04-16T19:05:00+00:00,4.56,3.1727,2.2,2.2,2.2,1.81,2.2,3.2103
2026-04-16T19:07:30+00:00,3.32,2.8662,2.2,2.2,2.2,1.41,2.2,3.282
2026-04-16T19:10:00+00:00,2.45,2.7189,2.2,2.2,2.2,0.97,2.2,3.354
2026-04-16T19:12:30+00:00,1.96,2.6698,2.2,2.2,2.2,0.7,2.2,3.4262
2026-04-16T19:15:00+00:00,1.75,2.674,2.2,2.2,2.2,0.55,2.2,3.4983
2026-04-16T19:20:00+00:00,1.84,2.7533,2.2,2.2,2.2,0.42,2.2,3.57
2026-04-16T19:22:30+00:00,2.01,2.8088,2.2,2.2,2.2,0.56,2.74,3.6413
2026-04-16T19:25:00+00:00,2.2,2.8696,2.2,2.2,2.2,0.54,5.1,3.712
2026-04-16T19:27:30+00:00,2.38,2.9339,2.2,2.2,2.2,0.68,6.63,3.7818
2026-04-16T19:30:00+00:00,2.53,3.0006,2.2,2.2,2.2,0.74,7.38,3.9238
2026-04-16T19:32:30+00:00,2.64,3.0693,2.2,2.2,2.2,0.76,7.47,4.0638
2026-04-16T19:35:00+00:00,2.7,3.1393,2.2,2.2,2.2,0.75,7.08,4.2014
2026-04-16T19:37:30+00:00,2.74,3.2103,2.2,2.2,2.2,0.73,6.37,4.3366
2026-04-16T19:40:00+00:00,2.74,3.282,2.2,2.2,2.2,0.72,5.5,4.4692
2026-04-16T19:42:30+00:00,2.78,3.354,2.2,2.2,2.2,0.73,5.08,4.5991
2026-04-16T19:45:00+00:00,3.28,3.4262,2.2,2.2,2.2,0.77,7.51,4.7261
2026-04-16T19:47:30+00:00,3.57,3.4983,2.35,2.76,2.2,0.81,8.17,4.8502
2026-04-16T19:50:00+00:00,3.32,3.57,2.76,3.8,2.2,0.85,5.16,4.9712
2026-04-16T19:52:30+00:00,3.18,3.6413,2.29,2.69,2.2,0.86,3.43,5.0892
2026-04-16T19:55:00+00:00,2.88,3.712,2.2,2.2,2.2,0.89,2.2,5.2041
2026-04-16T19:57:30+00:00,2.66,3.7818,2.2,2.2,2.2,0.75,2.2,5.3159
2026-04-16T20:00:00+00:00,2.62,3.9238,2.2,2.2,2.2,0.64,2.2,5.4244
2026-04-16T20:02:30+00:00,2.49,4.0638,2.2,2.2,2.2,0.68,2.2,5.5298
2026-04-16T20:05:00+00:00,2.79,4.2014,2.2,2.2,2.2,0.63,2.38,5.6321
2026-04-16T20:07:30+00:00,3.1,4.3366,2.2,2.2,2.2,0.73,4.62,5.7311
2026-04-16T20:10:00+00:00,3.19,4.4692,2.21,2.27,2.2,0.81,4.91,5.9198
2026-04-16T20:12:30+00:00,3.2,4.5991,2.29,2.76,2.2,0.82,4.55,6.0095
2026-04-16T20:15:00+00:00,3.35,4.7261,2.26,2.56,2.2,0.82,5.15,6.0961
2026-04-16T20:17:30+00:00,3.32,4.8502,2.43,3.09,2.2,0.81,4.39,6.1797
2026-04-16T20:20:00+00:00,3.62,4.9712,2.32,2.76,2.2,0.79,6.06,6.2603
2026-04-16T20:22:30+00:00,3.54,5.0892,3.05,4.1,2.2,0.74,4.75,6.338
2026-04-16T20:25:00+00:00,3.5,5.2041,2.65,3.67,2.2,0.8,4.02,6.4127
2026-04-16T20:27:30+00:00,3.55,5.3159,2.55,3.48,2.2,0.84,4.03,6.4847
2026-04-16T20:30:00+00:00,3.91,5.4244,2.5,3.31,2.2,0.82,6.11,6.5539
2026-04-16T20:32:30+00:00,4.49,5.5298,3.24,4.79,2.2,0.79,9.14,6.6204
2026-04-16T20:35:00+00:00,4.63,5.6321,4.96,5.96,3.61,0.92,8.63,6.6842
2026-04-16T20:37:30+00:00,4.8,5.7311,4.65,5.64,3.85,0.85,8.41,6.7455
2026-04-16T20:42:30+00:00,5.32,5.9198,5.49,7.6,3.33,0.8,9.21,6.8042
2026-04-16T20:45:00+00:00,5.46,6.0095,5.99,7.54,4.06,0.84,8.81,6.8604
2026-04-16T20:47:30+00:00,5.31,6.0961,5.98,7.61,4.42,0.79,6.43,6.9143
2026-04-16T20:50:00+00:00,5.34,6.1797,4.86,6.23,3.09,0.81,5.77,6.9658
2026-04-16T20:52:30+00:00,5.15,6.2603,4.33,5.7,3.36,0.97,3.95,7.015
2026-04-16T20:55:00+00:00,4.92,6.338,3.62,5.14,2.45,1.02,2.28,7.0621
2026-04-16T20:57:30+00:00,4.74,6.4127,3.1,4.41,2.2,1.09,2.2,7.107
2026-04-16T21:00:00+00:00,4.63,6.4847,2.4,3.19,2.2,1.26,2.2,7.1498
2026-04-16T21:02:30+00:00,4.91,6.5539,2.52,4.08,2.2,1.21,3.93,7.1906
2026-04-16T21:05:00+00:00,4.82,6.6204,3.31,4.78,2.24,0.99,3.58,7.2295
2026-04-16T21:07:30+00:00,5.04,6.6842,3.07,4.54,2.2,1.02,5.41,7.2665
2026-04-16T21:10:00+00:00,5.39,6.7455,4.15,5.41,2.73,0.78,7.75,7.3016
2026-04-16T21:12:30+00:00,5.66,6.8042,5.76,7.32,4.18,0.66,8.99,7.335
2026-04-16T21:15:00+00:00,5.67,6.8604,6.33,7.73,4.84,0.67,8.14,7.3667
2026-04-16T21:17:30+00:00,5.73,6.9143,5.86,7.0,4.42,0.63,7.83,7.3967
2026-04-16T21:20:00+00:00,5.42,6.9658,5.98,7.49,4.9,0.63,5.05,7.4252
2026-04-16T21:22:30+00:00,4.81,7.015,4.99,5.79,3.64,0.67,2.2,7.4521
2026-04-16T21:25:00+00:00,4.96,7.0621,2.64,3.78,2.2,1.17,2.71,7.4775
2026-04-16T21:27:30+00:00,4.85,7.107,2.97,4.44,2.21,1.05,2.54,7.5015
2026-04-16T21:30:00+00:00,5.15,7.1498,3.24,4.55,2.2,0.91,5.13,7.5241
2026-04-16T21:32:30+00:00,5.49,7.1906,4.21,5.62,3.38,0.74,7.54,7.5455
2026-04-16T21:35:00+00:00,5.87,7.2295,5.87,7.23,4.63,0.61,9.61,7.5655
2026-04-16T21:37:30+00:00,5.87,7.2665,7.31,8.31,6.2,0.87,8.66,7.5843
2026-04-16T21:40:00+00:00,5.69,7.3016,6.77,7.99,5.75,0.71,6.64,7.602
2026-04-16T21:42:30+00:00,5.39,7.335,5.63,7.04,4.45,0.61,4.28,7.6185
2026-04-16T21:45:00+00:00,5.35,7.3667,4.88,6.0,3.82,0.58,4.09,7.634
2026-04-16T21:47:30+00:00,5.77,7.3967,4.6,5.72,3.38,0.56,7.13,7.6618
2026-04-16T21:50:00+00:00,5.98,7.4252,6.08,7.16,4.96,0.64,8.14,7.6742
2026-04-16T21:52:30+00:00,6.02,7.4521,6.35,8.07,5.35,0.69,7.76,7.6857
2026-04-16T21:55:00+00:00,6.03,7.4775,6.34,7.73,5.42,0.65,7.24,7.6964
2026-04-16T21:57:30+00:00,6.32,7.5015,6.41,7.39,5.65,0.62,8.7,7.7062
2026-04-16T22:00:00+00:00,6.64,7.5241,7.15,7.96,6.66,0.77,10.09,7.7152
2026-04-16T22:02:30+00:00,6.2,7.5455,8.12,9.44,6.95,0.96,6.01,7.7235
2026-04-16T22:05:00+00:00,5.88,7.5655,6.11,7.39,4.94,0.51,3.69,7.731
2026-04-16T22:07:30+00:00,6.3,7.5843,5.07,6.04,3.88,0.46,6.79,7.7378
2026-04-16T22:10:00+00:00,6.58,7.602,6.58,7.37,5.56,0.57,8.42,7.744
2026-04-16T22:12:30+00:00,6.81,7.6185,7.4,8.61,6.36,0.73,9.34,7.7494
2026-04-16T22:15:00+00:00,6.68,7.634,8.12,9.34,6.74,0.87,7.65,7.6885
2026-04-16T22:20:00+00:00,6.87,7.6618,9.11,10.26,8.26,0.56,8.09,7.6291
2026-04-16T22:22:30+00:00,6.88,7.6742,9.85,10.88,9.12,0.69,7.64,7.5712
2026-04-16T22:25:00+00:00,6.64,7.6857,9.32,10.33,8.42,0.57,5.63,7.5147
2026-04-16T22:27:30+00:00,6.58,7.6964,8.18,8.97,7.5,0.42,5.26,7.4596
2026-04-16T22:30:00+00:00,6.23,7.7062,7.69,8.49,7.09,0.4,3.18,7.4059
2026-04-16T22:32:30+00:00,6.17,7.7152,6.78,7.54,6.21,0.56,3.47,7.4017
2026-04-16T22:35:00+00:00,6.16,7.7235,5.02,5.02,5.02,0.55,4.1,7.3976
2026-04-16T22:37:30+00:00,6.47,7.731,5.22,5.22,5.22,0.53,6.74,7.3934
2026-04-16T22:40:00+00:00,6.46,7.7378,6.52,6.52,6.52,0.46,6.73,7.3892
2026-04-16T22:42:30+00:00,6.5,7.744,6.53,6.53,6.53,0.37,7.08,7.3851
2026-04-16T22:45:00+00:00,6.85,7.7494,6.73,6.73,6.73,0.53,9.34,7.3809
2026-04-16T22:47:30+00:00,6.95,7.6885,7.95,7.95,7.95,0.66,9.38,7.3767
2026-04-16T22:50:00+00:00,6.85,7.6291,8.09,8.09,8.09,0.6,8.06,7.3726
2026-04-16T22:52:30+00:00,6.93,7.5712,7.51,7.51,7.51,0.5,8.25,7.3684
2026-04-16T22:55:00+00:00,7.08,7.5147,7.66,7.66,7.66,0.47,8.8,7.3642
2026-04-16T22:57:30+00:00,6.92,7.4596,8.0,8.0,8.0,0.47,7.14,7.3601
2026-04-16T23:00:00+00:00,6.65,7.4059,7.2,7.2,7.2,0.13,5.13,7.3559
2026-04-16T23:02:30+00:00,6.39,7.4017,6.14,6.14,6.14,0.21,3.65,7.3517
2026-04-16T23:05:00+00:00,6.65,7.3976,5.29,5.29,5.29,0.45,6.03,7.3476
2026-04-16T23:07:30+00:00,7.12,7.3934,6.41,6.41,6.41,0.11,9.31,7.3434
2026-04-16T23:10:00+00:00,7.25,7.3892,8.11,8.11,8.11,0.43,9.6,7.3392
2026-04-16T23:12:30+00:00,7.11,7.3851,8.36,8.36,8.36,0.49,8.06,7.3351
2026-04-16T23:15:00+00:00,6.81,7.3809,7.65,7.65,7.65,0.25,5.73,7.3309
2026-04-16T23:17:30+00:00,6.43,7.3767,6.47,6.47,6.47,0.14,3.35,7.3267
2026-04-16T23:20:00+00:00,6.04,7.3726,5.16,5.16,5.16,0.51,2.2,7.3226
2026-04-16T23:22:30+00:00,5.67,7.3684,4.02,4.02,4.02,0.81,2.2,7.3184
2026-04-16T23:25:00+00:00,5.58,7.3642,3.14,3.14,3.14,1.02,2.2,7.3142
2026-04-16T23:27:30+00:00,5.43,7.3601,3.37,3.37,3.37,0.89,2.2,7.3101
2026-04-16T23:30:00+00:00,5.43,7.3559,3.42,3.42,3.42,0.8,2.93,7.3059
2026-04-16T23:32:30+00:00,5.63,7.3517,3.97,3.97,3.97,0.57,5.27,7.3017
2026-04-16T23:35:00+00:00,5.97,7.3476,5.1,5.1,5.1,0.19,8.12,7.2976
2026-04-16T23:37:30+00:00,6.09,7.3434,6.6,6.6,6.6,0.32,8.73,7.2934
2026-04-16T23:40:00+00:00,6.5,7.3392,7.04,7.04,7.04,0.45,11.05,7.2892
2026-04-16T23:42:30+00:00,6.61,7.3351,8.39,8.39,8.39,0.84,10.75,7.2851
2026-04-16T23:45:00+00:00,6.48,7.3309,8.45,8.45,8.45,0.83,8.86,7.2809
2026-04-16T23:47:30+00:00,6.27,7.3267,7.65,7.65,7.65,0.55,6.74,7.2767
2026-04-16T23:50:00+00:00,6.37,7.3226,6.64,6.64,6.64,0.23,7.15,7.2726
2026-04-16T23:52:30+00:00,6.41,7.3184,6.86,6.86,6.86,0.28,7.06,7.2684
2026-04-16T23:55:00+00:00,6.43,7.3142,6.85,6.85,6.85,0.26,6.83,7.2642
2026-04-16T23:57:30+00:00,6.49,7.3101,6.74,6.74,6.74,0.22,7.01,7.2601
2026-04-17T00:00:00+00:00,6.31,7.3059,6.87,6.87,6.87,0.2,5.54,7.2559
2026-04-17T00:02:30+00:00,6.24,7.3017,6.11,6.11,6.11,0.08,5.14,7.2517
2026-04-17T00:05:00+00:00,6.17,7.2976,5.86,5.86,5.86,0.14,4.85,7.2476
2026-04-17T00:07:30+00:00,5.93,7.2934,5.65,5.65,5.65,0.19,3.55,7.2434
2026-04-17T00:10:00+00:00,5.6,7.2892,4.9,4.9,4.9,0.39,2.2,7.2392
2026-04-17T00:12:30+00:00,5.59,7.2851,3.94,3.94,3.94,0.65,2.85,7.2351
2026-04-17T00:15:00+00:00,5.37,7.2809,4.25,4.25,4.25,0.51,2.24,7.2309
2026-04-17T00:17:30+00:00,5.52,7.2767,3.81,3.81,3.81,0.6,4.3,7.2267
2026-04-17T00:20:00+00:00,5.92,7.2726,4.76,4.76,4.76,0.28,7.53,7.2226
2026-04-17T00:22:30+00:00,6.19,7.2684,6.41,6.41,6.41,0.27,9.18,7.2184
2026-04-17T00:25:00+00:00,6.17,7.2642,7.36,7.36,7.36,0.55,8.43,7.2142
2026-04-17T00:27:30+00:00,6.2,7.2601,7.11,7.11,7.11,0.46,8.13,7.2101
2026-04-17T00:30:00+00:00,6.28,7.2559,7.06,7.06,7.06,0.43,8.2,7.2059
2026-04-17T00:32:30+00:00,6.42,7.2517,7.19,7.19,7.19,0.45,8.55,7.2017
2026-04-17T00:35:00+00:00,6.51,7.2476,7.46,7.46,7.46,0.51,8.52,7.1976
2026-04-17T00:37:30+00:00,6.46,7.2434,7.54,7.54,7.54,0.5,7.55,7.1892
2026-04-17T00:40:00+00:00,6.18,7.2392,7.11,7.11,7.11,0.35,5.19,7.1851
2026-04-17T00:42:30+00:00,5.89,7.2351,5.91,5.91,5.91,0.1,3.32,7.1809
2026-04-17T00:45:00+00:00,6.08,7.2309,4.87,4.87,4.87,0.36,5.17,7.1767
2026-04-17T00:47:30+00:00,6.02,7.2267,5.72,5.72,5.72,0.12,4.95,7.1726
2026-04-17T00:50:00+00:00,5.89,7.2226,5.55,5.55,5.55,0.15,4.35,7.1684
2026-04-17T00:52:30+00:00,5.51,7.2184,5.19,5.19,5.19,0.23,2.24,7.1642
2026-04-17T00:55:00+00:00,5.6,7.2142,4.01,4.01,4.01,0.55,3.71,7.1601
2026-04-17T00:57:30+00:00,5.6,7.2101,4.63,4.63,4.63,0.33,4.37,7.1559
2026-04-17T01:00:00+00:00,5.62,7.2059,4.89,4.89,4.89,0.23,4.93,7.1517
2026-04-17T01:02:30+00:00,5.54,7.2017,5.14,5.14,5.14,0.15,4.75,7.1476
2026-04-17T01:05:00+00:00,5.19,7.1976,5.02,5.02,5.02,0.16,2.8,7.1434
2026-04-17T01:10:00+00:00,5.34,7.1892,3.69,3.69,3.69,0.47,5.46,7.1392
2026-04-17T01:12:30+00:00,5.95,7.1851,5.15,5.15,5.15,0.11,9.78,7.1351
2026-04-17T01:15:00+00:00,6.16,7.1809,7.44,7.44,7.44,0.73,10.4,7.1309
2026-04-17T01:17:30+00:00,6.11,7.1767,7.95,7.95,7.95,0.86,9.06,7.1267
2026-04-17T01:20:00+00:00,6.21,7.1726,7.44,7.44,7.44,0.67,8.89,7.1226
2026-04-17T01:22:30+00:00,6.08,7.1684,7.49,7.49,7.49,0.66,7.21,7.1184
2026-04-17T01:25:00+00:00,5.79,7.1642,6.72,6.72,6.72,0.4,4.84,7.1142
2026-04-17T01:27:30+00:00,5.88,7.1601,5.52,5.52,5.52,0.12,5.52,7.1101
2026-04-17T01:30:00+00:00,6.06,7.1559,5.82,5.82,5.82,0.15,6.67,7.1059
2026-04-17T01:32:30+00:00,6.58,7.1517,6.41,6.41,6.41,0.29,9.9,7.1017
2026-04-17T01:35:00+00:00,6.84,7.1476,8.12,8.12,8.12,0.77,10.65,7.0976
2026-04-17T01:37:30+00:00,6.91,7.1434,8.67,8.67,8.67,0.89,9.94,7.0934
2026-04-17T01:40:00+00:00,7.17,7.1392,8.46,8.46,8.46,0.78,10.65,7.0892
2026-04-17T01:42:30+00:00,7.14,7.1351,8.97,8.97,8.97,0.89,9.28,7.0851
2026-04-17T01:45:00+00:00,7.12,7.1309,8.39,8.39,8.39,0.66,8.24,7.0809
2026-04-17T01:47:30+00:00,6.75,7.1267,7.92,7.92,7.92,0.48,5.08,7.0767
2026-04-17T01:50:00+00:00,6.23,7.1226,6.3,6.3,6.3,0.14,2.2,7.0726
2026-04-17T01:52:30+00:00,5.8,7.1184,4.41,4.41,4.41,0.63,2.2,7.0684
2026-04-17T01:55:00+00:00,5.93,7.1142,3.18,3.18,3.18,0.96,2.2,7.0642
2026-04-17T01:57:30+00:00,5.87,7.1101,4.1,4.1,4.1,0.63,2.77,7.0601
2026-04-17T02:00:00+00:00,5.8,7.1059,4.3,4.3,4.3,0.53,3.27,7.0559
2026-04-17T02:02:30+00:00,5.89,7.1017,4.43,4.43,4.43,0.45,4.77,7.0517
2026-04-17T02:05:00+00:00,6.05,7.0976,5.11,5.11,5.11,0.23,6.35,7.0476
2026-04-17T02:07:30+00:00,6.13,7.0934,5.9,5.9,5.9,0.16,7.06,7.0434
2026-04-17T02:10:00+00:00,6.17,7.0892,6.3,6.3,6.3,0.26,7.37,7.0392
2026-04-17T02:12:30+00:00,6.46,7.0851,6.51,6.51,6.51,0.33,9.15,7.0351
2026-04-17T02:15:00+00:00,6.38,7.0809,7.51,7.51,7.51,0.61,8.05,7.0309
2026-04-17T02:17:30+00:00,6.23,7.0767,7.06,7.06,7.06,0.46,6.58,7.0267
2026-04-17T02:20:00+00:00,5.84,7.0726,6.36,6.36,6.36,0.26,3.87,7.0226
2026-04-17T02:22:30+00:00,5.42,7.0684,4.95,4.95,4.95,0.26,2.2,7.0184
2026-04-17T02:25:00+00:00,5.35,7.0642,3.64,3.64,3.64,0.6,2.2,7.0142
2026-04-17T02:27:30+00:00,5.56,7.0601,3.73,3.73,3.73,0.53,4.44,7.0101
2026-04-17T02:30:00+00:00,5.82,7.0559,4.83,4.83,4.83,0.2,6.7,7.0059
2026-04-17T02:32:30+00:00,6.29,7.0517,5.97,5.97,5.97,0.28,9.8,7.0017
2026-04-17T02:35:00+00:00,6.29,7.0476,7.65,7.65,7.65,0.75,9.07,6.9976
2026-04-17T02:37:30+00:00,6.09,7.0434,7.44,7.44,7.44,0.67,7.03,6.9934
2026-04-17T02:40:00+00:00,6.08,7.0392,6.49,6.49,6.49,0.37,6.7,6.9892
2026-04-17T02:42:30+00:00,6.01,7.0351,6.36,6.36,6.36,0.33,5.96,6.9851
2026-04-17T02:45:00+00:00,6.12,7.0309,5.99,5.99,5.99,0.23,6.68,6.9809
2026-04-17T02:47:30+00:00,6.02,7.0267,6.37,6.37,6.37,0.32,5.78,6.9767
2026-04-17T02:50:00+00:00,5.7,7.0226,5.92,5.92,5.92,0.21,3.66,6.9726
2026-04-17T02:52:30+00:00,5.77,7.0184,4.79,4.79,4.79,0.26,4.6,6.9684
2026-04-17T02:55:00+00:00,5.84,7.0142,5.18,5.18,5.18,0.17,5.35,6.9642
2026-04-17T02:57:30+00:00,6.03,7.0101,5.52,5.52,5.52,0.17,6.76,6.9601
2026-04-17T03:00:00+00:00,6.17,7.0059,6.24,6.24,6.24,0.32,7.57,6.9559
2026-04-17T03:02:30+00:00,6.21,7.0017,6.7,6.7,6.7,0.44,7.5,6.9517
2026-04-17T03:05:00+00:00,6.06,6.9976,6.73,6.73,6.73,0.44,6.14,6.9476
2026-04-17T03:07:30+00:00,5.62,6.9934,6.07,6.07,6.07,0.26,3.17,6.9434
2026-04-17T03:10:00+00:00,5.71,6.9892,4.51,4.51,4.51,0.32,4.32,6.9392
2026-04-17T03:12:30+00:00,5.57,6.9851,5.0,5.0,5.0,0.19,3.78,6.9351
2026-04-17T03:15:00+00:00,5.46,6.9809,4.65,4.65,4.65,0.25,3.59,6.9309
2026-04-17T03:17:30+00:00,5.11,6.9767,4.47,4.47,4.47,0.27,2.2,6.9267
2026-04-17T03:20:00+00:00,5.08,6.9726,3.46,3.46,3.46,0.52,2.61,6.9226
2026-04-17T03:22:30+00:00,5.08,6.9684,3.72,3.72,3.72,0.4,3.45,6.9184
2026-04-17T03:25:00+00:00,5.09,6.9642,4.06,4.06,4.06,0.28,4.19,6.9142
2026-04-17T03:27:30+00:00,5.39,6.9601,4.38,4.38,4.38,0.19,6.68,6.9101
2026-04-17T03:30:00+00:00,5.5,6.9559,5.66,5.66,5.66,0.36,7.28,6.9059
2026-04-17T03:32:30+00:00,5.5,6.9517,6.05,6.05,6.05,0.47,7.02,6.9017
2026-04-17T03:35:00+00:00,5.58,6.9476,6.0,6.0,6.0,0.45,7.28,6.8976
2026-04-17T03:37:30+00:00,5.47,6.9434,6.21,6.21,6.21,0.5,6.15,6.8934
2026-04-17T03:40:00+00:00,5.74,6.9392,5.7,5.7,5.7,0.35,7.77,6.8892
2026-04-17T03:42:30+00:00,6.16,6.9351,6.58,6.58,6.58,0.59,10.01,6.8851
2026-04-17T03:45:00+00:00,6.22,6.9309,7.85,7.85,7.85,0.93,9.38,6.8809
2026-04-17T03:47:30+00:00,6.47,6.9267,7.7,7.7,7.7,0.84,10.07,6.8767
2026-04-17T03:50:00+00:00,6.64,6.9226,8.2,8.2,8.2,0.95,10.03,6.8726
2026-04-17T03:52:30+00:00,6.75,6.9184,8.33,8.33,8.33,0.94,9.59,6.8684
2026-04-17T03:55:00+00:00,6.75,6.9142,8.24,8.24,8.24,0.86,8.54,6.8642
2026-04-17T03:57:30+00:00,6.57,6.9101,7.8,7.8,7.8,0.68,6.49,6.8601
2026-04-17T04:00:00+00:00,6.15,6.9059,6.79,6.79,6.79,0.36,3.3,6.8559
2026-04-17T04:02:30+00:00,6.18,6.9017,5.09,5.09,5.09,0.28,3.93,6.8517
2026-04-17T04:05:00+00:00,6.15,6.8976,5.27,5.27,5.27,0.24,4.13,6.8476
2026-04-17T04:07:30+00:00,6.09,6.8934,5.27,5.27,5.27,0.23,4.11,6.8434
2026-04-17T04:10:00+00:00,6.16,6.8892,5.16,5.16,5.16,0.24,5.04,6.8392
2026-04-17T04:12:30+00:00,6.01,6.8851,5.55,5.55,5.55,0.18,4.36,6.8351
2026-04-17T04:15:00+00:00,5.72,6.8809,5.14,5.14,5.14,0.23,2.89,6.8309
2026-04-17T04:17:30+00:00,5.53,6.8767,4.29,4.29,4.29,0.41,2.42,6.8267
2026-04-17T04:20:00+00:00,5.38,6.8726,3.92,3.92,3.92,0.48,2.39,6.8226
2026-04-17T04:22:30+00:00,5.33,6.8684,3.76,3.76,3.76,0.48,3.05,6.8184
2026-04-17T04:25:00+00:00,5.23,6.8642,3.98,3.98,3.98,0.38,3.24,6.8142
2026-04-17T04:27:30+00:00,5.53,6.8601,3.98,3.98,3.98,0.34,6.05,6.8101
2026-04-17T04:30:00+00:00,5.68,6.8559,5.39,5.39,5.39,0.25,7.24,6.8059
2026-04-17T04:32:30+00:00,5.78,6.8517,6.05,6.05,6.05,0.42,7.73,6.8017
2026-04-17T04:35:00+00:00,5.67,6.8476,6.39,6.39,6.39,0.51,6.68,6.7976
2026-04-17T04:37:30+00:00,5.66,6.8434,5.93,5.93,5.93,0.38,6.43,6.7934
2026-04-17T04:40:00+00:00,5.51,6.8392,5.86,5.86,5.86,0.36,5.3,6.7892
2026-04-17T04:42:30+00:00,5.3,6.8351,5.29,5.29,5.29,0.23,3.96,6.7851
2026-04-17T04:45:00+00:00,5.35,6.8309,4.58,4.58,4.58,0.2,4.67,6.7809
2026-04-17T04:47:30+00:00,5.73,6.8267,4.89,4.89,4.89,0.19,7.44,6.7767
2026-04-17T04:50:00+00:00,5.85,6.8226,6.32,6.32,6.32,0.51,7.85,6.7726
2026-04-17T04:52:30+00:00,5.84,6.8184,6.62,6.62,6.62,0.58,7.31,6.7684
2026-04-17T04:55:00+00:00,5.74,6.8142,6.43,6.43,6.43,0.51,6.23,6.7642
2026-04-17T04:57:30+00:00,5.72,6.8101,5.93,5.93,5.93,0.36,5.87,6.7601
2026-04-17T05:00:00+00:00,5.8,6.8059,5.75,5.75,5.75,0.31,6.32,6.7559
2026-04-17T05:02:30+00:00,5.83,6.8017,6.0,6.0,6.0,0.36,6.27,6.7517
2026-04-17T05:05:00+00:00,5.65,6.7976,5.99,5.99,5.99,0.35,4.92,6.7476
2026-04-17T05:07:30+00:00,5.91,6.7934,5.29,5.29,5.29,0.2,6.73,6.7434
2026-04-17T05:10:00+00:00,6.01,6.7892,6.21,6.21,6.21,0.4,7.15,6.7392
2026-04-17T05:12:30+00:00,6.03,6.7851,6.46,6.46,6.46,0.46,6.96,6.7351
2026-04-17T05:15:00+00:00,5.59,6.7809,6.42,6.42,6.42,0.43,3.69,6.7309
2026-04-17T05:17:30+00:00,5.24,6.7767,4.73,4.73,4.73,0.22,2.2,6.7267
2026-04-17T05:20:00+00:00,5.13,6.7726,3.6,3.6,3.6,0.48,2.2,6.7226
2026-04-17T05:22:30+00:00,5.06,6.7684,3.53,3.53,3.53,0.47,2.29,6.7184
2026-04-17T05:25:00+00:00,4.89,6.7642,3.59,3.59,3.59,0.42,2.2,6.7142
2026-04-17T05:27:30+00:00,4.54,6.7601,3.32,3.32,3.32,0.46,2.2,6.7101
2026-04-17T05:30:00+00:00,4.38,6.7559,2.45,2.45,2.45,0.65,2.2,6.7059
2026-04-17T05:32:30+00:00,4.48,6.7517,2.4,2.4,2.4,0.61,2.69,6.7017
2026-04-17T05:35:00+00:00,4.69,6.7476,3.23,3.23,3.23,0.34,4.97,6.6976
2026-04-17T05:37:30+00:00,4.85,6.7434,4.36,4.36,4.36,0.2,6.34,6.6934
2026-04-17T05:40:00+00:00,5.0,6.7392,5.11,5.11,5.11,0.39,7.26,6.6892
2026-04-17T05:42:30+00:00,5.35,6.7351,5.68,5.68,5.68,0.55,9.27,6.6851
2026-04-17T05:45:00+00:00,5.31,6.7309,6.86,6.86,6.86,0.88,8.09,6.6809
2026-04-17T05:47:30+00:00,5.2,6.7267,6.42,6.42,6.42,0.72,6.68,6.6767
2026-04-17T05:50:00+00:00,5.09,6.7226,5.81,5.81,5.81,0.52,5.48,6.6726
2026-04-17T05:52:30+00:00,5.07,6.7184,5.24,5.24,5.24,0.35,5.15,6.6684
2026-04-17T05:55:00+00:00,5.08,6.7142,5.08,5.08,5.08,0.29,5.08,6.6642
2026-04-17T05:57:30+00:00,5.36,6.7101,5.04,5.04,5.04,0.28,6.87,6.6601
2026-04-17T06:00:00+00:00,5.59,6.7059,5.99,5.99,5.99,0.49,7.93,6.6559
2026-04-17T06:02:30+00:00,5.39,6.7017,6.62,6.62,6.62,0.65,5.93,6.6517
2026-04-17T06:05:00+00:00,5.25,6.6976,5.67,5.67,5.67,0.35,4.66,6.6476
2026-04-17T06:07:30+00:00,5.42,6.6934,5.02,5.02,5.02,0.18,5.84,6.6434
2026-04-17T06:10:00+00:00,5.54,6.6892,5.61,5.61,5.61,0.31,6.44,6.6392
2026-04-17T06:12:30+00:00,5.73,6.6851,5.94,5.94,5.94,0.39,7.36,6.6351
2026-04-17T06:15:00+00:00,5.78,6.6809,6.46,6.46,6.46,0.52,7.17,6.6309
2026-04-17T06:17:30+00:00,5.87,6.6767,6.43,6.43,6.43,0.49,7.25,6.6267
2026-04-17T06:20:00+00:00,5.82,6.6726,6.53,6.53,6.53,0.49,6.38,6.6226
2026-04-17T06:22:30+00:00,5.92,6.6684,6.13,6.13,6.13,0.36,6.75,6.6184
2026-04-17T06:25:00+00:00,5.94,6.6642,6.34,6.34,6.34,0.4,6.5,6.6142
2026-04-17T06:27:30+00:00,5.85,6.6601,6.24,6.24,6.24,0.35,5.6,6.6101
2026-04-17T06:30:00+00:00,5.51,6.6559,5.79,5.79,5.79,0.22,3.19,6.6059
2026-04-17T06:32:30+00:00,5.24,6.6517,4.5,4.5,4.5,0.27,2.2,6.6017
2026-04-17T06:35:00+00:00,5.4,6.6476,3.7,3.7,3.7,0.47,3.75,6.5976
2026-04-17T06:37:30+00:00,5.41,6.6434,4.52,4.52,4.52,0.22,4.3,6.5934
2026-04-17T06:40:00+00:00,5.35,6.6392,4.74,4.74,4.74,0.16,4.28,6.5892
2026-04-17T06:42:30+00:00,5.35,6.6351,4.68,4.68,4.68,0.16,4.65,6.5851
2026-04-17T06:45:00+00:00,5.45,6.6309,4.83,4.83,4.83,0.14,5.65,6.5809
2026-04-17T06:47:30+00:00,4.99,6.6267,5.33,5.33,5.33,0.19,2.6,6.5767
2026-04-17T06:50:00+00:00,4.94,6.6226,3.74,3.74,3.74,0.36,2.97,6.5726
2026-04-17T06:52:30+00:00,5.0,6.6184,3.83,3.83,3.83,0.31,4.03,6.5684
2026-04-17T06:55:00+00:00,5.05,6.6142,4.3,4.3,4.3,0.17,4.81,6.5642
2026-04-17T06:57:30+00:00,5.17,6.6101,4.67,4.67,4.67,0.13,5.83,6.5601
2026-04-17T07:00:00+00:00,5.18,6.6059,5.21,5.21,5.21,0.24,5.96,6.5517
2026-04-17T07:02:30+00:00,5.29,6.6017,5.31,5.31,5.31,0.27,6.59,6.5476
2026-04-17T07:05:00+00:00,5.63,6.5976,5.69,5.69,5.69,0.37,8.61,6.5434
2026-04-17T07:07:30+00:00,5.99,6.5934,6.82,6.82,6.82,0.69,10.3,6.5392
2026-04-17T07:10:00+00:00,6.19,6.5892,7.85,7.85,7.85,0.96,10.32,6.5351
2026-04-17T07:12:30+00:00,6.03,6.5851,8.14,8.14,8.14,1.0,8.11,6.5309
2026-04-17T07:15:00+00:00,6.32,6.5809,7.08,7.08,7.08,0.63,9.32,6.5267
2026-04-17T07:17:30+00:00,6.44,6.5767,7.8,7.8,7.8,0.8,9.08,6.5226
2026-04-17T07:20:00+00:00,6.24,6.5726,7.8,7.8,7.8,0.75,6.7,6.5184
2026-04-17T07:22:30+00:00,5.88,6.5684,6.66,6.66,6.66,0.37,3.86,6.5142
2026-04-17T07:25:00+00:00,5.79,6.5642,5.17,5.17,5.17,0.17,3.42,6.5101
2026-04-17T07:27:30+00:00,5.53,6.5601,4.83,4.83,4.83,0.25,2.2,6.5059
2026-04-17T07:32:30+00:00,5.3,6.5517,3.42,3.42,3.42,0.62,2.33,6.5017
2026-04-17T07:35:00+00:00,5.23,6.5476,3.79,3.79,3.79,0.47,2.74,6.4976
2026-04-17T07:37:30+00:00,5.19,6.5434,3.87,3.87,3.87,0.41,3.32,6.4934
2026-04-17T07:40:00+00:00,5.3,6.5392,4.07,4.07,4.07,0.32,4.74,6.4892
2026-04-17T07:42:30+00:00,5.18,6.5351,4.74,4.74,4.74,0.13,4.28,6.4851
2026-04-17T07:45:00+00:00,4.94,6.5309,4.48,4.48,4.48,0.17,3.15,6.4809
2026-04-17T07:47:30+00:00,4.89,6.5267,3.86,3.86,3.86,0.31,3.5,6.4767
2026-04-17T07:50:00+00:00,5.16,6.5226,3.97,3.97,3.97,0.25,5.86,6.4726
2026-04-17T07:52:30+00:00,5.55,6.5184,5.16,5.16,5.16,0.19,8.56,6.4684
2026-04-17T07:55:00+00:00,6.07,6.5142,6.62,6.62,6.62,0.61,11.24,6.4642
2026-04-17T07:57:30+00:00,6.02,6.5101,8.27,8.27,8.27,1.08,9.77,6.4601
2026-04-17T08:00:00+00:00,6.35,6.5059,7.66,7.66,7.66,0.84,10.79,6.4559
2026-04-17T08:02:30+00:00,6.35,6.5017,8.45,8.45,8.45,1.03,9.58,6.4517
2026-04-17T08:05:00+00:00,6.05,6.4976,7.94,7.94,7.94,0.82,6.48,6.4476
2026-04-17T08:07:30+00:00,6.03,6.4934,6.44,6.44,6.44,0.33,5.9,6.4434
2026-04-17T08:10:00+00:00,5.97,6.4892,6.14,6.14,6.14,0.22,5.29,6.4392
2026-04-17T08:12:30+00:00,5.77,6.4851,5.8,5.8,5.8,0.12,3.88,6.4351
2026-04-17T08:15:00+00:00,5.21,6.4809,5.02,5.02,5.02,0.2,2.2,6.4309
2026-04-17T08:17:30+00:00,4.79,6.4767,3.1,3.1,3.1,0.74,2.2,6.4267
2026-04-17T08:20:00+00:00,4.43,6.4726,2.2,2.2,2.2,0.91,2.2,6.4226
2026-04-17T08:22:30+00:00,4.24,6.4684,2.2,2.2,2.2,0.81,2.2,6.4184
2026-04-17T08:25:00+00:00,4.29,6.4642,2.2,2.2,2.2,0.74,2.2,6.4142
2026-04-17T08:27:30+00:00,4.3,6.4601,2.2,2.2,2.2,0.69,2.2,6.4101
2026-04-17T08:30:00+00:00,4.44,6.4559,2.79,2.79,2.79,0.5,4.11,6.4059
2026-04-17T08:32:30+00:00,4.87,6.4517,3.77,3.77,3.77,0.17,7.55,6.4017
2026-04-17T08:35:00+00:00,5.05,6.4476,5.58,5.58,5.58,0.43,8.49,6.3976
2026-04-17T08:37:30+00:00,5.14,6.4434,6.22,6.22,6.22,0.62,8.49,6.3934
2026-04-17T08:40:00+00:00,5.09,6.4392,6.4,6.4,6.4,0.65,7.46,6.3892
2026-04-17T08:42:30+00:00,4.99,6.4351,6.01,6.01,6.01,0.51,6.23,6.3851
2026-04-17T08:45:00+00:00,4.81,6.4309,5.48,5.48,5.48,0.34,4.66,6.3641
2026-04-17T08:47:30+00:00,4.79,6.4267,4.71,4.71,4.71,0.11,4.54,6.3043
2026-04-17T08:50:00+00:00,4.94,6.4226,4.64,4.64,4.64,0.09,5.55,6.1439
2026-04-17T08:52:30+00:00,5.45,6.4184,5.16,5.16,5.16,0.22,8.76,5.7583
2026-04-17T08:55:00+00:00,5.51,6.4142,6.88,6.88,6.88,0.71,8.29,4.9747
2026-04-17T08:57:30+00:00,5.37,6.4101,6.78,6.78,6.78,0.64,6.51,4.3504
2026-04-17T09:00:00+00:00,5.1,6.4059,5.97,5.97,5.97,0.37,4.17,4.8328
2026-04-17T09:02:30+00:00,4.95,6.4017,4.78,4.78,4.78,0.07,3.22,4.8769
2026-04-17T09:05:00+00:00,4.76,6.3976,4.23,4.23,4.23,0.2,2.3,4.7851
2026-04-17T09:07:30+00:00,4.63,6.3934,3.66,3.66,3.66,0.36,2.2,4.6231
2026-04-17T09:10:00+00:00,4.58,6.3892,3.37,3.37,3.37,0.42,2.35,4.3849
2026-04-17T09:12:30+00:00,4.6,6.3851,2.2,2.2,2.2,0.46,3.13,4.0698
2026-04-17T09:15:00+00:00,4.38,6.3641,2.2,2.2,2.2,0.47,2.2,3.8785
2026-04-17T09:17:30+00:00,4.09,6.3043,2.2,2.2,2.2,0.41,2.2,3.6655
2026-04-17T09:20:00+00:00,3.99,6.1439,2.2,2.2,2.2,0.34,2.2,3.4412
2026-04-17T09:22:30+00:00,4.07,5.7583,2.2,2.2,2.2,0.32,2.78,3.2145
2026-04-17T09:25:00+00:00,4.12,4.9747,2.2,2.2,2.2,0.34,3.68,2.9923
2026-04-17T09:27:30+00:00,4.21,4.3504,2.2,2.2,2.2,0.4,4.69,2.78
2026-04-17T09:30:00+00:00,4.42,4.8328,2.2,2.2,2.2,0.43,6.21,2.5815
2026-04-17T09:32:30+00:00,3.9,4.8769,2.2,2.2,2.2,0.52,2.51,2.399
2026-04-17T09:35:00+00:00,3.67,4.7851,2.2,2.2,2.2,0.4,2.2,2.2843
2026-04-17T09:37:30+00:00,3.61,4.6231,2.2,2.2,2.2,0.36,2.2,2.2
2026-04-17T09:40:00+00:00,3.33,4.3849,2.2,2.2,2.2,0.36,2.2,2.2
2026-04-17T09:42:30+00:00,3.1,4.0698,2.2,2.2,2.2,0.29,2.2,2.2
2026-04-17T09:45:00+00:00,2.88,3.8785,2.2,2.2,2.2,0.23,2.2,2.2
2026-04-17T09:47:30+00:00,2.79,3.6655,2.2,2.2,2.2,0.16,2.2,2.2
2026-04-17T09:50:00+00:00,2.73,3.4412,2.2,2.2,2.2,0.14,2.2,2.2
2026-04-17T09:52:30+00:00,2.68,3.2145,2.2,2.2,2.2,0.12,2.2,2.2046
2026-04-17T09:55:00+00:00,2.6,2.9923,2.2,2.2,2.2,0.11,2.2,2.2227
2026-04-17T09:57:30+00:00,2.72,2.78,2.2,2.2,2.2,0.08,2.95,2.2532
2026-04-17T10:00:00+00:00,2.75,2.5815,2.2,2.2,2.2,0.14,3.42,2.2449
2026-04-17T10:02:30+00:00,2.64,2.399,2.2,2.2,2.2,0.15,2.8,2.2468
2026-04-17T10:05:00+00:00,2.57,2.2843,2.2,2.2,2.2,0.11,2.51,2.258
2026-04-17T10:07:30+00:00,2.52,2.2,2.2,2.2,2.2,0.09,2.44,2.2774
2026-04-17T10:10:00+00:00,2.5,2.2,2.2,2.2,2.2,0.08,2.48,2.3041
2026-04-17T10:12:30+00:00,2.49,2.2,2.2,2.2,2.2,0.07,2.58,2.3373
2026-04-17T10:15:00+00:00,2.49,2.2,2.2,2.2,2.2,0.07,2.68,2.3763
2026-04-17T10:17:30+00:00,2.5,2.2,2.2,2.2,2.2,0.08,2.77,2.4202
2026-04-17T10:20:00+00:00,2.5,2.2,2.2,2.2,2.2,0.08,2.83,2.4685
2026-04-17T10:22:30+00:00,2.51,2.2046,2.2,2.2,2.2,0.09,2.85,2.5206
2026-04-17T10:25:00+00:00,2.51,2.2227,2.2,2.2,2.2,0.09,2.84,2.5759
2026-04-17T10:27:30+00:00,2.52,2.2532,2.2,2.2,2.2,0.1,2.81,2.6338
2026-04-17T10:30:00+00:00,2.52,2.2449,2.2,2.2,2.2,0.11,2.76,2.6941
2026-04-17T10:32:30+00:00,2.52,2.2468,2.2,2.2,2.2,0.11,2.7,2.7562
2026-04-17T10:35:00+00:00,2.51,2.258,2.2,2.2,2.2,0.11,2.65,2.8197
2026-04-17T10:37:30+00:00,2.51,2.2774,2.2,2.2,2.2,0.12,2.59,2.8844
2026-04-17T10:40:00+00:00,2.51,2.3041,2.2,2.2,2.2,0.12,2.55,2.9499
2026-04-17T10:42:30+00:00,2.51,2.3373,2.2,2.2,2.2,0.12,2.51,3.0161
2026-04-17T10:45:00+00:00,2.5,2.3763,2.2,2.2,2.2,0.12,2.48,3.0825
2026-04-17T10:47:30+00:00,2.5,2.4202,2.2,2.2,2.2,0.13,2.47,3.1491
2026-04-17T10:50:00+00:00,2.5,2.4685,2.2,2.2,2.2,0.13,2.46,3.2819
2026-04-17T10:52:30+00:00,2.5,2.5206,2.2,2.2,2.2,0.13,2.46,3.3478
2026-04-17T10:55:00+00:00,2.5,2.5759,2.2,2.2,2.2,0.13,2.46,3.4131
2026-04-17T10:57:30+00:00,2.5,2.6338,2.2,2.2,2.2,0.14,2.47,3.4779
2026-04-17T11:00:00+00:00,2.5,2.6941,2.2,2.2,2.2,0.14,2.48,3.5419
2026-04-17T11:02:30+00:00,2.5,2.7562,2.2,2.2,2.2,0.14,2.48,3.6051
2026-04-17T11:05:00+00:00,2.5,2.8197,2.2,2.2,2.2,0.15,2.49,3.6673
2026-04-17T11:07:30+00:00,2.5,2.8844,2.2,2.2,2.2,0.15,2.5,3.7286
2026-04-17T11:10:00+00:00,2.5,2.9499,2.2,2.2,2.2,0.15,2.5,3.7889
2026-04-17T11:12:30+00:00,2.5,3.0161,2.2,2.2,2.2,0.16,2.5,3.9114
2026-04-17T11:15:00+00:00,2.5,3.0825,2.2,2.2,2.2,0.16,2.51,4.0317
2026-04-17T11:17:30+00:00,2.5,3.1491,2.2,2.2,2.2,0.16,2.51,4.1497
2026-04-17T11:22:30+00:00,2.5,3.2819,2.2,2.2,2.2,0.17,2.51,4.2653
2026-04-17T11:25:00+00:00,2.5,3.3478,2.2,2.2,2.2,0.17,2.5,4.3786
2026-04-17T11:27:30+00:00,2.5,3.4131,2.2,2.2,2.2,0.17,2.5,4.4893
2026-04-17T11:30:00+00:00,2.5,3.4779,2.2,2.2,2.2,0.18,2.5,4.7035
2026-04-17T11:32:30+00:00,2.65,3.5419,2.2,2.2,2.2,0.18,3.48,4.8068
2026-04-17T11:35:00+00:00,2.82,3.6051,2.2,2.2,2.2,0.25,4.4,4.9077
2026-04-17T11:37:30+00:00,2.72,3.6673,2.2,2.2,2.2,0.34,3.31,5.006
2026-04-17T11:40:00+00:00,2.64,3.7286,2.2,2.2,2.2,0.29,2.55,5.1019
2026-04-17T11:42:30+00:00,2.57,3.7889,2.2,2.2,2.2,0.25,2.2,5.1953
2026-04-17T11:45:00+00:00,2.64,3.9114,2.2,2.2,2.2,0.22,2.62,5.2863
2026-04-17T11:47:30+00:00,2.58,4.0317,2.2,2.2,2.2,0.26,2.2,5.3748
2026-04-17T11:50:00+00:00,2.84,4.1497,2.2,2.2,2.2,0.23,3.99,5.4609
2026-04-17T11:52:30+00:00,2.96,4.2653,2.2,2.2,2.2,0.35,4.49,5.5447
2026-04-17T11:55:00+00:00,2.95,4.3786,2.2,2.2,2.2,0.41,3.97,5.6261
2026-04-17T11:57:30+00:00,3.22,4.4893,2.2,2.2,2.2,0.41,5.45,5.7052
2026-04-17T12:02:30+00:00,4.01,4.7035,2.75,3.07,2.44,0.54,8.81,5.782
2026-04-17T12:05:00+00:00,3.93,4.8068,4.03,4.27,3.86,0.66,6.98,5.8566
2026-04-17T12:07:30+00:00,3.86,4.9077,3.26,3.6,2.98,0.63,5.43,5.929
2026-04-17T12:10:00+00:00,3.85,5.006,2.71,3.0,2.43,0.67,4.57,5.9992
2026-04-17T12:12:30+00:00,3.98,5.1019,2.46,2.65,2.2,0.71,4.94,6.0673
2026-04-17T12:15:00+00:00,3.98,5.1953,2.72,2.96,2.48,0.72,4.35,6.1045
2026-04-17T12:17:30+00:00,4.12,5.2863,2.5,2.69,2.29,0.75,4.86,6.0729
2026-04-17T12:20:00+00:00,3.78,5.3748,2.84,3.06,2.54,0.74,2.2,5.8666
2026-04-17T12:22:30+00:00,3.9,5.4609,2.2,2.2,2.2,0.75,3.11,3.9904
2026-04-17T12:25:00+00:00,4.34,5.5447,2.2,2.2,2.2,0.78,6.08,3.0011
2026-04-17T12:27:30+00:00,4.27,5.6261,3.48,3.75,3.26,0.72,5.03,2.2782
2026-04-17T12:30:00+00:00,4.37,5.7052,3.14,3.33,2.9,0.72,5.37,2.2
2026-04-17T12:32:30+00:00,4.59,5.782,3.31,3.5,3.18,0.73,6.38,2.2
2026-04-17T12:35:00+00:00,4.51,5.8566,4.0,4.17,3.78,0.69,5.26,2.2
2026-04-17T12:37:30+00:00,4.93,5.929,3.51,3.65,3.34,0.7,7.69,2.2
2026-04-17T12:40:00+00:00,5.14,5.9992,4.8,5.07,4.68,0.74,8.2,2.2262
2026-04-17T12:42:30+00:00,5.31,6.0673,5.3,5.46,5.14,0.75,8.28,2.2179
2026-04-17T12:45:00+00:00,5.49,6.1045,2.2,2.2,2.2,0.35,8.48,2.2333
2026-04-17T12:47:30+00:00,5.35,6.0729,2.2,2.2,2.2,0.45,6.44,2.2639
2026-04-17T12:50:00+00:00,5.18,5.8666,2.2,2.2,2.2,0.5,4.66,2.3053
2026-04-17T12:55:00+00:00,4.67,3.9904,2.2,2.2,2.2,0.58,2.2,2.3551
2026-04-17T12:57:30+00:00,4.35,3.0011,2.2,2.2,2.2,0.61,2.2,2.4117
2026-04-17T13:00:00+00:00,3.51,2.2782,2.2,2.2,2.2,1.17,2.2,2.4741
2026-04-17T13:02:30+00:00,2.77,2.2,2.2,2.2,2.2,1.0,2.2,2.5414
2026-04-17T13:05:00+00:00,2.31,2.2,2.2,2.2,2.2,0.73,2.2,2.613
2026-04-17T13:07:30+00:00,2.06,2.2,2.2,2.2,2.2,0.64,2.2,2.6881
2026-04-17T13:10:00+00:00,1.97,2.2,2.2,2.2,2.2,0.54,2.2,2.7664
2026-04-17T13:12:30+00:00,1.99,2.2262,2.2,2.2,2.2,0.48,2.2,2.8471
2026-04-17T13:15:00+00:00,2.08,2.2179,2.2,2.2,2.2,0.51,2.2,2.93
2026-04-17T13:17:30+00:00,2.2,2.2333,2.2,2.2,2.2,0.47,2.86,3.0146
2026-04-17T13:20:00+00:00,2.32,2.2639,2.2,2.2,2.2,0.59,4.29,3.1004
2026-04-17T13:22:30+00:00,2.44,2.3053,2.2,2.2,2.2,0.55,5.18,3.1872
2026-04-17T13:25:00+00:00,2.53,2.3551,2.2,2.2,2.2,0.57,5.59,3.2746
2026-04-17T13:27:30+00:00,2.59,2.4117,2.2,2.2,2.2,0.66,5.59,3.3623
2026-04-17T13:30:00+00:00,2.63,2.4741,2.2,2.2,2.2,0.66,5.31,3.4501
2026-04-17T13:32:30+00:00,2.65,2.5414,2.2,2.2,2.2,0.71,4.84,3.5377
2026-04-17T13:35:00+00:00,2.65,2.613,2.2,2.2,2.2,0.74,4.28,3.625
2026-04-17T13:37:30+00:00,2.63,2.6881,2.2,2.2,2.2,0.73,3.71,3.7116
2026-04-17T13:40:00+00:00,2.61,2.7664,2.2,2.2,2.2,0.72,3.2,3.7975
2026-04-17T13:42:30+00:00,2.58,2.8471,2.2,2.2,2.2,0.65,2.77,3.9717
2026-04-17T13:45:00+00:00,2.55,2.93,2.2,2.2,2.2,0.7,2.44,4.1437
2026-04-17T13:47:30+00:00,2.53,3.0146,2.2,2.2,2.2,0.68,2.22,4.3134
2026-04-17T13:50:00+00:00,2.51,3.1004,2.2,2.2,2.2,0.61,2.2,4.4805
2026-04-17T13:52:30+00:00,2.49,3.1872,2.2,2.2,2.2,0.65,2.2,4.6449
2026-04-17T13:55:00+00:00,2.48,3.2746,2.2,2.2,2.2,0.67,2.2,4.8063
2026-04-17T13:57:30+00:00,2.48,3.3623,2.2,2.2,2.2,0.69,2.2,4.9647
2026-04-17T14:00:00+00:00,2.48,3.4501,2.2,2.2,2.2,0.63,2.2,5.1199
2026-04-17T14:02:30+00:00,2.48,3.5377,2.2,2.2,2.2,0.67,2.28,5.2718
2026-04-17T14:05:00+00:00,2.52,3.625,2.2,2.2,2.2,0.68,2.65,5.4203
2026-04-17T14:07:30+00:00,2.53,3.7116,2.2,2.2,2.2,0.66,2.7,5.5654
2026-04-17T14:10:00+00:00,2.62,3.7975,2.2,2.2,2.2,0.64,3.25,5.707
2026-04-17T14:12:30+00:00,2.7,3.9717,2.2,2.2,2.2,0.65,3.6,5.8451
2026-04-17T14:15:00+00:00,2.86,4.1437,2.2,2.2,2.2,0.69,4.41,5.9796
2026-04-17T14:17:30+00:00,2.87,4.3134,2.2,2.2,2.2,0.73,4.04,6.1106
2026-04-17T14:20:00+00:00,2.91,4.4805,2.2,2.2,2.2,0.79,3.98,6.2379
2026-04-17T14:22:30+00:00,3.06,4.6449,2.2,2.2,2.2,0.78,4.59,6.3617
2026-04-17T14:25:00+00:00,3.29,4.8063,2.29,2.67,2.2,0.78,5.62,6.482
2026-04-17T14:27:30+00:00,3.56,4.9647,2.49,3.52,2.2,0.8,6.72,6.5987
2026-04-17T14:30:00+00:00,4.12,5.1199,2.78,3.71,2.2,0.83,9.26,6.7119
2026-04-17T14:32:30+00:00,4.66,5.2718,3.71,5.89,2.2,0.89,11.17,6.8216
2026-04-17T14:35:00+00:00,4.78,5.4203,5.08,6.75,3.35,1.02,9.94,6.9279
2026-04-17T14:37:30+00:00,4.41,5.5654,4.93,6.12,3.44,0.99,5.84,7.0308
2026-04-17T14:40:00+00:00,4.35,5.707,3.48,5.33,2.2,0.92,4.47,7.1303
2026-04-17T14:42:30+00:00,4.42,5.8451,2.61,3.42,2.2,1.12,4.37,7.2266
2026-04-17T14:45:00+00:00,4.44,5.9796,2.58,3.97,2.2,1.14,4.04,7.3196
2026-04-17T14:47:30+00:00,4.6,6.1106,2.85,3.95,2.2,1.1,4.86,7.4094
2026-04-17T14:50:00+00:00,4.94,6.2379,2.98,4.36,2.2,1.11,6.75,7.4961
2026-04-17T14:52:30+00:00,5.34,6.3617,3.64,5.0,2.53,1.05,8.68,7.5798
2026-04-17T14:55:00+00:00,5.79,6.482,5.55,7.11,3.97,0.85,10.32,7.6604
2026-04-17T14:57:30+00:00,6.06,6.5987,6.39,8.1,4.54,0.92,10.57,7.7382
2026-04-17T15:00:00+00:00,6.01,6.7119,6.91,8.82,5.29,0.9,8.76,7.8131
2026-04-17T15:02:30+00:00,5.89,6.8216,5.84,7.01,4.57,0.89,6.8,7.8852
2026-04-17T15:05:00+00:00,6.0,6.9279,4.85,6.29,3.82,1.01,6.76,7.9545
2026-04-17T15:07:30+00:00,5.87,7.0308,5.4,6.62,4.18,0.89,5.29,8.0212
2026-04-17T15:10:00+00:00,5.68,7.1303,4.56,5.55,2.86,1.04,3.73,8.0854
2026-04-17T15:12:30+00:00,5.94,7.2266,4.2,5.02,3.35,1.06,5.62,8.147
2026-04-17T15:15:00+00:00,6.07,7.3196,4.89,6.42,3.37,0.95,6.36,8.2062
2026-04-17T15:17:30+00:00,6.29,7.4094,5.6,6.72,4.28,0.81,7.5,8.2629
2026-04-17T15:20:00+00:00,6.28,7.4961,5.84,6.97,4.76,0.78,6.99,8.3174
2026-04-17T15:22:30+00:00,6.69,7.5798,5.96,7.27,4.57,0.74,9.33,8.3697
2026-04-17T15:25:00+00:00,6.81,7.6604,6.97,8.24,5.71,0.7,9.25,8.4197
2026-04-17T15:27:30+00:00,7.0,7.7382,7.33,8.43,6.43,0.68,9.67,8.4676
2026-04-17T15:30:00+00:00,6.81,7.8131,7.01,8.36,6.0,0.75,7.46,8.5135
2026-04-17T15:32:30+00:00,6.41,7.8852,6.46,7.6,5.43,0.74,4.33,8.5573
2026-04-17T15:35:00+00:00,6.36,7.9545,4.93,5.95,4.04,0.98,4.25,8.5991
2026-04-17T15:37:30+00:00,6.42,8.0212,4.44,5.26,3.85,1.12,5.03,8.639
2026-04-17T15:40:00+00:00,6.47,8.0854,5.3,6.4,4.37,0.83,5.6,8.677
2026-04-17T15:42:30+00:00,6.35,8.147,5.57,6.7,4.4,0.8,4.99,8.7133
2026-04-17T15:45:00+00:00,6.44,8.2062,4.84,5.76,3.99,0.96,5.93,8.7479
2026-04-17T15:47:30+00:00,6.46,8.2629,5.67,6.45,4.53,0.75,6.19,8.7808
2026-04-17T15:50:00+00:00,6.38,8.3174,5.97,7.1,4.89,0.67,5.8,8.8121
2026-04-17T15:52:30+00:00,6.56,8.3697,5.46,6.15,4.71,0.76,7.18,8.8418
2026-04-17T15:55:00+00:00,7.05,8.4197,6.43,7.43,5.48,0.63,10.35,8.8701
2026-04-17T15:57:30+00:00,7.13,8.4676,7.8,8.45,7.12,0.77,10.05,8.8969
2026-04-17T16:00:00+00:00,7.33,8.5135,7.76,8.91,6.82,0.77,10.57,8.9223
2026-04-17T16:02:30+00:00,7.28,8.5573,8.34,9.4,7.5,0.83,9.25,8.9464
2026-04-17T16:05:00+00:00,7.12,8.5991,8.21,9.05,7.57,0.75,7.51,8.9692
2026-04-17T16:07:30+00:00,7.38,8.639,6.88,7.73,5.9,0.64,8.91,8.9907
2026-04-17T16:10:00+00:00,7.83,8.677,7.98,9.21,6.7,0.67,11.31,9.0111
2026-04-17T16:12:30+00:00,7.84,8.7133,9.48,10.55,8.51,0.92,10.23,9.0303
2026-04-17T16:15:00+00:00,7.49,8.7479,8.59,9.41,7.86,0.77,7.02,8.965
2026-04-17T16:17:30+00:00,7.44,8.7808,7.28,8.35,6.31,0.54,6.45,8.9014
2026-04-17T16:20:00+00:00,7.41,8.8121,9.65,10.38,8.73,0.53,6.27,9.888
2026-04-17T16:22:30+00:00,7.27,8.8418,9.14,10.11,8.19,0.51,5.4,10.5531
2026-04-17T16:25:00+00:00,7.3,8.8701,8.4,9.32,7.67,0.59,5.98,10.97
2026-04-17T16:27:30+00:00,7.66,8.8969,8.73,9.44,7.92,0.54,8.63,11.1982
2026-04-17T16:30:00+00:00,7.75,8.9223,9.88,10.74,9.09,0.51,8.96,11.3363
2026-04-17T16:32:30+00:00,7.97,8.9464,9.98,11.12,9.21,0.5,10.12,11.3685
2026-04-17T16:35:00+00:00,8.27,8.9692,9.1,9.1,9.1,0.59,11.49,11.3242
2026-04-17T16:37:30+00:00,8.36,8.9907,9.91,9.91,9.91,0.75,11.16,11.226
2026-04-17T16:40:00+00:00,8.03,9.0111,9.89,9.89,9.89,0.66,8.04,11.0916
2026-04-17T16:42:30+00:00,7.75,9.0303,8.37,8.37,8.37,0.4,5.91,10.9342
2026-04-17T16:45:00+00:00,7.52,8.965,7.23,7.23,7.23,0.61,4.62,10.7641
2026-04-17T16:47:30+00:00,7.17,8.9014,8.45,8.78,8.13,0.92,2.93,10.5889
2026-04-17T16:50:00+00:00,6.66,9.888,7.35,7.7,7.08,0.88,2.2,10.4141
2026-04-17T16:52:30+00:00,6.25,10.5531,5.77,6.24,5.47,1.21,2.2,10.2437
2026-04-17T16:55:00+00:00,6.8,10.97,4.71,5.2,4.23,1.4,5.15,10.0804
2026-04-17T16:57:30+00:00,7.58,11.1982,7.24,7.51,6.91,0.8,11.17,9.9261
2026-04-17T17:00:00+00:00,8.44,11.3363,10.17,10.57,9.87,0.85,16.1,9.7816
2026-04-17T17:02:30+00:00,9.59,11.3685,13.02,13.43,12.68,1.58,21.8,9.6474
2026-04-17T17:05:00+00:00,10.47,11.3242,16.45,16.79,16.11,2.5,24.34,9.5236
2026-04-17T17:07:30+00:00,10.5,11.226,18.14,18.42,17.89,2.85,20.61,9.41
2026-04-17T17:10:00+00:00,10.61,11.0916,16.73,17.14,16.42,2.27,18.0,9.3064
2026-04-17T17:12:30+00:00,10.67,10.9342,15.74,16.15,15.4,1.82,15.66,9.2123
2026-04-17T17:15:00+00:00,10.54,10.7641,14.71,15.09,14.38,1.38,12.69,9.1271
2026-04-17T17:17:30+00:00,10.47,10.5889,13.15,13.47,12.79,0.82,10.7,9.0501
2026-04-17T17:20:00+00:00,10.34,10.4141,12.11,12.3,11.9,0.47,8.85,8.9808
2026-04-17T17:22:30+00:00,9.97,10.2437,10.9,11.06,10.74,0.25,5.96,8.9185
2026-04-17T17:25:00+00:00,9.58,10.0804,9.37,9.62,9.11,0.62,3.97,8.8626
2026-04-17T17:27:30+00:00,8.93,9.9261,7.89,8.07,7.69,1.02,2.2,8.8125
2026-04-17T17:30:00+00:00,8.25,9.7816,5.83,6.02,5.65,1.59,2.2,8.7677
2026-04-17T17:32:30+00:00,7.77,9.6474,4.02,4.21,3.86,2.05,2.2,8.7275
2026-04-17T17:35:00+00:00,7.32,9.5236,3.23,3.42,3.1,2.17,2.2,8.6916
2026-04-17T17:37:30+00:00,7.34,9.41,2.76,2.95,2.64,2.16,2.2,8.6595
2026-04-17T17:40:00+00:00,7.24,9.3064,3.97,4.13,3.86,1.67,2.64,8.6307
2026-04-17T17:42:30+00:00,7.18,9.2123,4.63,4.78,4.53,1.35,4.28,8.6049
2026-04-17T17:45:00+00:00,7.37,9.1271,5.34,5.43,5.26,1.03,7.03,8.5818
2026-04-17T17:47:30+00:00,7.62,9.0501,6.71,6.82,6.64,0.54,9.56,8.561
2026-04-17T17:50:00+00:00,7.62,8.9808,8.09,8.18,8.02,0.13,9.79,8.5422
2026-04-17T17:52:30+00:00,8.02,8.9185,8.28,8.37,8.22,0.12,12.46,8.5253
2026-04-17T17:55:00+00:00,8.32,8.8626,9.81,9.86,9.75,0.52,13.54,8.5101
2026-04-17T17:57:30+00:00,7.99,8.8125,10.66,10.74,10.62,0.75,10.37,8.4962
2026-04-17T18:00:00+00:00,7.88,8.7677,9.17,9.21,9.13,0.28,9.11,8.4836
2026-04-17T18:02:30+00:00,7.5,8.7275,8.64,8.7,8.58,0.15,6.22,8.472
2026-04-17T18:05:00+00:00,7.23,8.6916,7.15,7.21,7.11,0.42,4.74,8.4615
2026-04-17T18:07:30+00:00,6.95,8.6595,6.31,6.34,6.27,0.65,3.48,8.4517
2026-04-17T18:10:00+00:00,6.57,8.6307,5.53,5.57,5.49,0.85,2.2,8.4427
2026-04-17T18:12:30+00:00,6.53,8.6049,4.51,4.55,4.48,1.11,2.96,8.4343
2026-04-17T18:15:00+00:00,6.47,8.5818,4.86,4.9,4.84,0.95,3.75,8.4265
2026-04-17T18:17:30+00:00,6.34,8.561,5.12,5.16,5.1,0.81,3.93,8.4192
2026-04-17T18:20:00+00:00,6.31,8.5422,5.11,5.14,5.09,0.77,4.64,8.4123
2026-04-17T18:22:30+00:00,6.77,8.5253,5.38,5.41,5.36,0.64,8.56,8.4058
2026-04-17T18:25:00+00:00,7.43,8.5101,7.38,7.4,7.36,0.15,12.66,8.3996
2026-04-17T18:27:30+00:00,7.95,8.4962,9.72,9.74,9.71,0.74,14.96,8.3936
2026-04-17T18:30:00+00:00,8.15,8.4836,11.23,11.26,11.22,1.14,14.5,8.388
2026-04-17T18:32:30+00:00,8.08,8.472,11.32,11.34,11.31,1.1,12.29,8.3825
2026-04-17T18:35:00+00:00,7.91,8.4615,10.42,10.43,10.41,0.76,9.94,8.3772
2026-04-17T18:37:30+00:00,7.89,8.4517,9.28,9.3,9.28,0.38,8.89,8.372
2026-04-17T18:40:00+00:00,7.54,8.4427,8.81,8.82,8.8,0.22,5.94,8.367
2026-04-17T18:42:30+00:00,7.42,8.4343,7.28,7.29,7.28,0.37,5.17,8.3621
2026-04-17T18:45:00+00:00,7.28,8.4265,6.79,6.79,6.78,0.51,4.54,8.3573
2026-04-17T18:47:30+00:00,7.1,8.4192,6.34,6.35,6.33,0.63,3.94,8.3526
2026-04-17T18:50:00+00:00,7.08,8.4123,5.89,5.9,5.88,0.74,4.5,8.348
2026-04-17T18:52:30+00:00,6.88,8.4058,6.03,6.04,6.03,0.67,3.86,8.3434
2026-04-17T18:55:00+00:00,7.1,8.3996,5.58,5.58,5.57,0.77,6.2,8.3344
2026-04-17T18:57:30+00:00,7.32,8.3936,6.67,6.68,6.67,0.42,8.07,8.33
2026-04-17T19:00:00+00:00,7.63,8.388,7.62,7.63,7.62,0.17,10.15,8.3256
2026-04-17T19:02:30+00:00,7.75,8.3825,8.76,8.76,8.76,0.3,10.43,8.3212
2026-04-17T19:05:00+00:00,7.73,8.3772,9.03,9.03,9.03,0.35,9.63,8.3169
2026-04-17T19:07:30+00:00,8.05,8.372,8.73,8.73,8.73,0.25,11.23,8.3126
2026-04-17T19:10:00+00:00,8.27,8.367,9.66,9.66,9.66,0.48,11.82,8.3083
2026-04-17T19:12:30+00:00,8.04,8.3621,10.11,10.12,10.11,0.58,9.17,8.304
2026-04-17T19:15:00+00:00,7.92,8.3573,8.88,8.88,8.87,0.2,7.9,8.2998
2026-04-17T19:17:30+00:00,7.62,8.3526,8.25,8.25,8.25,0.15,5.61,8.2955
2026-04-17T19:20:00+00:00,7.59,8.348,7.03,7.03,7.03,0.46,5.77,8.2558
2026-04-17T19:22:30+00:00,7.22,8.3434,7.01,7.02,7.01,0.46,3.62,8.134
2026-04-17T19:27:30+00:00,6.59,8.3344,5.09,5.09,5.09,0.97,2.2,7.7997
2026-04-17T19:30:00+00:00,6.38,8.33,4.29,4.29,4.29,1.16,2.2,6.9895
2026-04-17T19:32:30+00:00,6.61,8.3256,4.1,4.1,4.1,1.15,4.61,5.3382
2026-04-17T19:35:00+00:00,6.77,8.3212,5.5,5.5,5.5,0.66,6.53,4.0235
2026-04-17T19:37:30+00:00,7.21,8.3169,6.43,6.43,6.43,0.35,9.9,3.1055
2026-04-17T19:40:00+00:00,7.47,8.3126,8.21,8.22,8.21,0.27,11.31,2.3079
2026-04-17T19:42:30+00:00,7.81,8.3083,9.09,9.09,9.09,0.51,12.66,2.2
2026-04-17T19:45:00+00:00,8.02,8.304,10.08,10.08,10.08,0.77,12.84,2.2
2026-04-17T19:47:30+00:00,7.88,8.2998,10.41,10.41,10.41,0.82,10.7,2.2
2026-04-17T19:50:00+00:00,7.72,8.2955,2.2,2.2,2.2,1.51,8.7,2.2023
2026-04-17T19:52:30+00:00,7.77,8.2558,2.2,2.2,2.2,1.42,8.56,2.2033
2026-04-17T19:55:00+00:00,7.64,8.134,2.2,2.2,2.2,1.43,7.22,2.2325
2026-04-17T19:57:30+00:00,7.29,7.7997,2.2,2.2,2.2,1.38,4.79,2.2796
2026-04-17T20:00:00+00:00,7.23,6.9895,2.2,2.2,2.2,1.3,4.84,2.339
2026-04-17T20:02:30+00:00,7.08,5.3382,2.2,2.2,2.2,1.3,4.35,2.408
2026-04-17T20:05:00+00:00,6.44,4.0235,2.2,2.2,2.2,2.22,2.2,2.4846
2026-04-17T20:07:30+00:00,5.28,3.1055,2.2,2.2,2.2,2.11,2.2,2.5675
2026-04-17T20:10:00+00:00,3.79,2.3079,2.2,2.2,2.2,1.68,2.2,2.6559
2026-04-17T20:12:30+00:00,2.64,2.2,2.2,2.2,2.2,1.11,2.2,2.7489
2026-04-17T20:15:00+00:00,1.96,2.2,2.2,2.2,2.2,0.93,2.2,2.8458
2026-04-17T20:17:30+00:00,1.63,2.2,2.2,2.2,2.2,0.69,2.2,2.9459
2026-04-17T20:20:00+00:00,1.56,2.2023,2.2,2.2,2.2,0.51,2.2,3.0486
2026-04-17T20:22:30+00:00,1.66,2.2033,2.2,2.2,2.2,0.54,2.2,3.1535
2026-04-17T20:25:00+00:00,1.84,2.2325,2.2,2.2,2.2,0.59,2.2,3.26
2026-04-17T20:27:30+00:00,2.07,2.2796,2.2,2.2,2.2,0.51,4.6,3.3677
2026-04-17T20:30:00+00:00,2.29,2.339,2.2,2.2,2.2,0.67,6.74,3.4762
2026-04-17T20:32:30+00:00,2.47,2.408,2.2,2.2,2.2,0.7,7.93,3.5851
2026-04-17T20:35:00+00:00,2.62,2.4846,2.2,2.2,2.2,0.8,8.14,3.6942
2026-04-17T20:37:30+00:00,2.71,2.5675,2.2,2.2,2.2,0.66,7.86,3.916
2026-04-17T20:40:00+00:00,2.76,2.6559,2.2,2.2,2.2,0.79,7.31,4.1368
2026-04-17T20:42:30+00:00,2.78,2.7489,2.2,2.2,2.2,0.81,6.34,4.3562
2026-04-17T20:45:00+00:00,2.76,2.8458,2.2,2.2,2.2,0.83,5.29,4.5738
2026-04-17T20:47:30+00:00,2.72,2.9459,2.2,2.2,2.2,0.78,4.28,4.7891
2026-04-17T20:50:00+00:00,2.67,3.0486,2.2,2.2,2.2,0.73,3.4,5.0017
2026-04-17T20:52:30+00:00,2.62,3.1535,2.2,2.2,2.2,0.73,2.69,5.2115
2026-04-17T20:55:00+00:00,2.58,3.26,2.2,2.2,2.2,0.78,2.2,5.4181
2026-04-17T20:57:30+00:00,2.54,3.3677,2.2,2.2,2.2,0.69,2.2,5.6212
2026-04-17T21:00:00+00:00,2.5,3.4762,2.2,2.2,2.2,0.69,2.2,5.8207
2026-04-17T21:02:30+00:00,2.48,3.5851,2.2,2.2,2.2,0.67,2.2,6.0164
2026-04-17T21:05:00+00:00,2.47,3.6942,2.2,2.2,2.2,0.64,2.2,6.2081
2026-04-17T21:07:30+00:00,2.92,3.916,2.2,2.2,2.2,0.68,4.89,6.3957
2026-04-17T21:10:00+00:00,3.02,4.1368,2.2,2.2,2.2,0.82,5.1,6.5792
2026-04-17T21:12:30+00:00,2.85,4.3562,2.2,2.2,2.2,0.78,3.38,6.7583
2026-04-17T21:15:00+00:00,2.71,4.5738,2.2,2.2,2.2,0.77,2.2,6.9332
2026-04-17T21:17:30+00:00,2.6,4.7891,2.2,2.2,2.2,0.68,2.2,7.1036
2026-04-17T21:20:00+00:00,2.75,5.0017,2.2,2.2,2.2,0.67,2.68,7.2696
2026-04-17T21:22:30+00:00,3.06,5.2115,2.2,2.2,2.2,0.72,4.73,7.4311
2026-04-17T21:25:00+00:00,3.58,5.4181,2.2,2.2,2.2,0.76,7.79,7.5883
2026-04-17T21:27:30+00:00,4.34,5.6212,2.7,3.75,2.2,0.84,11.47,7.7409
2026-04-17T21:30:00+00:00,4.76,5.8207,4.15,6.52,2.22,1.0,12.18,7.8892
2026-04-17T21:32:30+00:00,5.23,6.0164,5.38,7.34,2.59,1.14,12.93,8.033
2026-04-17T21:35:00+00:00,5.63,6.2081,6.07,8.36,3.66,1.2,13.02,8.1725
2026-04-17T21:37:30+00:00,5.95,6.3957,6.21,7.46,4.47,1.24,12.58,8.3077
2026-04-17T21:40:00+00:00,6.0,6.5792,6.39,9.29,4.03,1.22,10.45,8.4386
2026-04-17T21:42:30+00:00,6.23,6.7583,6.39,8.41,4.83,1.12,9.91,8.5653
2026-04-17T21:45:00+00:00,6.3,6.9332,6.11,8.08,4.31,1.11,8.72,8.6876
2026-04-17T21:47:30+00:00,6.53,7.1036,6.3,7.76,4.16,1.04,8.81,8.8057
2026-04-17T21:50:00+00:00,6.61,7.2696,6.18,7.76,4.62,1.0,7.92,8.9197
2026-04-17T21:52:30+00:00,6.62,7.4311,5.06,7.06,2.81,1.19,6.93,9.0296
2026-04-17T21:55:00+00:00,6.57,7.5883,5.29,7.1,3.44,1.08,5.83,9.1355
2026-04-17T21:57:30+00:00,6.57,7.7409,4.47,5.94,2.79,1.24,5.41,9.2375
2026-04-17T22:00:00+00:00,6.97,7.8892,4.48,6.47,2.85,1.28,7.9,9.3357
2026-04-17T22:02:30+00:00,7.32,8.033,6.14,7.35,4.57,0.96,9.6,9.4302
2026-04-17T22:05:00+00:00,7.44,8.1725,6.99,7.76,6.12,0.95,9.45,9.521
2026-04-17T22:07:30+00:00,7.11,8.3077,6.46,8.0,4.98,1.06,6.36,9.6082
2026-04-17T22:10:00+00:00,7.17,8.4386,5.24,7.31,3.18,1.17,6.56,9.692
2026-04-17T22:12:30+00:00,7.4,8.5653,5.6,7.28,3.01,1.09,7.95,9.7724
2026-04-17T22:15:00+00:00,7.81,8.6876,6.97,8.35,5.52,0.86,10.31,9.8495
2026-04-17T22:17:30+00:00,8.06,8.8057,7.52,8.73,5.76,0.88,11.13,9.9235
2026-04-17T22:20:00+00:00,8.28,8.9197,8.08,9.49,6.76,0.88,11.57,9.9943
2026-04-17T22:22:30+00:00,8.43,9.0296,8.41,10.06,5.94,0.84,11.39,10.0621
2026-04-17T22:25:00+00:00,8.41,9.1355,8.9,10.4,7.35,0.78,10.13,10.1268
2026-04-17T22:27:30+00:00,8.6,9.2375,8.31,10.08,6.86,0.76,10.59,10.1886
2026-04-17T22:30:00+00:00,8.64,9.3357,8.38,9.53,7.47,0.79,9.93,10.2475
2026-04-17T22:32:30+00:00,8.41,9.4302,8.42,9.74,7.09,0.76,7.7,10.3036
2026-04-17T22:35:00+00:00,8.08,9.521,7.54,8.85,5.69,0.81,5.31,10.357
2026-04-17T22:37:30+00:00,8.07,9.6082,6.31,7.72,5.16,0.97,5.66,10.4078
2026-04-17T22:40:00+00:00,8.12,9.692,6.27,8.11,4.62,0.99,6.42,10.4561
2026-04-17T22:42:30+00:00,8.46,9.7724,6.31,8.33,4.84,0.98,9.05,10.5019
2026-04-17T22:45:00+00:00,8.84,9.8495,7.83,9.22,6.49,0.79,11.42,10.5454
2026-04-17T22:47:30+00:00,9.44,9.9235,8.97,10.63,7.6,0.81,14.54,10.5867
2026-04-17T22:50:00+00:00,9.54,9.9943,10.98,12.78,9.52,1.19,13.75,10.6257
2026-04-17T22:52:30+00:00,10.05,10.0621,10.65,11.95,9.45,1.07,15.78,10.6626
2026-04-17T22:55:00+00:00,10.39,10.1268,12.1,13.57,10.64,1.39,16.16,10.6975
2026-04-17T22:57:30+00:00,10.24,10.1886,12.99,14.94,11.52,1.56,13.43,10.7304
2026-04-17T23:00:00+00:00,10.03,10.2475,11.7,12.74,10.49,1.18,10.67,10.7614
2026-04-17T23:02:30+00:00,9.87,10.3036,10.31,11.83,8.81,0.81,8.84,10.7906
2026-04-17T23:05:00+00:00,9.92,10.357,9.15,10.39,8.15,0.66,8.99,10.818
2026-04-17T23:07:30+00:00,9.96,10.4078,9.73,11.01,8.46,0.65,9.08,10.8438
2026-04-17T23:10:00+00:00,9.88,10.4561,9.49,10.92,8.02,0.64,8.44,10.8679
2026-04-17T23:12:30+00:00,9.86,10.5019,8.89,10.59,7.52,0.59,8.45,10.8904
2026-04-17T23:15:00+00:00,10.14,10.5454,8.53,9.72,7.63,0.67,10.52,10.9115
2026-04-17T23:17:30+00:00,10.46,10.5867,9.77,11.03,8.57,0.68,12.45,10.9311
2026-04-17T23:20:00+00:00,10.39,10.6257,10.91,11.91,10.04,0.86,11.33,10.9494
2026-04-17T23:22:30+00:00,10.41,10.6626,10.47,11.54,9.51,0.74,11.11,10.8638
2026-04-17T23:25:00+00:00,10.33,10.6975,13.74,14.7,12.73,0.79,10.21,10.7804
2026-04-17T23:27:30+00:00,10.18,10.7304,12.94,13.98,12.19,0.64,9.15,10.6993
2026-04-17T23:30:00+00:00,10.5,10.7614,12.25,13.12,11.03,0.56,11.41,10.6156
2026-04-17T23:32:30+00:00,10.86,10.7906,13.06,14.07,12.12,0.68,13.49,10.5342
2026-04-17T23:35:00+00:00,11.37,10.818,13.97,14.99,13.19,0.9,15.92,10.455
2026-04-17T23:37:30+00:00,11.13,10.8438,15.87,16.7,14.64,1.33,13.16,10.4476
2026-04-17T23:40:00+00:00,11.06,10.8679,12.28,12.28,12.28,0.93,11.88,10.4402
2026-04-17T23:42:30+00:00,11.02,10.8904,11.69,11.69,11.69,0.7,11.16,10.4328
2026-04-17T23:45:00+00:00,10.83,10.9115,11.34,11.34,11.34,0.62,9.55,10.4255
2026-04-17T23:47:30+00:00,10.68,10.9311,10.48,10.48,10.48,0.56,8.65,10.4181
2026-04-17T23:50:00+00:00,10.42,10.9494,9.93,9.93,9.93,0.72,7.32,10.4108
2026-04-17T23:52:30+00:00,10.37,10.8638,9.13,9.13,9.13,0.89,7.65,10.4035
2026-04-17T23:55:00+00:00,10.65,10.7804,9.16,9.16,9.16,0.71,10.26,10.3962
2026-04-17T23:57:30+00:00,10.86,10.6993,10.41,10.41,10.41,0.59,11.85,10.389
2026-04-18T00:00:00+00:00,10.79,10.6156,11.24,11.24,11.24,0.5,11.22,10.3818
2026-04-18T00:02:30+00:00,10.82,10.5342,10.95,10.95,10.95,0.44,11.32,10.3746
2026-04-18T00:05:00+00:00,10.72,10.455,11.02,11.02,11.02,0.18,10.56,10.3674
2026-04-18T00:07:30+00:00,10.7,10.4476,10.65,10.65,10.65,0.1,10.48,10.3602
2026-04-18T00:10:00+00:00,10.61,10.4402,10.6,10.6,10.6,0.09,9.93,10.3531
2026-04-18T00:12:30+00:00,10.57,10.4328,10.3,10.3,10.3,0.11,9.89,10.346
2026-04-18T00:15:00+00:00,10.65,10.4255,10.24,10.24,10.24,0.11,10.6,10.3389
2026-04-18T00:17:30+00:00,10.44,10.4181,10.58,10.58,10.58,0.11,9.25,10.3318
2026-04-18T00:20:00+00:00,10.23,10.4108,9.87,9.87,9.87,0.18,8.2,10.3248
2026-04-18T00:22:30+00:00,9.87,10.4035,9.27,9.27,9.27,0.33,6.38,10.3178
2026-04-18T00:25:00+00:00,9.12,10.3962,8.22,8.22,8.22,0.61,2.65,10.3108
2026-04-18T00:27:30+00:00,8.8,10.389,5.97,5.97,5.97,1.23,2.39,10.3038
2026-04-18T00:30:00+00:00,8.88,10.3818,5.52,5.52,5.52,1.27,4.93,10.2968
2026-04-18T00:32:30+00:00,9.0,10.3746,6.6,6.6,6.6,0.86,7.14,10.2899
2026-04-18T00:35:00+00:00,9.18,10.3674,7.69,7.69,7.69,0.46,9.3,10.283
2026-04-18T00:37:30+00:00,9.68,10.3602,8.76,8.76,8.76,0.13,13.15,10.2761
2026-04-18T00:40:00+00:00,9.7,10.3531,10.82,10.82,10.82,0.58,12.79,10.2692
2026-04-18T00:42:30+00:00,9.75,10.346,10.81,10.81,10.81,0.58,12.65,10.2624
2026-04-18T00:45:00+00:00,9.76,10.3389,10.88,10.88,10.88,0.59,12.1,10.2556
2026-04-18T00:47:30+00:00,9.91,10.3318,10.73,10.73,10.73,0.53,12.56,10.2488
2026-04-18T00:50:00+00:00,9.72,10.3248,11.09,11.09,11.09,0.61,10.56,10.242
2026-04-18T00:52:30+00:00,9.54,10.3178,10.15,10.15,10.15,0.32,9.08,10.2352
2026-04-18T00:55:00+00:00,9.63,10.3108,9.41,9.41,9.41,0.13,9.67,10.2285
2026-04-18T00:57:30+00:00,9.72,10.3038,9.69,9.69,9.69,0.19,10.23,10.2218
2026-04-18T01:00:00+00:00,9.76,10.2968,9.99,9.99,9.99,0.26,10.32,10.2151
2026-04-18T01:02:30+00:00,9.87,10.2899,10.05,10.05,10.05,0.27,10.8,10.2084
2026-04-18T01:05:00+00:00,9.92,10.283,10.33,10.33,10.33,0.34,10.81,10.2017
2026-04-18T01:07:30+00:00,9.59,10.2761,10.37,10.37,10.37,0.34,8.28,10.1951
2026-04-18T01:10:00+00:00,9.75,10.2692,9.08,9.08,9.08,0.15,9.59,10.1885
2026-04-18T01:12:30+00:00,9.63,10.2624,9.7,9.7,9.7,0.17,8.78,10.1819
2026-04-18T01:15:00+00:00,9.67,10.2556,9.26,9.26,9.26,0.13,9.28,10.1753
2026-04-18T01:17:30+00:00,9.84,10.2488,9.48,9.48,9.48,0.14,10.44,10.1688
2026-04-18T01:20:00+00:00,9.87,10.242,10.07,10.07,10.07,0.27,10.52,10.1622
2026-04-18T01:22:30+00:00,9.92,10.2352,10.14,10.14,10.14,0.29,10.64,10.1557
2026-04-18T01:25:00+00:00,10.07,10.2285,10.23,10.23,10.23,0.31,11.45,10.1492
2026-04-18T01:27:30+00:00,10.54,10.2218,10.69,10.69,10.69,0.43,14.21,10.1428
2026-04-18T01:30:00+00:00,10.83,10.2151,12.2,12.2,12.2,0.85,14.97,10.1363
2026-04-18T01:32:30+00:00,10.67,10.2084,12.85,12.85,12.85,1.0,12.75,10.1299
2026-04-18T01:35:00+00:00,10.68,10.2017,11.79,11.79,11.79,0.64,12.02,10.1235
2026-04-18T01:37:30+00:00,10.6,10.1951,11.49,11.49,11.49,0.51,10.89,10.1171
2026-04-18T01:40:00+00:00,10.42,10.1885,10.94,10.94,10.94,0.33,9.36,10.1107
2026-04-18T01:42:30+00:00,10.22,10.1819,10.14,10.14,10.14,0.15,7.99,10.1044
2026-04-18T01:45:00+00:00,9.88,10.1753,9.36,9.36,9.36,0.25,6.15,10.098
2026-04-18T01:47:30+00:00,9.72,10.1688,8.27,8.27,8.27,0.53,5.9,10.0917
2026-04-18T01:50:00+00:00,9.81,10.1622,7.96,7.96,7.96,0.58,7.49,10.0854
2026-04-18T01:52:30+00:00,9.8,10.1557,8.62,8.62,8.62,0.36,8.2,10.0792
2026-04-18T01:55:00+00:00,9.46,10.1492,8.89,8.89,8.89,0.26,6.5,10.0729
2026-04-18T01:57:30+00:00,9.23,10.1428,7.93,7.93,7.93,0.49,5.86,10.0667
2026-04-18T02:00:00+00:00,9.23,10.1363,7.46,7.46,7.46,0.58,6.98,10.0605
2026-04-18T02:02:30+00:00,9.33,10.1299,7.91,7.91,7.91,0.41,8.55,10.0543
2026-04-18T02:05:00+00:00,9.35,10.1235,8.64,8.64,8.64,0.19,9.21,10.0481
2026-04-18T02:07:30+00:00,9.69,10.1171,8.96,8.96,8.96,0.16,11.78,10.042
2026-04-18T02:10:00+00:00,10.07,10.1107,10.32,10.32,10.32,0.47,14.08,10.0358
2026-04-18T02:12:30+00:00,10.0,10.1044,11.64,11.64,11.64,0.85,12.73,10.0297
2026-04-18T02:15:00+00:00,10.06,10.098,11.12,11.12,11.12,0.67,12.46,10.0236
2026-04-18T02:17:30+00:00,10.09,10.0917,11.11,11.11,11.11,0.64,12.0,10.0176
2026-04-18T02:20:00+00:00,10.14,10.0854,10.97,10.97,10.97,0.58,11.72,10.0115
2026-04-18T02:22:30+00:00,10.28,10.0792,10.91,10.91,10.91,0.54,12.1,10.0055
2026-04-18T02:25:00+00:00,10.42,10.0729,11.17,11.17,11.17,0.59,12.45,9.9995
2026-04-18T02:27:30+00:00,10.6,10.0667,11.44,11.44,11.44,0.64,12.88,9.9935
2026-04-18T02:30:00+00:00,10.48,10.0605,11.75,11.75,11.75,0.69,11.28,9.9875
2026-04-18T02:32:30+00:00,10.45,10.0543,11.0,11.0,11.0,0.45,10.61,9.9815
2026-04-18T02:35:00+00:00,10.29,10.0481,10.67,10.67,10.67,0.34,9.29,9.9755
2026-04-18T02:37:30+00:00,9.67,10.042,9.97,9.97,9.97,0.18,5.21,9.9695
2026-04-18T02:40:00+00:00,9.54,10.0358,7.76,7.76,7.76,0.62,5.34,9.9636
2026-04-18T02:42:30+00:00,9.82,10.0297,7.62,7.62,7.62,0.62,8.27,9.9576
2026-04-18T02:45:00+00:00,10.1,10.0236,8.97,8.97,8.97,0.23,10.62,9.9517
2026-04-18T02:47:30+00:00,9.84,10.0176,10.14,10.14,10.14,0.28,8.92,9.9457
2026-04-18T02:50:00+00:00,9.55,10.0115,9.27,9.27,9.27,0.18,7.28,9.9398
2026-04-18T02:52:30+00:00,9.54,10.0055,8.36,8.36,8.36,0.33,7.91,9.9338
2026-04-18T02:55:00+00:00,9.81,9.9995,8.59,8.59,8.59,0.25,10.31,9.9279
2026-04-18T02:57:30+00:00,9.84,9.9935,9.79,9.79,9.79,0.27,10.56,9.922
2026-04-18T03:00:00+00:00,10.06,9.9875,9.95,9.95,9.95,0.32,12.01,9.9161
2026-04-18T03:02:30+00:00,9.87,9.9815,10.76,10.76,10.76,0.53,10.3,9.9102
2026-04-18T03:05:00+00:00,9.67,9.9755,9.95,9.95,9.95,0.31,8.88,9.9043
2026-04-18T03:07:30+00:00,9.52,9.9695,9.22,9.22,9.22,0.18,8.12,9.8984
2026-04-18T03:10:00+00:00,9.32,9.9636,8.78,8.78,8.78,0.2,7.19,9.8925
2026-04-18T03:12:30+00:00,9.45,9.9576,8.23,8.23,8.23,0.3,8.69,9.8866
2026-04-18T03:15:00+00:00,9.58,9.9517,8.92,8.92,8.92,0.18,9.87,9.8808
2026-04-18T03:17:30+00:00,9.89,9.9457,9.51,9.51,9.51,0.27,11.99,9.8749
2026-04-18T03:20:00+00:00,9.98,9.9398,10.65,10.65,10.65,0.57,12.14,9.869
2026-04-18T03:22:30+00:00,9.9,9.9338,10.82,10.82,10.82,0.6,11.07,9.8632
2026-04-18T03:25:00+00:00,10.26,9.9279,10.36,10.36,10.36,0.46,13.11,9.8574
2026-04-18T03:27:30+00:00,10.07,9.922,11.49,11.49,11.49,0.76,11.05,9.8515
2026-04-18T03:30:00+00:00,9.99,9.9161,10.53,10.53,10.53,0.46,10.17,9.8457
2026-04-18T03:32:30+00:00,10.24,9.9102,10.11,10.11,10.11,0.33,11.64,9.8399
2026-04-18T03:35:00+00:00,9.89,9.9043,10.89,10.89,10.89,0.53,8.83,9.834
2026-04-18T03:37:30+00:00,9.72,9.8984,9.46,9.46,9.46,0.2,7.79,9.8282
2026-04-18T03:40:00+00:00,9.83,9.8925,8.86,8.86,8.86,0.23,8.93,9.8224
2026-04-18T03:42:30+00:00,9.51,9.8866,9.37,9.37,9.37,0.19,7.02,9.8166
2026-04-18T03:45:00+00:00,9.28,9.8808,8.32,8.32,8.32,0.33,6.11,9.8108
2026-04-18T03:47:30+00:00,9.58,9.8749,7.72,7.72,7.72,0.46,8.99,9.8051
2026-04-18T03:50:00+00:00,9.6,9.869,9.09,9.09,9.09,0.19,9.42,9.7993
2026-04-18T03:52:30+00:00,9.72,9.8632,9.3,9.3,9.3,0.22,10.41,9.7935
2026-04-18T03:55:00+00:00,9.72,9.8574,9.81,9.81,9.81,0.33,10.36,9.7878
2026-04-18T03:57:30+00:00,9.58,9.8515,9.82,9.82,9.82,0.34,9.31,9.782
2026-04-18T04:00:00+00:00,9.55,9.8457,9.3,9.3,9.3,0.23,9.25,9.7762
2026-04-18T04:02:30+00:00,9.63,9.8399,9.26,9.26,9.26,0.23,9.94,9.7705
2026-04-18T04:05:00+00:00,9.6,9.834,9.61,9.61,9.61,0.3,9.71,9.7648
2026-04-18T04:07:30+00:00,9.74,9.8282,9.51,9.51,9.51,0.28,10.68,9.759
2026-04-18T04:10:00+00:00,9.98,9.8224,10.03,10.03,10.03,0.41,12.08,9.7533
2026-04-18T04:12:30+00:00,10.2,9.8166,10.81,10.81,10.81,0.61,12.99,9.7476
2026-04-18T04:15:00+00:00,10.09,9.8108,11.38,11.38,11.38,0.76,11.49,9.7419
2026-04-18T04:17:30+00:00,10.18,9.8051,10.72,10.72,10.72,0.54,11.6,9.7362
2026-04-18T04:20:00+00:00,10.36,9.7993,10.83,10.83,10.83,0.55,12.33,9.7248
2026-04-18T04:22:30+00:00,10.25,9.7935,11.28,11.28,11.28,0.65,10.88,9.7191
2026-04-18T04:25:00+00:00,10.08,9.7878,10.6,10.6,10.6,0.43,9.43,9.7134
2026-04-18T04:27:30+00:00,9.74,9.782,9.86,9.86,9.86,0.24,7.11,9.7078
2026-04-18T04:30:00+00:00,9.13,9.7762,8.59,8.59,8.59,0.3,3.77,9.7021
2026-04-18T04:32:30+00:00,8.56,9.7705,6.61,6.61,6.61,0.83,2.2,9.6964
2026-04-18T04:35:00+00:00,8.52,9.7648,5.05,5.05,5.05,1.23,3.11,9.6908
2026-04-18T04:37:30+00:00,8.76,9.759,5.65,5.65,5.65,0.97,6.27,9.6851
2026-04-18T04:40:00+00:00,9.02,9.7533,7.17,7.17,7.17,0.46,9.04,9.6795
2026-04-18T04:42:30+00:00,9.31,9.7476,8.54,8.54,8.54,0.2,11.37,9.6739
2026-04-18T04:45:00+00:00,9.7,9.7419,9.78,9.78,9.78,0.48,13.83,9.6682
2026-04-18T04:47:30+00:00,10.18,9.7362,11.19,11.19,11.19,0.88,16.04,9.6626
2026-04-18T04:52:30+00:00,10.62,9.7248,13.36,13.36,13.36,1.44,15.79,9.657
2026-04-18T04:55:00+00:00,10.38,9.7191,13.11,13.11,13.11,1.29,12.75,9.6514
2026-04-18T04:57:30+00:00,10.1,9.7134,11.64,11.64,11.64,0.79,9.93,9.6458
2026-04-18T05:00:00+00:00,9.75,9.7078,10.25,10.25,10.25,0.36,7.24,9.6402
2026-04-18T05:02:30+00:00,9.5,9.7021,8.81,8.81,8.81,0.24,5.91,9.6346
2026-04-18T05:05:00+00:00,9.44,9.6964,7.98,7.98,7.98,0.43,6.19,9.629
2026-04-18T05:07:30+00:00,9.4,9.6908,7.95,7.95,7.95,0.42,6.72,9.6235
2026-04-18T05:10:00+00:00,9.56,9.6851,8.07,8.07,8.07,0.36,8.47,9.6179
2026-04-18T05:12:30+00:00,9.55,9.6795,8.87,8.87,8.87,0.19,8.82,9.6123
2026-04-18T05:15:00+00:00,9.66,9.6739,9.01,9.01,9.01,0.19,9.87,9.6068
2026-04-18T05:17:30+00:00,9.97,9.6682,9.53,9.53,9.53,0.27,11.98,9.6012
2026-04-18T05:20:00+00:00,9.93,9.6626,10.66,10.66,10.66,0.56,11.28,9.5957
2026-04-18T05:22:30+00:00,9.73,9.657,10.39,10.39,10.39,0.47,9.62,9.5901
2026-04-18T05:25:00+00:00,9.66,9.6514,9.58,9.58,9.58,0.26,9.14,9.5846
2026-04-18T05:27:30+00:00,9.56,9.6458,9.32,9.32,9.32,0.21,8.63,9.5791
2026-04-18T05:30:00+00:00,9.55,9.6402,9.03,9.03,9.03,0.19,8.83,9.5736
2026-04-18T05:32:30+00:00,10.0,9.6346,9.09,9.09,9.09,0.19,12.01,9.5681
2026-04-18T05:35:00+00:00,10.48,9.629,10.73,10.73,10.73,0.58,14.74,9.5626
2026-04-18T05:37:30+00:00,10.58,9.6235,12.26,12.26,12.26,1.0,14.32,9.5571
2026-04-18T05:40:00+00:00,10.12,9.6179,12.24,12.24,12.24,0.95,10.17,9.5516
2026-04-18T05:42:30+00:00,10.01,9.6123,10.22,10.22,10.22,0.34,9.23,9.5461
2026-04-18T05:45:00+00:00,10.2,9.6068,9.71,9.71,9.71,0.22,10.49,9.5406
2026-04-18T05:47:30+00:00,10.04,9.6012,10.33,10.33,10.33,0.35,9.21,9.5351
2026-04-18T05:50:00+00:00,10.19,9.5957,9.67,9.67,9.67,0.2,10.27,9.5297
2026-04-18T05:52:30+00:00,10.38,9.5901,10.18,10.18,10.18,0.3,11.45,9.5242
2026-04-18T05:55:00+00:00,10.28,9.5846,10.8,10.8,10.8,0.45,10.4,9.5187
2026-04-18T05:57:30+00:00,10.31,9.5791,10.3,10.3,10.3,0.31,10.51,9.5133
2026-04-18T06:00:00+00:00,10.49,9.5736,10.35,10.35,10.35,0.33,11.58,9.5078
2026-04-18T06:02:30+00:00,10.35,9.5681,10.92,10.92,10.92,0.47,10.27,9.497
2026-04-18T06:05:00+00:00,10.17,9.5626,10.28,10.28,10.28,0.29,8.98,9.4916
2026-04-18T06:07:30+00:00,10.11,9.5571,9.59,9.59,9.59,0.19,8.8,9.4861
2026-04-18T06:10:00+00:00,10.03,9.5516,9.43,9.43,9.43,0.19,8.56,9.4807
2026-04-18T06:12:30+00:00,10.02,9.5461,9.24,9.24,9.24,0.2,8.93,9.4753
2026-04-18T06:15:00+00:00,10.08,9.5406,9.37,9.37,9.37,0.19,9.66,9.4699
2026-04-18T06:17:30+00:00,10.18,9.5351,9.71,9.71,9.71,0.21,10.5,9.4645
2026-04-18T06:20:00+00:00,10.06,9.5297,10.13,10.13,10.13,0.29,9.63,9.4591
2026-04-18T06:22:30+00:00,10.11,9.5242,9.69,9.69,9.69,0.21,10.17,9.4538
2026-04-18T06:25:00+00:00,9.99,9.5187,9.96,9.96,9.96,0.26,9.4,9.4484
2026-04-18T06:27:30+00:00,9.42,9.5133,9.56,9.56,9.56,0.19,5.81,9.443
2026-04-18T06:30:00+00:00,9.12,9.5078,7.64,7.64,7.64,0.53,4.92,9.4163
2026-04-18T06:35:00+00:00,9.44,9.497,7.79,7.79,7.79,0.4,9.03,9.3401
2026-04-18T06:37:30+00:00,9.68,9.4916,8.88,8.88,8.88,0.18,11.05,9.1359
2026-04-18T06:40:00+00:00,9.79,9.4861,9.93,9.93,9.93,0.39,11.65,8.6451
2026-04-18T06:42:30+00:00,9.87,9.4807,10.32,10.32,10.32,0.49,11.91,7.6479
2026-04-18T06:45:00+00:00,9.75,9.4753,10.55,10.55,10.55,0.55,10.7,6.0642
2026-04-18T06:47:30+00:00,9.7,9.4699,10.02,10.02,10.02,0.39,10.13,6.89
2026-04-18T06:50:00+00:00,9.95,9.4645,9.76,9.76,9.76,0.31,11.69,7.093
2026-04-18T06:52:30+00:00,10.25,9.4591,10.6,10.6,10.6,0.54,13.22,7.0731
2026-04-18T06:55:00+00:00,10.29,9.4538,11.49,11.49,11.49,0.77,12.68,6.926
2026-04-18T06:57:30+00:00,10.13,9.4484,11.34,11.34,11.34,0.69,10.87,6.6534
2026-04-18T07:00:00+00:00,10.24,9.443,10.49,10.49,10.49,0.42,11.26,6.2618
2026-04-18T07:02:30+00:00,10.3,9.4163,3.47,4.38,2.59,2.31,11.19,5.7741
2026-04-18T07:05:00+00:00,9.95,9.3401,3.34,4.25,2.45,2.34,8.44,5.2206
2026-04-18T07:07:30+00:00,10.06,9.1359,2.28,2.61,2.2,2.29,9.39,4.6307
2026-04-18T07:10:00+00:00,10.36,8.6451,2.27,2.62,2.2,2.32,11.48,4.0299
2026-04-18T07:12:30+00:00,10.53,7.6479,3.06,3.83,2.2,2.2,12.26,3.7319
2026-04-18T07:15:00+00:00,10.18,6.0642,2.86,3.97,2.2,2.27,9.39,3.446
2026-04-18T07:17:30+00:00,9.41,6.89,5.78,7.32,4.48,2.27,4.49,3.1775
2026-04-18T07:20:00+00:00,8.14,7.093,3.31,4.88,2.2,2.09,2.2,2.9299
2026-04-18T07:22:30+00:00,7.45,7.0731,2.2,2.2,2.2,1.73,2.2,2.7056
2026-04-18T07:25:00+00:00,7.36,6.926,2.2,2.2,2.2,1.51,2.2,2.5054
2026-04-18T07:27:30+00:00,7.29,6.6534,2.2,2.2,2.2,1.54,2.2,2.3797
2026-04-18T07:30:00+00:00,7.12,6.2618,2.2,2.2,2.2,1.53,2.29,2.2781
2026-04-18T07:32:30+00:00,7.03,5.7741,2.2,2.2,2.2,1.49,3.8,2.2
2026-04-18T07:35:00+00:00,6.94,5.2206,2.2,2.2,2.2,1.46,4.78,2.2
2026-04-18T07:37:30+00:00,6.63,4.6307,2.2,2.2,2.2,1.44,4.08,2.2
2026-04-18T07:40:00+00:00,6.19,4.0299,2.2,2.2,2.2,1.34,2.76,2.2
2026-04-18T07:42:30+00:00,5.71,3.7319,2.2,2.2,2.2,1.19,2.2,2.2025
2026-04-18T07:45:00+00:00,4.79,3.446,2.2,2.2,2.2,1.04,2.2,2.2215
2026-04-18T07:47:30+00:00,4.25,3.1775,2.2,2.2,2.2,0.72,2.2,2.2557
2026-04-18T07:50:00+00:00,3.51,2.9299,2.2,2.2,2.2,0.54,2.2,2.2535
2026-04-18T07:52:30+00:00,3.07,2.7056,2.2,2.2,2.2,0.26,2.2,2.2637
2026-04-18T07:55:00+00:00,2.6,2.5054,2.2,2.2,2.2,0.09,2.2,2.285
2026-04-18T07:57:30+00:00,2.44,2.3797,2.2,2.2,2.2,0.0,2.2,2.3161
2026-04-18T08:00:00+00:00,2.51,2.2781,2.2,2.2,2.2,0.0,2.2,2.356
2026-04-18T08:02:30+00:00,2.58,2.2,2.2,2.2,2.2,0.0,2.3,2.4036
2026-04-18T08:05:00+00:00,2.51,2.2,2.2,2.2,2.2,0.0,3.05,2.458
2026-04-18T08:07:30+00:00,2.59,2.2,2.2,2.2,2.2,0.0,4.41,2.5182
2026-04-18T08:10:00+00:00,2.69,2.2,2.2,2.2,2.2,0.0,5.43,2.5835
2026-04-18T08:12:30+00:00,2.68,2.2025,2.2,2.2,2.2,0.0,5.31,2.6532
2026-04-18T08:15:00+00:00,2.66,2.2215,2.2,2.2,2.2,0.0,4.93,2.7265
2026-04-18T08:17:30+00:00,2.68,2.2557,2.2,2.2,2.2,0.0,4.85,2.8029
2026-04-18T08:20:00+00:00,2.83,2.2535,2.2,2.2,2.2,0.0,5.51,2.8819
2026-04-18T08:22:30+00:00,2.88,2.2637,2.2,2.2,2.2,0.04,5.31,2.9629
2026-04-18T08:25:00+00:00,2.79,2.285,2.2,2.2,2.2,0.07,4.13,3.0454
2026-04-18T08:27:30+00:00,2.75,2.3161,2.2,2.2,2.2,0.03,3.5,3.1292
2026-04-18T08:30:00+00:00,2.8,2.356,2.2,2.2,2.2,0.02,3.63,3.2138
2026-04-18T08:32:30+00:00,2.98,2.4036,2.2,2.2,2.2,0.05,4.55,3.299
2026-04-18T08:35:00+00:00,2.91,2.458,2.2,2.2,2.2,0.14,3.59,3.3843
2026-04-18T08:37:30+00:00,2.74,2.5182,2.2,2.2,2.2,0.11,2.2,3.4697
2026-04-18T08:40:00+00:00,2.93,2.5835,2.2,2.2,2.2,0.03,3.45,3.5549
2026-04-18T08:42:30+00:00,3.01,2.6532,2.2,2.2,2.2,0.13,3.75,3.6396
2026-04-18T08:45:00+00:00,3.07,2.7265,2.2,2.2,2.2,0.17,3.92,3.7236
2026-04-18T08:47:30+00:00,3.22,2.8029,2.2,2.2,2.2,0.21,4.57,3.807
2026-04-18T08:50:00+00:00,3.44,2.8819,2.2,2.2,2.2,0.28,5.62,3.9759
2026-04-18T08:52:30+00:00,3.6,2.9629,2.2,2.2,2.2,0.4,5.96,4.1429
2026-04-18T08:55:00+00:00,3.9,3.0454,2.2,2.2,2.2,0.48,7.21,4.3076
2026-04-18T08:57:30+00:00,3.76,3.1292,2.2,2.2,2.2,0.63,5.21,4.4699
2026-04-18T09:00:00+00:00,3.53,3.2138,2.2,2.2,2.2,0.57,3.04,4.6296
2026-04-18T09:02:30+00:00,3.2,3.299,2.2,2.2,2.2,0.46,2.2,4.7865
2026-04-18T09:05:00+00:00,3.01,3.3843,2.2,2.2,2.2,0.3,2.2,4.9407
2026-04-18T09:07:30+00:00,2.9,3.4697,2.2,2.2,2.2,0.21,2.2,5.0919
2026-04-18T09:10:00+00:00,3.0,3.5549,2.2,2.2,2.2,0.16,2.2,5.2402
2026-04-18T09:12:30+00:00,2.95,3.6396,2.2,2.2,2.2,0.22,2.2,5.3854
2026-04-18T09:15:00+00:00,3.15,3.7236,2.2,2.2,2.2,0.2,3.25,5.5275
2026-04-18T09:17:30+00:00,3.3,3.807,2.2,2.2,2.2,0.3,4.38,5.6665
2026-04-18T09:20:00+00:00,3.79,3.9759,2.2,2.2,2.2,0.38,7.5,5.8023
2026-04-18T09:22:30+00:00,4.49,4.1429,2.22,2.28,2.2,0.54,11.06,5.935
2026-04-18T09:25:00+00:00,5.18,4.3076,4.18,4.58,3.73,0.71,13.76,6.0645
2026-04-18T09:27:30+00:00,6.02,4.4699,6.08,6.42,5.73,1.06,16.76,6.1909
2026-04-18T09:30:00+00:00,6.42,4.6296,8.23,8.56,7.86,1.5,16.15,6.3141
2026-04-18T09:32:30+00:00,6.34,4.7865,8.43,8.77,8.14,1.43,12.48,6.4342
2026-04-18T09:35:00+00:00,6.33,4.9407,7.05,7.36,6.69,0.98,10.02,6.5511
2026-04-18T09:37:30+00:00,5.97,5.0919,6.0,6.34,5.62,0.78,5.86,6.665
2026-04-18T09:40:00+00:00,5.75,5.2402,3.95,4.24,3.59,0.92,3.54,6.7758
2026-04-18T09:42:30+00:00,5.76,5.3854,2.69,3.1,2.35,1.21,3.38,6.8836
2026-04-18T09:45:00+00:00,6.05,5.5275,2.57,2.8,2.31,1.26,5.38,6.9884
2026-04-18T09:47:30+00:00,5.94,5.6665,3.55,3.95,3.27,1.06,4.37,7.0903
2026-04-18T09:50:00+00:00,5.75,5.8023,3.11,3.43,2.89,1.15,3.14,7.1892
2026-04-18T09:52:30+00:00,5.61,5.935,2.4,2.76,2.2,1.31,2.55,7.2854
2026-04-18T09:55:00+00:00,5.93,6.0645,2.22,2.36,2.2,1.35,5.31,7.3787
2026-04-18T09:57:30+00:00,6.25,6.1909,3.49,3.76,3.18,1.0,7.59,7.4693
2026-04-18T10:00:00+00:00,6.35,6.3141,4.64,4.87,4.46,0.79,7.87,7.5571
2026-04-18T10:02:30+00:00,6.55,6.4342,4.91,5.18,4.7,0.75,8.76,7.6423
2026-04-18T10:05:00+00:00,7.07,6.5511,5.69,5.85,5.46,0.63,11.37,7.725
2026-04-18T10:07:30+00:00,7.48,6.665,7.23,7.43,6.91,0.75,12.77,7.805
2026-04-18T10:10:00+00:00,7.65,6.7758,8.25,8.47,7.99,0.92,12.25,7.8826
2026-04-18T10:12:30+00:00,7.67,6.8836,8.24,8.44,8.06,0.88,11.01,7.9578
2026-04-18T10:15:00+00:00,7.94,6.9884,7.81,7.97,7.61,0.74,11.36,8.0306
2026-04-18T10:17:30+00:00,7.86,7.0903,8.22,8.45,8.0,0.8,9.61,8.101
2026-04-18T10:20:00+00:00,7.8,7.1892,7.46,7.64,7.27,0.64,8.24,8.1692
2026-04-18T10:22:30+00:00,7.71,7.2854,6.82,7.02,6.62,0.6,7.04,8.2352
2026-04-18T10:25:00+00:00,7.97,7.3787,6.2,6.43,6.06,0.64,8.5,8.299
2026-04-18T10:27:30+00:00,8.06,7.4693,6.99,7.12,6.8,0.58,8.67,8.3607
2026-04-18T10:30:00+00:00,8.27,7.5571,7.17,7.34,6.96,0.55,9.59,8.4203
2026-04-18T10:32:30+00:00,8.9,7.6423,7.7,7.89,7.55,0.58,13.0,8.4161
2026-04-18T10:35:00+00:00,9.14,7.725,9.71,9.85,9.53,0.93,13.21,8.4119
2026-04-18T10:37:30+00:00,9.4,7.805,11.29,11.29,11.29,0.96,13.47,8.4077
2026-04-18T10:40:00+00:00,9.48,7.8826,11.61,11.61,11.61,0.99,12.67,8.4035
2026-04-18T10:42:30+00:00,9.39,7.9578,11.28,11.28,11.28,0.85,10.76,8.3993
2026-04-18T10:45:00+00:00,9.23,8.0306,10.4,10.4,10.4,0.58,8.85,8.3952
2026-04-18T10:47:30+00:00,8.9,8.101,9.44,9.44,9.44,0.42,6.28,8.391
2026-04-18T10:50:00+00:00,8.84,8.1692,8.05,8.05,8.05,0.49,6.17,8.3868
2026-04-18T10:52:30+00:00,9.09,8.2352,7.85,7.85,7.85,0.52,8.23,8.3827
2026-04-18T10:55:00+00:00,9.37,8.299,8.8,8.8,8.8,0.31,10.2,8.3785
2026-04-18T10:57:30+00:00,9.38,8.3607,9.79,9.79,9.79,0.33,9.92,8.3743
2026-04-18T11:00:00+00:00,9.31,8.4203,9.68,9.68,9.68,0.28,9.18,8.3702
2026-04-18T11:02:30+00:00,9.45,8.4161,9.31,9.31,9.31,0.05,10.07,8.366
2026-04-18T11:05:00+00:00,9.36,8.4119,9.77,9.77,9.77,0.15,9.2,8.3618
2026-04-18T11:07:30+00:00,9.5,8.4077,9.34,9.34,9.34,0.05,10.05,8.3577
2026-04-18T11:10:00+00:00,9.48,8.4035,9.78,9.78,9.78,0.13,9.69,8.3535
2026-04-18T11:12:30+00:00,9.56,8.3993,9.61,9.61,9.61,0.07,10.11,8.3493
2026-04-18T11:15:00+00:00,9.77,8.3952,9.83,9.83,9.83,0.12,11.26,8.3452
2026-04-18T11:17:30+00:00,9.47,8.391,10.46,10.46,10.46,0.29,8.83,8.341
2026-04-18T11:20:00+00:00,9.33,8.3868,9.25,9.25,9.25,0.11,7.95,8.3368
2026-04-18T11:22:30+00:00,9.56,8.3827,8.76,8.76,8.76,0.26,9.76,8.3327
2026-04-18T11:25:00+00:00,9.43,8.3785,9.64,9.64,9.64,0.06,8.77,8.3285
2026-04-18T11:27:30+00:00,9.2,8.3743,9.13,9.13,9.13,0.15,7.36,8.3243
2026-04-18T11:30:00+00:00,9.1,8.3702,8.36,8.36,8.36,0.37,7.2,8.3202
2026-04-18T11:32:30+00:00,9.07,8.366,8.19,8.19,8.19,0.41,7.53,8.316
2026-04-18T11:35:00+00:00,9.1,8.3618,8.28,8.28,8.28,0.36,8.19,8.3118
2026-04-18T11:37:30+00:00,9.23,8.3577,8.56,8.56,8.56,0.26,9.39,8.3077
2026-04-18T11:40:00+00:00,9.29,8.3535,9.15,9.15,9.15,0.09,9.92,8.3035
2026-04-18T11:42:30+00:00,9.52,8.3493,9.45,9.45,9.45,0.08,11.38,8.267
2026-04-18T11:45:00+00:00,9.4,8.3452,10.25,10.25,10.25,0.28,10.2,8.1556
2026-04-18T11:47:30+00:00,9.35,8.341,9.72,9.72,9.72,0.12,9.62,7.8503
2026-04-18T11:50:00+00:00,9.14,8.3368,9.46,9.46,9.46,0.07,8.19,7.1109
2026-04-18T11:52:30+00:00,9.24,8.3327,8.72,8.72,8.72,0.24,9.06,5.6043
2026-04-18T11:55:00+00:00,9.41,8.3285,9.13,9.13,9.13,0.12,10.28,4.4047
2026-04-18T11:57:30+00:00,9.27,8.3243,9.77,9.77,9.77,0.12,9.13,3.6312
2026-04-18T12:00:00+00:00,8.89,8.3202,9.2,9.2,9.2,0.12,6.61,2.9585
2026-04-18T12:02:30+00:00,8.77,8.316,7.87,7.87,7.87,0.49,6.39,2.599
2026-04-18T12:05:00+00:00,8.6,8.3118,7.65,7.65,7.65,0.54,5.9,2.4136
2026-04-18T12:07:30+00:00,8.69,8.3077,7.28,7.28,7.28,0.62,7.34,2.3659
2026-04-18T12:10:00+00:00,9.03,8.3035,2.2,2.2,2.2,1.78,10.13,2.3923
2026-04-18T12:12:30+00:00,8.94,8.267,2.2,2.2,2.2,1.96,9.4,2.4566
2026-04-18T12:15:00+00:00,9.22,8.1556,2.2,2.2,2.2,1.93,11.27,2.5404
2026-04-18T12:17:30+00:00,9.35,7.8503,2.2,2.2,2.2,2.04,11.73,2.6349
2026-04-18T12:20:00+00:00,9.48,7.1109,2.2,2.2,2.2,2.14,12.02,2.7353
2026-04-18T12:22:30+00:00,9.6,5.6043,2.2,2.2,2.2,2.23,12.13,2.8395
2026-04-18T12:25:00+00:00,9.14,4.4047,3.36,5.93,2.2,2.59,8.3,2.9459
2026-04-18T12:27:30+00:00,8.12,3.6312,2.49,3.39,2.2,2.76,2.2,3.0538
2026-04-18T12:30:00+00:00,6.76,2.9585,2.2,2.2,2.2,2.88,2.2,3.1627
2026-04-18T12:32:30+00:00,5.21,2.599,2.2,2.2,2.2,2.36,2.2,3.2719
2026-04-18T12:35:00+00:00,3.66,2.4136,2.2,2.2,2.2,1.67,2.2,3.3812
2026-04-18T12:37:30+00:00,2.62,2.3659,2.2,2.2,2.2,1.24,2.2,3.4901
2026-04-18T12:40:00+00:00,2.2,2.3923,2.2,2.2,2.2,0.84,2.2,3.5984
2026-04-18T12:42:30+00:00,1.99,2.4566,2.2,2.2,2.2,0.62,2.2,3.7059
2026-04-18T12:45:00+00:00,2.07,2.5404,2.2,2.2,2.2,0.51,2.2,3.9227
2026-04-18T12:47:30+00:00,2.43,2.6349,2.2,2.2,2.2,0.68,2.2,4.1368
2026-04-18T12:50:00+00:00,3.05,2.7353,2.2,2.2,2.2,0.81,7.86,4.348
2026-04-18T12:52:30+00:00,3.71,2.8395,2.2,2.2,2.2,0.91,12.5,4.5557
2026-04-18T12:55:00+00:00,4.09,2.9459,2.54,3.52,2.2,0.92,13.93,4.7599
2026-04-18T12:57:30+00:00,4.37,3.0538,3.43,4.78,2.2,1.06,14.1,4.9601
2026-04-18T13:00:00+00:00,4.5,3.1627,3.65,5.44,2.2,1.09,12.86,5.1563
2026-04-18T13:02:30+00:00,4.71,3.2719,3.6,5.94,2.2,1.15,12.19,5.3482
2026-04-18T13:05:00+00:00,4.96,3.3812,3.78,6.14,2.36,1.11,11.77,5.5356
2026-04-18T13:07:30+00:00,5.27,3.4901,4.01,6.12,2.2,1.22,11.75,5.7185
2026-04-18T13:10:00+00:00,5.45,3.5984,4.52,6.92,2.48,1.18,10.77,5.8968
2026-04-18T13:12:30+00:00,5.35,3.7059,4.95,6.97,3.19,1.25,8.29,6.0704
2026-04-18T13:15:00+00:00,5.19,3.9227,3.58,5.11,2.2,1.26,5.87,6.2392
2026-04-18T13:17:30+00:00,4.69,4.1368,3.42,5.06,2.2,1.25,2.2,6.4032
2026-04-18T13:20:00+00:00,4.59,4.348,2.25,2.54,2.2,1.42,2.2,6.5624
2026-04-18T13:22:30+00:00,4.91,4.5557,2.25,2.41,2.2,1.47,3.81,6.7167
2026-04-18T13:25:00+00:00,4.94,4.7599,2.36,3.08,2.2,1.44,4.04,6.8663
2026-04-18T13:27:30+00:00,5.1,4.9601,2.66,3.4,2.2,1.32,5.12,7.011
2026-04-18T13:30:00+00:00,5.38,5.1563,2.84,4.25,2.2,1.36,6.87,7.151
2026-04-18T13:32:30+00:00,5.32,5.3482,3.45,5.58,2.2,1.31,5.93,7.2862
2026-04-18T13:35:00+00:00,5.74,5.5356,3.06,4.18,2.2,1.39,8.48,7.4168
2026-04-18T13:37:30+00:00,6.11,5.7185,4.78,6.19,3.07,1.17,10.08,7.5428
2026-04-18T13:40:00+00:00,6.76,5.8968,6.05,8.2,4.08,1.07,12.96,7.6642
2026-04-18T13:42:30+00:00,6.87,6.0704,8.55,10.98,6.71,1.2,11.79,7.7812
2026-04-18T13:45:00+00:00,6.98,6.2392,7.36,9.43,5.5,1.08,10.88,7.8937
2026-04-18T13:47:30+00:00,7.17,6.4032,6.6,8.47,4.39,1.1,10.61,8.002
2026-04-18T13:50:00+00:00,7.1,6.5624,8.16,9.75,6.63,0.97,8.84,8.1061
2026-04-18T13:52:30+00:00,7.2,6.7167,6.89,9.03,4.49,0.96,8.5,8.206
2026-04-18T13:55:00+00:00,7.24,6.8663,7.4,8.84,5.81,0.97,7.89,8.3019
2026-04-18T13:57:30+00:00,7.49,7.011,6.55,8.51,4.43,0.95,8.92,8.3938
2026-04-18T14:00:00+00:00,7.76,7.151,7.48,9.2,5.5,0.88,9.88,8.4819
2026-04-18T14:02:30+00:00,7.88,7.2862,7.86,9.52,5.49,0.97,9.7,8.5662
2026-04-18T14:05:00+00:00,8.32,7.4168,7.88,9.81,6.01,0.96,11.79,8.6468
2026-04-18T14:07:30+00:00,8.98,7.5428,9.01,11.69,7.44,0.87,14.67,8.7237
2026-04-18T14:10:00+00:00,9.08,7.6642,11.12,12.64,9.44,1.14,13.41,8.797
2026-04-18T14:12:30+00:00,9.09,7.7812,10.57,12.56,8.96,0.95,11.98,8.867
2026-04-18T14:15:00+00:00,9.27,7.8937,9.98,11.37,8.51,0.87,11.79,8.9336
2026-04-18T14:17:30+00:00,9.38,8.002,10.12,11.63,8.46,0.82,11.29,8.997
2026-04-18T14:20:00+00:00,9.34,8.1061,10.06,12.47,8.23,0.78,10.01,9.0572
2026-04-18T14:22:30+00:00,9.33,8.206,9.17,11.0,7.38,0.79,9.19,9.1145
2026-04-18T14:25:00+00:00,9.41,8.3019,8.69,10.27,7.25,0.82,9.28,9.1688
2026-04-18T14:27:30+00:00,9.66,8.3938,8.89,10.82,7.06,0.81,10.59,9.2203
2026-04-18T14:30:00+00:00,9.84,8.4819,9.97,11.51,7.77,0.69,11.15,9.2691
2026-04-18T14:32:30+00:00,10.0,8.5662,10.43,11.98,8.91,0.67,11.57,9.3153
2026-04-18T14:35:00+00:00,10.12,8.6468,10.33,12.36,8.69,0.62,11.66,9.3589
2026-04-18T14:37:30+00:00,10.27,8.7237,10.49,12.24,8.84,0.68,11.94,9.4001
2026-04-18T14:40:00+00:00,10.4,8.797,10.54,12.64,8.83,0.68,12.06,10.5541
2026-04-18T14:42:30+00:00,10.65,8.867,11.12,13.12,8.75,0.66,12.97,11.3611
2026-04-18T14:45:00+00:00,10.53,8.9336,12.42,14.38,10.98,0.79,11.23,11.8998
2026-04-18T14:47:30+00:00,10.65,8.997,11.25,12.67,9.61,0.61,11.52,12.234
2026-04-18T14:50:00+00:00,10.51,9.0572,11.24,12.37,10.05,0.57,10.05,12.4139
2026-04-18T14:52:30+00:00,10.37,9.1145,10.79,12.12,9.07,0.61,8.94,12.4793
2026-04-18T14:55:00+00:00,10.55,9.1688,10.22,12.25,8.4,0.67,10.28,12.4614
2026-04-18T14:57:30+00:00,10.74,9.2203,10.37,12.51,8.7,0.67,11.49,12.3843
2026-04-18T15:00:00+00:00,10.72,9.2691,10.81,12.46,9.08,0.67,11.0,12.2668
2026-04-18T15:02:30+00:00,10.39,9.3153,11.04,12.27,9.81,0.62,8.62,12.1234
2026-04-18T15:05:00+00:00,10.48,9.3589,9.23,10.23,7.74,0.85,9.52,11.9648
2026-04-18T15:07:30+00:00,10.56,9.4001,12.49,13.99,10.88,0.75,10.25,11.7991
2026-04-18T15:10:00+00:00,10.63,10.5541,12.68,14.19,11.41,0.78,10.78,11.6325
2026-04-18T15:12:30+00:00,10.58,11.3611,12.83,14.26,11.04,0.86,10.38,11.4691
2026-04-18T15:15:00+00:00,11.29,11.8998,12.29,13.75,10.18,0.74,15.16,11.3119
2026-04-18T15:17:30+00:00,12.4,12.234,14.75,15.91,13.16,1.37,21.28,11.163
2026-04-18T15:20:00+00:00,13.05,12.4139,18.04,19.65,16.19,2.23,23.09,11.0234
2026-04-18T15:22:30+00:00,13.68,12.4793,19.46,20.63,18.48,2.57,24.21,10.8939
2026-04-18T15:25:00+00:00,14.32,12.4614,20.63,21.78,19.57,2.81,25.08,10.7746
2026-04-18T15:27:30+00:00,14.47,12.3843,21.48,22.65,20.11,2.9,22.5,10.6655
2026-04-18T15:30:00+00:00,14.5,12.2668,20.05,21.29,18.93,2.29,19.65,10.5661
2026-04-18T15:32:30+00:00,14.86,12.1234,18.75,20.18,17.56,1.77,19.61,10.4761
2026-04-18T15:35:00+00:00,14.99,11.9648,18.82,20.12,17.26,1.68,18.14,10.3948
2026-04-18T15:37:30+00:00,14.92,11.7991,18.3,19.7,16.78,1.41,15.92,10.3216
2026-04-18T15:40:00+00:00,14.6,11.6325,16.88,18.32,15.71,0.93,12.56,10.2559
2026-04-18T15:42:30+00:00,13.97,11.4691,15.51,16.79,13.88,0.67,8.0,10.1034
2026-04-18T15:45:00+00:00,13.14,11.3119,14.77,16.3,13.66,0.86,3.52,9.9604
2026-04-18T15:47:30+00:00,12.62,11.163,12.09,13.44,11.19,1.59,2.22,9.8261
2026-04-18T15:50:00+00:00,12.31,11.0234,10.99,12.04,9.72,1.87,2.78,9.6996
2026-04-18T15:52:30+00:00,12.02,10.8939,10.46,11.89,9.23,1.87,3.56,9.5803
2026-04-18T15:55:00+00:00,11.82,10.7746,10.77,11.65,9.52,1.79,4.87,9.4676
2026-04-18T15:57:30+00:00,11.87,10.6655,10.28,11.3,9.31,1.62,7.58,9.4328
2026-04-18T16:00:00+00:00,12.08,10.5661,9.5,9.63,9.38,1.24,10.63,9.4016
2026-04-18T16:02:30+00:00,11.89,10.4761,11.03,11.17,10.93,0.82,10.51,9.3735
2026-04-18T16:05:00+00:00,11.81,10.3948,10.87,10.96,10.81,0.79,11.02,9.3483
2026-04-18T16:07:30+00:00,12.25,10.3216,11.12,11.21,11.03,0.77,14.79,9.3256
2026-04-18T16:10:00+00:00,12.69,10.2559,13.11,13.2,13.02,0.66,17.6,9.3051
2026-04-18T16:12:30+00:00,12.34,10.1034,14.69,14.79,14.63,0.85,14.4,9.2865
2026-04-18T16:15:00+00:00,12.05,9.9604,13.24,13.31,13.19,0.56,12.15,9.2697
2026-04-18T16:17:30+00:00,11.88,9.8261,12.16,12.23,12.1,0.47,11.14,9.2543
2026-04-18T16:20:00+00:00,11.9,9.6996,11.66,11.71,11.58,0.59,11.57,9.2403
2026-04-18T16:22:30+00:00,11.92,9.5803,11.8,11.85,11.78,0.48,11.9,9.2274
2026-04-18T16:25:00+00:00,11.85,9.4676,11.96,12.04,11.93,0.3,11.57,9.2156
2026-04-18T16:27:30+00:00,11.55,9.4328,11.8,11.85,11.76,0.34,9.75,9.2046
2026-04-18T16:30:00+00:00,11.48,9.4016,10.83,10.88,10.79,0.59,9.85,9.1945
2026-04-18T16:32:30+00:00,11.28,9.3735,10.8,10.84,10.77,0.58,9.04,9.185
2026-04-18T16:35:00+00:00,11.0,9.3483,10.29,10.32,10.27,0.7,7.88,9.1761
2026-04-18T16:37:30+00:00,10.82,9.3256,9.58,9.61,9.56,0.87,7.71,9.1677
2026-04-18T16:40:00+00:00,10.55,9.3051,9.35,9.39,9.33,0.9,6.9,9.1598
2026-04-18T16:42:30+00:00,10.47,9.2865,8.78,8.81,8.77,1.01,7.62,9.1522
2026-04-18T16:45:00+00:00,10.39,9.2697,9.01,9.04,9.0,0.89,8.18,9.145
2026-04-18T16:47:30+00:00,10.06,9.2543,9.19,9.21,9.18,0.79,6.93,9.1382
2026-04-18T16:50:00+00:00,9.98,9.2403,8.44,8.45,8.43,0.96,7.62,9.1315
2026-04-18T16:52:30+00:00,10.0,9.2274,8.68,8.7,8.67,0.83,8.72,9.1251
2026-04-18T16:55:00+00:00,10.32,9.2156,9.17,9.19,9.16,0.64,11.62,9.1189
2026-04-18T16:57:30+00:00,10.22,9.2046,10.65,10.66,10.64,0.23,11.08,9.1129
2026-04-18T17:00:00+00:00,10.39,9.1945,10.45,10.46,10.44,0.26,12.28,9.107
2026-04-18T17:02:30+00:00,10.49,9.185,11.13,11.14,11.12,0.2,12.7,9.1012
2026-04-18T17:05:00+00:00,10.65,9.1761,11.45,11.46,11.45,0.24,13.38,9.0956
2026-04-18T17:07:30+00:00,11.07,9.1677,11.91,11.92,11.91,0.33,15.43,9.09
2026-04-18T17:10:00+00:00,11.49,9.1598,13.2,13.21,13.2,0.66,17.02,9.0846
2026-04-18T17:12:30+00:00,11.99,9.1522,14.28,14.29,14.27,0.92,18.67,9.0792
2026-04-18T17:15:00+00:00,12.19,9.145,15.43,15.43,15.43,1.19,17.98,9.0739
2026-04-18T17:17:30+00:00,11.95,9.1382,15.36,15.37,15.36,1.08,14.68,9.0686
2026-04-18T17:20:00+00:00,11.75,9.1315,13.77,13.78,13.77,0.53,12.1,9.0634
2026-04-18T17:22:30+00:00,11.23,9.1251,12.52,12.52,12.51,0.21,8.03,9.0583
2026-04-18T17:25:00+00:00,10.91,9.1189,10.36,10.37,10.36,0.65,6.21,9.048
2026-04-18T17:27:30+00:00,10.69,9.1129,9.24,9.24,9.23,0.98,5.81,9.043
2026-04-18T17:30:00+00:00,10.39,9.107,8.71,8.72,8.71,1.1,4.97,9.0379
2026-04-18T17:32:30+00:00,10.4,9.1012,8.01,8.01,8.01,1.26,6.36,9.0329
2026-04-18T17:35:00+00:00,10.45,9.0956,8.58,8.59,8.58,1.04,7.87,9.0279
2026-04-18T17:37:30+00:00,10.81,9.09,9.2,9.2,9.2,0.8,11.17,9.023
2026-04-18T17:40:00+00:00,11.03,9.0846,10.83,10.83,10.83,0.32,12.87,9.018
2026-04-18T17:42:30+00:00,10.94,9.0792,11.76,11.76,11.76,0.2,12.05,9.0131
2026-04-18T17:45:00+00:00,10.69,9.0739,11.42,11.42,11.42,0.2,10.22,9.0082
2026-04-18T17:47:30+00:00,10.71,9.0686,10.51,10.52,10.51,0.38,10.57,9.0033
2026-04-18T17:50:00+00:00,10.53,9.0634,10.68,10.68,10.68,0.33,9.54,8.9984
2026-04-18T17:52:30+00:00,10.3,9.0583,10.14,10.14,10.14,0.46,8.34,8.9935
2026-04-18T17:57:30+00:00,10.25,9.048,9.36,9.36,9.36,0.64,9.23,8.9886
2026-04-18T18:00:00+00:00,10.38,9.043,9.76,9.76,9.76,0.47,10.54,8.9837
2026-04-18T18:02:30+00:00,10.5,9.0379,10.41,10.41,10.41,0.28,11.48,8.9789
2026-04-18T18:05:00+00:00,10.65,9.0329,10.92,10.92,10.92,0.18,12.36,8.974
2026-04-18T18:07:30+00:00,10.86,9.0279,11.43,11.43,11.43,0.19,13.47,8.9692
2026-04-18T18:10:00+00:00,10.97,9.023,12.1,12.1,12.1,0.33,13.59,8.9644
2026-04-18T18:12:30+00:00,11.18,9.018,12.29,12.29,12.29,0.36,14.22,8.9089
2026-04-18T18:15:00+00:00,11.46,9.0131,12.74,12.74,12.74,0.46,15.23,8.7363
2026-04-18T18:17:30+00:00,11.52,9.0082,13.41,13.41,13.41,0.61,14.51,8.2607
2026-04-18T18:20:00+00:00,11.37,9.0033,13.19,13.19,13.19,0.5,12.49,7.1061
2026-04-18T18:22:30+00:00,11.11,8.9984,12.26,12.26,12.26,0.22,10.15,4.7511
2026-04-18T18:25:00+00:00,10.64,8.9935,11.07,11.07,11.06,0.29,7.0,2.9266
2026-04-18T18:27:30+00:00,10.52,8.9886,9.35,9.35,9.35,0.77,6.92,2.2
2026-04-18T18:30:00+00:00,10.2,8.9837,9.13,9.13,9.13,0.82,5.74,2.2
2026-04-18T18:32:30+00:00,10.04,8.9789,8.26,8.26,8.26,1.04,5.88,2.2
2026-04-18T18:35:00+00:00,9.94,8.974,8.11,8.11,8.11,1.03,6.34,2.2
2026-04-18T18:37:30+00:00,9.98,8.9692,8.24,8.24,8.24,0.94,7.76,2.2
2026-04-18T18:40:00+00:00,9.99,8.9644,8.84,8.84,8.84,0.71,8.69,2.2
2026-04-18T18:42:30+00:00,10.37,8.9089,2.2,2.2,2.2,2.16,11.88,2.2017
2026-04-18T18:45:00+00:00,10.79,8.7363,2.2,2.2,2.2,2.36,14.59,2.2485
2026-04-18T18:47:30+00:00,10.92,8.2607,2.2,2.2,2.2,2.62,14.71,2.2754
2026-04-18T18:50:00+00:00,10.96,7.1061,2.2,2.2,2.2,2.65,14.14,2.3243
2026-04-18T18:52:30+00:00,10.92,4.7511,2.2,2.2,2.2,2.65,13.02,2.3907
2026-04-18T18:55:00+00:00,10.08,2.9266,2.2,2.2,2.2,2.68,6.74,2.4719
2026-04-18T18:57:30+00:00,8.91,2.2,2.24,2.38,2.2,3.4,2.2,2.5657
2026-04-18T19:00:00+00:00,7.37,2.2,2.2,2.2,2.2,3.08,2.2,2.6706
2026-04-18T19:02:30+00:00,5.43,2.2,2.2,2.2,2.2,2.66,2.2,2.785
2026-04-18T19:05:00+00:00,4.12,2.2,2.2,2.2,2.2,1.96,2.2,2.9078
2026-04-18T19:07:30+00:00,3.23,2.2,2.2,2.2,2.2,1.31,2.2,3.0379
2026-04-18T19:10:00+00:00,2.77,2.2,2.2,2.2,2.2,1.1,2.2,3.1742
2026-04-18T19:12:30+00:00,2.54,2.2017,2.2,2.2,2.2,0.86,2.2,3.3158
2026-04-18T19:15:00+00:00,2.34,2.2485,2.2,2.2,2.2,1.05,2.2,3.4619
2026-04-18T19:17:30+00:00,2.53,2.2754,2.2,2.2,2.2,0.81,2.2,3.6116
2026-04-18T19:20:00+00:00,2.85,2.3243,2.2,2.2,2.2,0.87,4.85,3.9211
2026-04-18T19:22:30+00:00,3.13,2.3907,2.2,2.2,2.2,1.07,8.11,4.2352
2026-04-18T19:25:00+00:00,3.21,2.4719,2.2,2.2,2.2,1.0,8.92,4.5527
2026-04-18T19:27:30+00:00,3.72,2.5657,2.2,2.2,2.2,1.03,11.87,4.8724
2026-04-18T19:30:00+00:00,3.9,2.6706,2.2,2.2,2.2,1.14,11.77,5.1934
2026-04-18T19:32:30+00:00,4.26,2.785,2.27,2.56,2.2,1.2,12.6,5.5148
2026-04-18T19:35:00+00:00,4.51,2.9078,2.44,3.29,2.2,1.23,12.27,5.8356
2026-04-18T19:37:30+00:00,4.84,3.0379,2.69,4.73,2.2,1.3,12.42,6.1553
2026-04-18T19:40:00+00:00,5.46,3.1742,2.79,4.32,2.2,1.34,14.2,6.473
2026-04-18T19:42:30+00:00,5.99,3.3158,4.72,6.34,2.4,1.42,14.98,6.7883
2026-04-18T19:45:00+00:00,6.49,3.4619,5.66,8.73,3.02,1.57,15.31,7.1005
2026-04-18T19:47:30+00:00,6.67,3.6116,5.22,7.04,3.59,1.66,13.44,7.4091
2026-04-18T19:50:00+00:00,6.46,3.9211,4.79,7.4,2.7,1.67,9.39,7.7138
2026-04-18T19:52:30+00:00,5.77,4.2352,4.22,6.61,2.2,1.64,3.2,8.0142
2026-04-18T19:55:00+00:00,5.47,4.5527,2.27,2.5,2.2,1.89,2.2,8.3098
2026-04-18T19:57:30+00:00,5.44,4.8724,2.2,2.2,2.2,1.82,2.2,8.6005
2026-04-18T20:00:00+00:00,5.73,5.1934,2.2,2.2,2.2,1.88,3.64,8.8857
2026-04-18T20:02:30+00:00,6.01,5.5148,2.6,3.6,2.2,1.76,5.72,9.1652
2026-04-18T20:05:00+00:00,6.34,5.8356,2.58,3.59,2.2,1.8,7.79,9.4387
2026-04-18T20:07:30+00:00,6.85,6.1553,2.67,3.79,2.2,1.85,10.68,9.7061
2026-04-18T20:10:00+00:00,7.27,6.473,5.09,7.25,3.04,1.53,12.11,9.9673
2026-04-18T20:12:30+00:00,7.7,6.7883,6.05,8.82,2.36,1.41,13.4,10.2222
2026-04-18T20:15:00+00:00,8.03,7.1005,7.2,9.45,4.52,1.45,13.65,10.4703
2026-04-18T20:17:30+00:00,8.71,7.4091,7.8,10.49,6.0,1.33,16.14,10.7115
2026-04-18T20:20:00+00:00,8.92,7.7138,9.72,12.39,7.15,1.41,15.04,10.9458
2026-04-18T20:22:30+00:00,9.3,8.0142,9.77,11.51,6.89,1.41,15.23,11.1731
2026-04-18T20:25:00+00:00,9.74,8.3098,9.95,11.58,8.49,1.42,15.79,11.3935
2026-04-18T20:27:30+00:00,10.09,8.6005,10.38,13.4,8.37,1.35,15.69,11.6071
2026-04-18T20:30:00+00:00,10.05,8.8857,10.22,12.58,7.92,1.42,13.13,11.8139
2026-04-18T20:32:30+00:00,10.51,9.1652,9.37,11.07,7.75,1.27,14.42,12.2073
2026-04-18T20:35:00+00:00,10.95,9.4387,10.65,12.76,8.6,1.28,15.35,12.3941
2026-04-18T20:37:30+00:00,11.04,9.7061,11.99,14.7,9.93,1.15,13.95,12.5744
2026-04-18T20:40:00+00:00,11.04,9.9673,10.76,12.87,8.83,1.2,12.47,12.7483
2026-04-18T20:42:30+00:00,10.88,10.2222,10.59,12.64,8.18,1.13,10.16,12.9159
2026-04-18T20:45:00+00:00,11.23,10.4703,9.75,11.56,7.62,1.19,11.94,13.0773
2026-04-18T20:47:30+00:00,11.65,10.7115,10.36,12.55,8.9,1.11,13.91,13.2327
2026-04-18T20:50:00+00:00,12.07,10.9458,10.63,12.94,9.16,1.15,15.4,13.3821
2026-04-18T20:52:30+00:00,12.69,11.1731,12.82,15.1,10.04,1.0,18.01,13.5257
2026-04-18T20:55:00+00:00,13.43,11.3935,13.96,16.37,11.9,1.11,20.92,13.7959
2026-04-18T20:57:30+00:00,13.67,11.6071,16.05,17.78,14.02,1.42,19.91,13.9228
2026-04-18T21:00:00+00:00,13.73,11.8139,15.74,17.69,14.1,1.3,17.93,14.0444
2026-04-18T21:05:00+00:00,13.65,12.2073,15.0,16.54,12.81,0.94,13.94,14.1602
2026-04-18T21:07:30+00:00,13.44,12.3941,13.49,15.98,10.65,0.9,11.59,14.2698
2026-04-18T21:10:00+00:00,13.43,12.5744,12.34,14.07,10.73,1.01,11.28,14.3734
2026-04-18T21:12:30+00:00,13.51,12.7483,12.02,14.17,9.67,1.05,11.84,14.4713
2026-04-18T21:15:00+00:00,13.83,12.9159,12.01,13.63,10.44,1.07,14.01,14.5638
2026-04-18T21:17:30+00:00,14.33,13.0773,13.15,15.73,10.77,0.92,16.97,14.6511
2026-04-18T21:20:00+00:00,14.57,13.2327,15.18,16.59,13.45,0.82,17.6,14.7335
2026-04-18T21:22:30+00:00,14.59,13.3821,15.85,17.47,14.28,0.88,16.65,14.8113
2026-04-18T21:25:00+00:00,14.44,13.5257,15.1,17.8,13.3,0.84,14.76,14.8846
2026-04-18T21:30:00+00:00,15.14,13.7959,15.87,17.15,14.41,0.89,18.23,14.9538
2026-04-18T21:32:30+00:00,15.25,13.9228,16.16,17.7,14.77,0.94,17.85,15.0189
2026-04-18T21:35:00+00:00,15.4,14.0444,16.41,18.15,14.62,0.96,17.85,15.0801
2026-04-18T21:37:30+00:00,15.71,14.1602,16.57,18.17,14.62,0.97,18.91,15.1378
2026-04-18T21:40:00+00:00,15.98,14.2698,17.69,19.27,15.85,1.19,19.51,15.1919
2026-04-18T21:42:30+00:00,16.1,14.3734,17.51,19.02,16.22,1.12,18.96,15.2428
2026-04-18T21:45:00+00:00,15.81,14.4713,17.39,19.14,15.94,1.06,15.83,15.2904
2026-04-18T21:47:30+00:00,15.67,14.5638,15.74,16.87,14.01,0.79,14.4,15.3351
2026-04-18T21:50:00+00:00,15.52,14.6511,14.88,16.64,13.45,0.78,13.31,15.3769
2026-04-18T21:52:30+00:00,15.48,14.7335,14.47,15.75,13.22,0.72,13.3,15.4159
2026-04-18T21:55:00+00:00,15.82,14.8113,14.3,16.13,12.37,0.71,15.92,15.4523
2026-04-18T21:57:30+00:00,16.13,14.8846,16.46,17.78,14.63,0.8,17.83,15.4862
2026-04-18T22:00:00+00:00,16.68,14.9538,16.68,17.97,15.61,0.88,20.79,15.5177
2026-04-18T22:02:30+00:00,16.7,15.0189,18.7,20.39,16.88,1.3,19.87,15.547
2026-04-18T22:05:00+00:00,16.98,15.0801,18.44,19.56,16.78,1.22,20.67,15.574
2026-04-18T22:07:30+00:00,17.0,15.1378,18.69,20.2,17.57,1.22,19.55,15.599
2026-04-18T22:10:00+00:00,17.22,15.1919,18.39,19.88,17.21,1.07,20.01,15.6219
2026-04-18T22:12:30+00:00,17.18,15.2428,18.72,20.26,17.5,1.14,18.66,15.5007
2026-04-18T22:15:00+00:00,17.16,15.2904,18.24,19.48,17.16,0.95,17.77,15.3824
2026-04-18T22:17:30+00:00,17.36,15.3351,20.97,22.23,19.47,0.86,18.56,15.1545
2026-04-18T22:20:00+00:00,17.58,15.3769,21.42,22.58,20.52,0.95,19.36,15.0447
2026-04-18T22:22:30+00:00,17.38,15.4159,21.53,22.71,20.17,0.96,17.26,14.9377
2026-04-18T22:25:00+00:00,17.28,15.4523,20.35,21.75,18.99,0.71,16.28,14.9161
2026-04-18T22:27:30+00:00,17.39,15.4862,19.94,20.99,18.4,0.67,17.0,14.8947
2026-04-18T22:30:00+00:00,17.66,15.5177,19.8,20.61,18.79,0.63,18.68,14.8733
2026-04-18T22:32:30+00:00,17.89,15.547,18.32,18.32,18.32,0.78,19.81,14.8519
2026-04-18T22:35:00+00:00,17.65,15.574,18.95,18.95,18.95,0.89,17.5,14.8307
2026-04-18T22:37:30+00:00,17.83,15.599,17.82,17.82,17.82,0.78,18.54,14.8095
2026-04-18T22:40:00+00:00,17.86,15.6219,18.35,18.35,18.35,0.74,18.36,14.7883
2026-04-18T22:42:30+00:00,17.66,15.5007,18.28,18.28,18.28,0.8,16.75,14.7673
2026-04-18T22:45:00+00:00,17.42,15.3824,17.44,17.44,17.44,0.71,15.23,14.7463
2026-04-18T22:50:00+00:00,17.2,15.1545,16.71,16.71,16.71,0.68,14.65,14.7254
2026-04-18T22:52:30+00:00,17.02,15.0447,16.09,16.09,16.09,0.68,14.06,14.7045
2026-04-18T22:55:00+00:00,16.93,14.9377,15.67,15.67,15.67,0.75,14.36,14.6837
2026-04-18T22:57:30+00:00,16.83,14.9161,15.69,15.69,15.69,0.51,14.5,14.663
2026-04-18T23:00:00+00:00,16.5,14.8947,15.65,15.65,15.65,0.48,13.05,14.6423
2026-04-18T23:02:30+00:00,16.24,14.8733,14.78,14.78,14.78,0.7,12.42,14.6217
2026-04-18T23:05:00+00:00,16.29,14.8519,14.3,14.3,14.3,0.79,14.05,14.6011
2026-04-18T23:07:30+00:00,16.28,14.8307,14.99,14.99,14.99,0.52,14.9,14.5807
2026-04-18T23:10:00+00:00,16.47,14.8095,15.36,15.36,15.36,0.36,16.94,14.5603
2026-04-18T23:12:30+00:00,16.64,14.7883,16.38,16.38,16.38,0.06,18.32,14.5399
2026-04-18T23:15:00+00:00,16.93,14.7673,17.14,17.14,17.14,0.25,20.08,14.5196
2026-04-18T23:17:30+00:00,17.03,14.7463,18.16,18.16,18.16,0.55,20.14,14.4994
2026-04-18T23:20:00+00:00,16.97,14.7254,18.35,18.35,18.35,0.59,19.06,14.4793
2026-04-18T23:22:30+00:00,16.9,14.7045,17.92,17.92,17.92,0.44,18.07,14.4592
2026-04-18T23:25:00+00:00,16.55,14.6837,17.5,17.5,17.5,0.3,15.37,14.4391
2026-04-18T23:27:30+00:00,16.18,14.663,16.13,16.13,16.13,0.15,13.08,14.4192
2026-04-18T23:30:00+00:00,16.08,14.6423,14.86,14.86,14.86,0.51,13.2,14.3993
2026-04-18T23:32:30+00:00,15.87,14.6217,14.78,14.78,14.78,0.5,12.57,14.3794
2026-04-18T23:35:00+00:00,15.93,14.6011,14.31,14.31,14.31,0.6,13.91,14.3597
2026-04-18T23:37:30+00:00,15.91,14.5807,14.87,14.87,14.87,0.39,14.53,14.3399
2026-04-18T23:40:00+00:00,15.65,14.5603,15.11,15.11,15.11,0.29,13.37,14.3203
2026-04-18T23:42:30+00:00,15.59,14.5399,14.44,14.44,14.44,0.45,13.78,14.3007
2026-04-18T23:45:00+00:00,15.19,14.5196,14.56,14.56,14.56,0.38,11.82,14.2812
2026-04-18T23:47:30+00:00,15.25,14.4994,13.45,13.45,13.45,0.66,13.39,14.2617
2026-04-18T23:50:00+00:00,15.5,14.4793,14.14,14.14,14.14,0.41,15.83,14.2423
2026-04-18T23:52:30+00:00,15.71,14.4592,15.35,15.35,15.35,0.09,17.5,14.2229
2026-04-18T23:55:00+00:00,15.95,14.4391,16.25,16.25,16.25,0.31,18.89,14.2037
2026-04-18T23:57:30+00:00,15.99,14.4192,17.08,17.08,17.08,0.56,18.64,14.1844
2026-04-19T00:00:00+00:00,16.01,14.3993,17.08,17.08,17.08,0.58,18.15,14.1653
2026-04-19T00:02:30+00:00,16.01,14.3794,16.95,16.95,16.95,0.52,17.6,14.1462
2026-04-19T00:05:00+00:00,15.91,14.3597,16.76,16.76,16.76,0.45,16.44,14.1271
2026-04-19T00:07:30+00:00,15.89,14.3399,16.22,16.22,16.22,0.28,16.08,14.1081
2026-04-19T00:10:00+00:00,15.87,14.3203,16.05,16.05,16.05,0.23,15.79,14.0892
2026-04-19T00:12:30+00:00,16.12,14.3007,15.9,15.9,15.9,0.19,17.4,14.0704
2026-04-19T00:15:00+00:00,16.13,14.2812,16.73,16.73,16.73,0.41,17.08,14.0516
2026-04-19T00:17:30+00:00,16.18,14.2617,16.62,16.62,16.62,0.36,17.1,14.0328
2026-04-19T00:20:00+00:00,16.26,14.2423,16.67,16.67,16.67,0.36,17.29,14.0141
2026-04-19T00:22:30+00:00,16.02,14.2229,16.81,16.81,16.81,0.39,15.28,13.9955
2026-04-19T00:25:00+00:00,16.08,14.2037,15.79,15.79,15.79,0.15,15.73,13.9769
2026-04-19T00:27:30+00:00,16.05,14.1844,15.99,15.99,15.99,0.18,15.56,13.9584
2026-04-19T00:30:00+00:00,15.69,14.1653,15.87,15.87,15.87,0.16,13.18,13.94
2026-04-19T00:32:30+00:00,15.81,14.1462,14.59,14.59,14.59,0.34,14.56,13.9216
2026-04-19T00:35:00+00:00,15.82,14.1271,15.2,15.2,15.2,0.18,15.03,13.9032
2026-04-19T00:37:30+00:00,15.52,14.1081,15.39,15.39,15.39,0.15,13.28,13.885
2026-04-19T00:40:00+00:00,15.4,14.0892,14.43,14.43,14.43,0.34,13.1,13.8667
2026-04-19T00:42:30+00:00,15.61,14.0704,14.24,14.24,14.24,0.36,15.19,13.8486
2026-04-19T00:45:00+00:00,15.62,14.0516,15.23,15.23,15.23,0.15,15.55,13.8305
2026-04-19T00:47:30+00:00,15.6,14.0328,15.41,15.41,15.41,0.17,15.6,13.8124
2026-04-19T00:50:00+00:00,15.84,14.0141,15.44,15.44,15.44,0.19,17.37,13.7944
2026-04-19T00:52:30+00:00,15.67,13.9955,16.37,16.37,16.37,0.42,15.9,13.7765
2026-04-19T00:55:00+00:00,15.47,13.9769,15.68,15.68,15.68,0.24,14.58,13.7586
2026-04-19T00:57:30+00:00,15.42,13.9584,14.99,14.99,14.99,0.17,14.5,13.7408
2026-04-19T01:00:00+00:00,15.25,13.94,14.91,14.91,14.91,0.17,13.71,13.723
2026-04-19T01:02:30+00:00,15.25,13.9216,14.45,14.45,14.45,0.23,14.17,13.7053
2026-04-19T01:05:00+00:00,14.77,13.9032,14.62,14.62,14.62,0.19,11.32,13.6876
2026-04-19T01:07:30+00:00,14.56,13.885,13.07,13.07,13.07,0.55,10.94,13.67
2026-04-19T01:10:00+00:00,14.69,13.8667,12.72,12.72,12.72,0.6,12.96,13.6525
2026-04-19T01:12:30+00:00,15.16,13.8486,13.62,13.62,13.62,0.31,16.82,13.635
2026-04-19T01:15:00+00:00,15.5,13.8305,15.59,15.59,15.59,0.41,18.92,13.6176
2026-04-19T01:17:30+00:00,15.5,13.8124,16.78,16.78,16.78,0.75,18.24,13.6002
2026-04-19T01:20:00+00:00,15.31,13.7944,16.59,16.59,16.59,0.67,16.33,13.5656
2026-04-19T01:22:30+00:00,15.54,13.7765,15.71,15.71,15.71,0.41,17.65,13.5484
2026-04-19T01:25:00+00:00,15.19,13.7586,16.45,16.45,16.45,0.6,14.7,13.5312
2026-04-19T01:27:30+00:00,15.11,13.7408,14.99,14.99,14.99,0.22,14.22,13.5141
2026-04-19T01:30:00+00:00,15.12,13.723,14.71,14.71,14.71,0.19,14.47,13.497
2026-04-19T01:32:30+00:00,15.3,13.7053,14.8,14.8,14.8,0.2,15.8,13.48
2026-04-19T01:35:00+00:00,15.66,13.6876,15.46,15.46,15.46,0.33,18.07,13.4631
2026-04-19T01:37:30+00:00,15.87,13.67,16.68,16.68,16.68,0.66,18.83,13.4462
2026-04-19T01:40:00+00:00,16.13,13.6525,17.19,17.19,17.19,0.78,19.71,13.4294
2026-04-19T01:42:30+00:00,16.03,13.635,17.79,17.79,17.79,0.92,17.96,13.4126
2026-04-19T01:45:00+00:00,15.46,13.6176,17.02,17.02,17.02,0.66,13.45,13.3958
2026-04-19T01:47:30+00:00,15.46,13.6002,14.73,14.73,14.73,0.21,13.72,13.3792
2026-04-19T01:52:30+00:00,15.82,13.5656,15.66,15.66,15.66,0.28,16.36,13.3625
2026-04-19T01:55:00+00:00,15.63,13.5484,16.06,16.06,16.06,0.37,14.88,13.3459
2026-04-19T01:57:30+00:00,15.38,13.5312,15.3,15.3,15.3,0.21,13.27,13.3294
2026-04-19T02:00:00+00:00,14.88,13.5141,14.41,14.41,14.41,0.26,10.47,13.3129
2026-04-19T02:02:30+00:00,14.64,13.497,12.83,12.83,12.83,0.65,10.17,13.2965
2026-04-19T02:05:00+00:00,14.65,13.48,12.39,12.39,12.39,0.73,11.38,13.2802
2026-04-19T02:07:30+00:00,14.48,13.4631,12.9,12.9,12.9,0.53,11.32,13.2638
2026-04-19T02:10:00+00:00,14.28,13.4462,12.72,12.72,12.72,0.53,11.1,13.2476
2026-04-19T02:12:30+00:00,14.45,13.4294,12.47,12.47,12.47,0.55,13.41,13.2314
2026-04-19T02:15:00+00:00,14.63,13.4126,13.55,13.55,13.55,0.24,15.23,13.2152
2026-04-19T02:17:30+00:00,14.99,13.3958,14.48,14.48,14.48,0.27,17.89,13.1991
2026-04-19T02:20:00+00:00,15.51,13.3792,15.92,15.92,15.92,0.66,20.71,13.183
2026-04-19T02:22:30+00:00,15.79,13.3625,17.64,17.64,17.64,1.15,21.35,13.167
2026-04-19T02:25:00+00:00,15.82,13.3459,18.25,18.25,18.25,1.28,20.14,13.151
2026-04-19T02:27:30+00:00,15.13,13.3294,17.86,17.86,17.86,1.11,14.34,13.1351
2026-04-19T02:30:00+00:00,14.81,13.3129,14.92,14.92,14.92,0.26,12.18,13.1193
2026-04-19T02:32:30+00:00,14.4,13.2965,13.74,13.74,13.74,0.29,9.88,13.1034
2026-04-19T02:35:00+00:00,14.47,13.2802,12.39,12.39,12.39,0.62,11.43,13.0877
2026-04-19T02:37:30+00:00,14.36,13.2638,12.99,12.99,12.99,0.42,11.5,13.072
2026-04-19T02:40:00+00:00,14.26,13.2476,12.89,12.89,12.89,0.42,11.71,13.0563
2026-04-19T02:42:30+00:00,14.42,13.2314,12.87,12.87,12.87,0.39,13.62,13.0407
2026-04-19T02:45:00+00:00,14.29,13.2152,13.76,13.76,13.76,0.21,13.16,13.0251
2026-04-19T02:47:30+00:00,14.19,13.1991,13.49,13.49,13.49,0.23,13.0,13.0096
2026-04-19T02:50:00+00:00,13.92,13.183,13.37,13.37,13.37,0.23,11.71,12.9941
2026-04-19T02:52:30+00:00,13.72,13.167,12.64,12.64,12.64,0.35,11.13,12.9787
2026-04-19T02:55:00+00:00,14.16,13.151,12.24,12.24,12.24,0.41,15.0,12.9634
2026-04-19T02:57:30+00:00,14.2,13.1351,14.17,14.17,14.17,0.34,15.34,12.948
2026-04-19T03:00:00+00:00,14.16,13.1193,14.4,14.4,14.4,0.41,15.03,12.9328
2026-04-19T03:02:30+00:00,14.46,13.1034,14.29,14.29,14.29,0.39,16.92,12.9175
2026-04-19T03:05:00+00:00,14.46,13.0877,15.34,15.34,15.34,0.67,16.42,12.9024
2026-04-19T03:07:30+00:00,14.38,13.072,15.19,15.19,15.19,0.61,15.43,12.8872
2026-04-19T03:10:00+00:00,14.32,13.0563,14.76,14.76,14.76,0.48,14.73,12.8721
2026-04-19T03:12:30+00:00,14.24,13.0407,14.44,14.44,14.44,0.39,14.04,12.8571
2026-04-19T03:15:00+00:00,14.18,13.0251,14.09,14.09,14.09,0.3,13.63,12.8421
2026-04-19T03:17:30+00:00,14.29,13.0096,13.86,13.86,13.86,0.26,14.48,12.8272
2026-04-19T03:20:00+00:00,14.25,12.9941,14.28,14.28,14.28,0.35,14.1,12.8123
2026-04-19T03:22:30+00:00,14.14,12.9787,14.09,14.09,14.09,0.3,13.44,12.7974
2026-04-19T03:25:00+00:00,14.02,12.9634,13.73,13.73,13.73,0.24,12.75,12.7826
2026-04-19T03:27:30+00:00,13.9,12.948,13.33,13.33,13.33,0.22,12.31,12.7679
2026-04-19T03:30:00+00:00,13.95,12.9328,13.04,13.04,13.04,0.24,13.1,12.7532
2026-04-19T03:32:30+00:00,13.98,12.9175,13.39,13.39,13.39,0.23,13.56,12.7385
2026-04-19T03:35:00+00:00,14.1,12.9024,13.59,13.59,13.59,0.25,14.57,12.7239
2026-04-19T03:37:30+00:00,14.56,12.8872,14.11,14.11,14.11,0.36,17.65,12.7093
2026-04-19T03:40:00+00:00,14.93,12.8721,15.75,15.75,15.75,0.8,19.37,12.6948
2026-04-19T03:42:30+00:00,14.66,12.8571,16.8,16.8,16.8,1.08,16.39,12.6803
2026-04-19T03:45:00+00:00,14.47,12.8421,15.44,15.44,15.44,0.64,14.53,12.6659
2026-04-19T03:47:30+00:00,14.2,12.8272,14.53,14.53,14.53,0.38,12.54,12.6515
2026-04-19T03:50:00+00:00,14.07,12.8123,13.48,13.48,13.48,0.22,11.95,12.6372
2026-04-19T03:52:30+00:00,14.08,12.7974,13.08,13.08,13.08,0.26,12.49,12.6229
2026-04-19T03:55:00+00:00,14.05,12.7826,13.27,13.27,13.27,0.23,12.67,12.6086
2026-04-19T03:57:30+00:00,14.22,12.7679,13.29,13.29,13.29,0.22,14.21,12.5944
2026-04-19T04:00:00+00:00,14.62,12.7532,14.03,14.03,14.03,0.3,16.9,12.5803
2026-04-19T04:02:30+00:00,15.01,12.7385,15.45,15.45,15.45,0.67,18.97,12.5661
2026-04-19T04:05:00+00:00,15.03,12.7239,16.65,16.65,16.65,0.99,18.09,12.5521
2026-04-19T04:07:30+00:00,14.91,12.7093,16.37,16.37,16.37,0.87,16.42,12.538
2026-04-19T04:10:00+00:00,15.04,12.6948,15.62,15.62,15.62,0.62,16.72,12.5241
2026-04-19T04:12:30+00:00,15.1,12.6803,15.84,15.84,15.84,0.66,16.46,12.5101
2026-04-19T04:15:00+00:00,15.02,12.6659,15.77,15.77,15.77,0.61,15.33,12.4962
2026-04-19T04:17:30+00:00,14.76,12.6515,15.23,15.23,15.23,0.44,13.28,12.4824
2026-04-19T04:20:00+00:00,14.22,12.6372,14.15,14.15,14.15,0.22,9.87,12.4686
2026-04-19T04:22:30+00:00,13.88,12.6229,12.28,12.28,12.28,0.57,8.73,12.4548
2026-04-19T04:25:00+00:00,13.93,12.6086,11.38,11.38,11.38,0.78,10.31,12.4411
2026-04-19T04:27:30+00:00,14.0,12.5944,12.06,12.06,12.06,0.54,11.86,12.4274
2026-04-19T04:30:00+00:00,13.66,12.5803,12.71,12.71,12.71,0.33,10.32,12.4137
2026-04-19T04:32:30+00:00,13.46,12.5661,11.82,11.82,11.82,0.53,10.12,12.4002
2026-04-19T04:35:00+00:00,13.82,12.5521,11.56,11.56,11.56,0.55,13.67,12.3866
2026-04-19T04:37:30+00:00,13.97,12.538,13.29,13.29,13.29,0.23,15.06,12.3731
2026-04-19T04:40:00+00:00,13.93,12.5241,14.03,14.03,14.03,0.38,14.82,12.3596
2026-04-19T04:42:30+00:00,13.92,12.5101,13.97,13.97,13.97,0.37,14.79,12.3462
2026-04-19T04:45:00+00:00,13.85,12.4962,14.0,14.0,14.0,0.39,14.27,12.3328
2026-04-19T04:47:30+00:00,13.84,12.4824,13.78,13.78,13.78,0.33,14.24,12.3195
2026-04-19T04:50:00+00:00,14.14,12.4686,13.79,13.79,13.79,0.34,16.22,12.3062
2026-04-19T04:52:30+00:00,14.23,12.4548,14.85,14.85,14.85,0.62,16.41,12.2929
2026-04-19T04:55:00+00:00,14.18,12.4411,15.05,15.05,15.05,0.66,15.48,12.2797
2026-04-19T04:57:30+00:00,14.35,12.4274,14.66,14.66,14.66,0.53,16.28,12.2666
2026-04-19T05:00:00+00:00,14.3,12.4137,15.14,15.14,15.14,0.65,15.33,12.2534
2026-04-19T05:02:30+00:00,14.25,12.4002,14.73,14.73,14.73,0.51,14.61,12.2403
2026-04-19T05:05:00+00:00,14.43,12.3866,14.39,14.39,14.39,0.4,15.62,12.2273
2026-04-19T05:07:30+00:00,14.57,12.3731,14.93,14.93,14.93,0.53,16.07,12.2143
2026-04-19T05:10:00+00:00,14.36,12.3596,15.22,15.22,15.22,0.59,14.15,12.2013
2026-04-19T05:12:30+00:00,14.06,12.3462,14.27,14.27,14.27,0.32,12.04,12.1884
2026-04-19T05:15:00+00:00,13.68,12.3328,13.15,13.15,13.15,0.23,9.93,12.1755
2026-04-19T05:17:30+00:00,13.53,12.3195,11.94,11.94,11.94,0.49,9.83,12.1627
2026-04-19T05:20:00+00:00,13.48,12.3062,11.71,11.71,11.71,0.52,10.47,12.1499
2026-04-19T05:22:30+00:00,13.51,12.2929,11.87,11.87,11.87,0.44,11.63,12.1371
2026-04-19T05:25:00+00:00,13.22,12.2797,12.35,12.35,12.35,0.29,10.35,12.1244
2026-04-19T05:27:30+00:00,13.14,12.2666,11.6,11.6,11.6,0.45,10.79,12.1117
2026-04-19T05:30:00+00:00,13.29,12.2534,11.71,11.71,11.71,0.38,12.63,12.099
2026-04-19T05:32:30+00:00,13.57,12.2403,12.58,12.58,12.58,0.2,15.0,12.0864
2026-04-19T05:35:00+00:00,13.92,12.2273,13.81,13.81,13.81,0.42,17.24,12.0739
2026-04-19T05:37:30+00:00,14.21,12.2143,15.07,15.07,15.07,0.78,18.52,12.0614
2026-04-19T05:40:00+00:00,14.15,12.2013,15.91,15.91,15.91,1.0,17.09,12.0489
2026-04-19T05:42:30+00:00,14.11,12.1884,15.35,15.35,15.35,0.8,16.01,12.0364
2026-04-19T05:45:00+00:00,13.79,12.1755,14.92,14.92,14.92,0.64,13.32,12.024
2026-04-19T05:47:30+00:00,13.32,12.1627,13.59,13.59,13.59,0.27,10.12,12.0117
2026-04-19T05:50:00+00:00,12.73,12.1499,11.87,11.87,11.87,0.39,7.08,11.9993
2026-04-19T05:52:30+00:00,12.4,12.1371,10.02,10.02,10.02,0.88,6.34,11.987
2026-04-19T05:55:00+00:00,12.3,12.1244,9.34,9.34,9.34,1.02,7.41,11.9748
2026-04-19T05:57:30+00:00,12.66,12.1117,9.64,9.64,9.64,0.87,11.24,11.9626
2026-04-19T06:00:00+00:00,13.07,12.099,11.5,11.5,11.5,0.29,14.73,11.9504
2026-04-19T06:02:30+00:00,13.49,12.0864,13.3,13.3,13.3,0.48,17.51,11.9383
2026-04-19T06:05:00+00:00,13.66,12.0739,14.85,14.85,14.85,0.92,17.88,11.9262
2026-04-19T06:07:30+00:00,14.22,12.0614,15.25,15.25,15.25,1.01,20.44,11.9141
2026-04-19T06:10:00+00:00,14.83,12.0489,16.91,16.91,16.91,1.46,22.77,11.9021
2026-04-19T06:12:30+00:00,15.16,12.0364,18.47,18.47,18.47,1.85,22.7,11.8901
2026-04-19T06:15:00+00:00,14.84,12.024,18.81,18.81,18.81,1.85,18.33,11.8782
2026-04-19T06:17:30+00:00,14.65,12.0117,16.78,16.78,16.78,1.15,15.74,11.8662
2026-04-19T06:20:00+00:00,14.41,11.9993,15.48,15.48,15.48,0.7,13.25,11.8544
2026-04-19T06:22:30+00:00,14.02,11.987,14.2,14.2,14.2,0.32,10.45,11.8425
2026-04-19T06:25:00+00:00,13.61,11.9748,12.65,12.65,12.65,0.34,8.42,11.8307
2026-04-19T06:27:30+00:00,13.36,11.9626,11.31,11.31,11.31,0.69,7.84,11.819
2026-04-19T06:30:00+00:00,13.61,11.9504,10.73,10.73,10.73,0.81,10.76,11.8073
2026-04-19T06:32:30+00:00,13.38,11.9383,12.1,12.1,12.1,0.39,10.05,11.7956
2026-04-19T06:35:00+00:00,13.14,11.9262,11.6,11.6,11.6,0.49,9.41,11.7839
2026-04-19T06:37:30+00:00,12.96,11.9141,11.11,11.11,11.11,0.58,9.43,11.7723
2026-04-19T06:40:00+00:00,12.85,11.9021,10.96,10.96,10.96,0.57,9.87,11.7607
2026-04-19T06:42:30+00:00,12.76,11.8901,11.04,11.04,11.04,0.5,10.37,11.7492
2026-04-19T06:45:00+00:00,12.65,11.8782,11.19,11.19,11.19,0.41,10.68,11.7377
2026-04-19T06:47:30+00:00,12.85,11.8662,11.26,11.26,11.26,0.35,12.92,11.7262
2026-04-19T06:50:00+00:00,12.88,11.8544,12.36,12.36,12.36,0.23,13.48,11.7148
2026-04-19T06:52:30+00:00,13.32,11.8425,12.68,12.68,12.68,0.29,16.62,11.7034
2026-04-19T06:55:00+00:00,13.66,11.8307,14.37,14.37,14.37,0.76,18.28,11.692
2026-04-19T06:57:30+00:00,14.08,11.819,15.41,15.41,15.41,1.04,19.87,11.6807
2026-04-19T07:00:00+00:00,14.03,11.8073,16.57,16.57,16.57,1.34,18.17,11.6694
2026-04-19T07:02:30+00:00,14.01,11.7956,15.85,15.85,15.85,1.06,16.83,11.6582
2026-04-19T07:05:00+00:00,13.63,11.7839,15.33,15.33,15.33,0.86,13.33,11.647
2026-04-19T07:07:30+00:00,12.84,11.7723,13.61,13.61,13.61,0.34,7.93,11.6358
2026-04-19T07:10:00+00:00,12.39,11.7607,10.66,10.66,10.66,0.65,6.08,11.6246
2026-04-19T07:12:30+00:00,12.43,11.7492,9.41,9.41,9.41,0.98,7.89,11.6135
2026-04-19T07:15:00+00:00,12.54,11.7377,10.08,10.08,10.08,0.73,9.76,11.6025
2026-04-19T07:17:30+00:00,12.81,11.7262,10.94,10.94,10.94,0.43,12.52,11.5914
2026-04-19T07:20:00+00:00,13.34,11.7148,12.27,12.27,12.27,0.2,16.39,11.5804
2026-04-19T07:22:30+00:00,13.51,11.7034,14.31,14.31,14.31,0.7,16.99,11.5694
2026-04-19T07:25:00+00:00,13.62,11.692,14.78,14.78,14.78,0.82,16.95,11.5585
2026-04-19T07:27:30+00:00,13.6,11.6807,14.93,14.93,14.93,0.83,15.99,11.5476
2026-04-19T07:30:00+00:00,13.31,11.6694,14.58,14.58,14.58,0.69,13.39,11.5367
2026-04-19T07:32:30+00:00,13.36,11.6582,13.31,13.31,13.31,0.32,13.54,11.5259
2026-04-19T07:35:00+00:00,13.4,11.647,13.39,13.39,13.39,0.32,13.64,11.5151
2026-04-19T07:37:30+00:00,13.55,11.6358,13.45,13.45,13.45,0.33,14.45,11.5043
2026-04-19T07:40:00+00:00,13.65,11.6246,13.88,13.88,13.88,0.43,14.8,11.4936
2026-04-19T07:42:30+00:00,13.49,11.6135,14.1,14.1,14.1,0.47,13.35,11.4829
2026-04-19T07:45:00+00:00,13.53,11.6025,13.39,13.39,13.39,0.27,13.52,11.4722
2026-04-19T07:47:30+00:00,13.89,11.5914,13.47,13.47,13.47,0.28,15.83,11.4616
2026-04-19T07:50:00+00:00,14.07,11.5804,14.68,14.68,14.68,0.6,16.47,11.451
2026-04-19T07:52:30+00:00,14.03,11.5694,15.1,15.1,15.1,0.69,15.4,11.4404
2026-04-19T07:55:00+00:00,13.77,11.5585,14.65,14.65,14.65,0.52,13.14,11.4299
2026-04-19T07:57:30+00:00,13.36,11.5476,13.52,13.52,13.52,0.21,10.36,11.4089
2026-04-19T08:00:00+00:00,13.22,11.5367,12.01,12.01,12.01,0.36,10.07,11.3985
2026-04-19T08:02:30+00:00,13.25,11.5259,11.71,11.71,11.71,0.42,11.01,11.3881
2026-04-19T08:05:00+00:00,13.23,11.5151,12.06,12.06,12.06,0.3,11.54,11.3288
2026-04-19T08:07:30+00:00,13.38,11.5043,12.24,12.24,12.24,0.24,13.07,11.1565
2026-04-19T08:10:00+00:00,13.41,11.4936,12.98,12.98,12.98,0.16,13.46,10.6916
2026-04-19T08:12:30+00:00,13.45,11.4829,13.17,13.17,13.17,0.19,13.87,9.5717
2026-04-19T08:15:00+00:00,13.49,11.4722,13.4,13.4,13.4,0.24,14.1,7.2945
2026-04-19T08:17:30+00:00,13.66,11.4616,13.55,13.55,13.55,0.28,15.18,5.483
2026-04-19T08:20:00+00:00,13.43,11.451,14.15,14.15,14.15,0.44,13.31,3.9633
2026-04-19T08:22:30+00:00,13.62,11.4404,13.23,13.23,13.23,0.19,14.61,2.675
2026-04-19T08:25:00+00:00,13.4,11.4299,13.92,13.92,13.92,0.36,12.89,2.2
2026-04-19T08:30:00+00:00,12.41,11.4089,11.69,11.69,11.69,0.37,7.24,2.2
2026-04-19T08:32:30+00:00,12.37,11.3985,9.84,9.84,9.84,0.88,8.36,2.2
2026-04-19T08:35:00+00:00,12.13,11.3881,10.2,10.2,10.2,0.72,8.05,2.2
2026-04-19T08:37:30+00:00,12.21,11.3288,2.2,2.2,2.2,2.75,9.8,2.2
2026-04-19T08:40:00+00:00,12.25,11.1565,2.2,2.2,2.2,2.83,11.05,2.2
2026-04-19T08:42:30+00:00,12.25,10.6916,2.2,2.2,2.2,2.86,11.78,2.2284
2026-04-19T08:45:00+00:00,11.98,9.5717,2.2,2.2,2.2,2.89,10.45,2.2331
2026-04-19T08:47:30+00:00,11.64,7.2945,2.2,2.2,2.2,2.78,8.86,2.2592
2026-04-19T08:50:00+00:00,11.08,5.483,2.2,2.2,2.2,2.62,6.35,2.3038
2026-04-19T08:52:30+00:00,9.87,3.9633,2.25,2.43,2.2,3.23,2.2,2.3646
2026-04-19T08:55:00+00:00,8.24,2.675,2.2,2.2,2.2,3.23,2.2,2.4397
2026-04-19T08:57:30+00:00,6.89,2.2,2.2,2.2,2.2,2.48,2.2,2.5276
2026-04-19T09:00:00+00:00,5.19,2.2,2.2,2.2,2.2,2.0,2.2,2.6267
2026-04-19T09:02:30+00:00,3.89,2.2,2.2,2.2,2.2,1.28,2.2,2.7358
2026-04-19T09:05:00+00:00,3.24,2.2,2.2,2.2,2.2,1.05,2.2,2.8537
2026-04-19T09:07:30+00:00,2.87,2.2,2.2,2.2,2.2,0.85,2.2,2.9794
2026-04-19T09:10:00+00:00,2.78,2.2,2.2,2.2,2.2,0.69,2.2,3.1117
2026-04-19T09:12:30+00:00,2.86,2.2284,2.2,2.2,2.2,0.7,2.2,3.2497
2026-04-19T09:15:00+00:00,3.19,2.2331,2.2,2.2,2.2,0.67,4.84,3.3927
2026-04-19T09:17:30+00:00,3.27,2.2592,2.2,2.2,2.2,0.7,7.06,3.5397
2026-04-19T09:20:00+00:00,3.34,2.3038,2.2,2.2,2.2,0.73,8.33,3.6901
2026-04-19T09:22:30+00:00,3.72,2.3646,2.2,2.2,2.2,0.79,10.88,4.0005
2026-04-19T09:25:00+00:00,4.19,2.4397,2.38,3.1,2.2,0.73,13.1,4.3151
2026-04-19T09:27:30+00:00,4.25,2.5276,2.52,3.39,2.2,0.85,11.9,4.6327
2026-04-19T09:30:00+00:00,4.01,2.6267,2.4,2.94,2.2,0.99,8.75,4.9523
2026-04-19T09:32:30+00:00,3.92,2.7358,2.23,2.34,2.2,0.92,7.15,5.2729
2026-04-19T09:35:00+00:00,4.18,2.8537,2.23,2.35,2.2,0.84,8.03,5.5938
2026-04-19T09:37:30+00:00,4.28,2.9794,2.37,3.02,2.2,0.96,7.63,5.9142
2026-04-19T09:40:00+00:00,4.03,3.1117,2.5,3.53,2.2,0.96,4.89,6.2333
2026-04-19T09:42:30+00:00,4.16,3.2497,2.21,2.23,2.2,0.86,5.23,6.5505
2026-04-19T09:45:00+00:00,4.46,3.3927,2.48,3.29,2.2,0.89,6.74,6.8653
2026-04-19T09:47:30+00:00,4.53,3.5397,2.66,3.73,2.2,0.93,6.37,7.1771
2026-04-19T09:50:00+00:00,4.73,3.6901,2.34,3.2,2.2,1.06,6.92,7.4855
2026-04-19T09:52:30+00:00,4.86,4.0005,2.65,4.01,2.2,1.02,6.96,7.79
2026-04-19T09:55:00+00:00,5.31,4.3151,2.95,5.18,2.2,1.13,9.1,8.0903
2026-04-19T09:57:30+00:00,5.34,4.6327,3.95,6.14,2.2,1.02,8.03,8.3861
2026-04-19T10:00:00+00:00,5.5,4.9523,3.21,5.02,2.2,1.08,8.03,8.6772
2026-04-19T10:02:30+00:00,5.7,5.2729,3.59,5.62,2.2,1.05,8.28,8.9628
2026-04-19T10:05:00+00:00,5.91,5.5938,4.2,6.46,2.2,1.02,8.63,9.2429
2026-04-19T10:07:30+00:00,6.24,5.9142,4.94,7.26,3.47,1.19,9.71,9.5173
2026-04-19T10:10:00+00:00,6.62,6.2333,5.71,8.23,2.82,1.0,10.76,9.7857
2026-04-19T10:12:30+00:00,6.72,6.5505,6.28,8.07,4.68,1.2,10.01,10.0482
2026-04-19T10:15:00+00:00,7.06,6.8653,5.89,8.4,4.04,1.08,10.76,10.3045
2026-04-19T10:17:30+00:00,7.57,7.1771,5.95,8.35,4.62,1.1,12.57,10.5541
2026-04-19T10:20:00+00:00,8.16,7.4855,7.2,10.03,5.02,1.2,14.53,10.797
2026-04-19T10:22:30+00:00,8.8,7.79,9.3,11.43,7.27,1.26,16.42,11.0332
2026-04-19T10:25:00+00:00,9.25,8.0903,11.04,13.48,8.9,1.46,16.65,11.2627
2026-04-19T10:27:30+00:00,9.47,8.3861,11.22,13.43,8.77,1.4,15.38,11.4854
2026-04-19T10:30:00+00:00,9.71,8.6772,11.43,12.95,9.86,1.33,14.47,11.7015
2026-04-19T10:32:30+00:00,10.09,8.9628,10.69,12.29,8.75,1.12,14.74,11.911
2026-04-19T10:35:00+00:00,10.32,9.2429,11.89,13.08,10.02,1.22,14.1,12.1139
2026-04-19T10:37:30+00:00,10.37,9.5173,10.96,13.16,8.71,1.03,12.65,12.3103
2026-04-19T10:40:00+00:00,10.66,9.7857,10.37,11.86,9.2,0.85,13.05,12.5003
2026-04-19T10:42:30+00:00,11.11,10.0482,11.5,13.59,8.36,0.9,14.37,12.684
2026-04-19T10:45:00+00:00,11.17,10.3045,11.99,13.43,10.03,0.94,13.28,12.8614
2026-04-19T10:47:30+00:00,11.52,10.5541,11.57,13.21,10.06,0.82,14.23,13.0326
2026-04-19T10:50:00+00:00,11.62,10.797,11.83,13.42,9.46,0.93,13.5,13.1978
2026-04-19T10:52:30+00:00,11.65,11.0332,11.77,13.52,9.94,0.82,12.49,13.3571
2026-04-19T10:55:00+00:00,11.57,11.2627,11.35,13.09,9.93,0.78,11.09,13.5105
2026-04-19T10:57:30+00:00,11.51,11.4854,10.56,12.52,8.03,0.84,10.23,13.6582
2026-04-19T11:00:00+00:00,11.4,11.7015,10.02,12.16,7.79,0.95,9.28,13.8003
2026-04-19T11:02:30+00:00,11.69,11.911,9.69,11.66,7.57,0.99,11.37,13.9369
2026-04-19T11:05:00+00:00,12.19,12.1139,10.91,13.21,8.95,0.8,14.49,14.0681
2026-04-19T11:07:30+00:00,12.6,12.3103,12.77,14.37,10.59,0.74,16.46,14.1933
2026-04-19T11:10:00+00:00,12.9,12.5003,13.94,15.72,12.23,0.84,17.0,14.3118
2026-04-19T11:12:30+00:00,13.24,12.684,14.3,16.19,12.42,0.83,17.84,14.4241
2026-04-19T11:15:00+00:00,13.18,12.8614,15.42,16.81,13.93,1.12,16.01,14.5305
2026-04-19T11:17:30+00:00,13.16,13.0326,14.32,15.98,12.96,0.88,14.64,14.6312
2026-04-19T11:20:00+00:00,13.12,13.1978,13.75,16.25,11.84,0.7,13.52,14.7265
2026-04-19T11:22:30+00:00,13.6,13.3571,13.12,14.44,11.8,0.67,16.14,14.8167
2026-04-19T11:25:00+00:00,14.27,13.5105,14.57,16.2,12.36,0.84,19.36,14.9021
2026-04-19T11:27:30+00:00,14.57,13.6582,16.82,18.3,15.39,1.3,19.6,14.9828
2026-04-19T11:30:00+00:00,14.99,13.8003,16.97,18.84,15.44,1.28,20.51,15.059
2026-04-19T11:32:30+00:00,14.99,13.9369,17.22,18.77,15.59,1.3,18.51,15.1311
2026-04-19T11:35:00+00:00,14.66,14.0681,16.46,18.55,15.0,1.04,14.92,15.1992
2026-04-19T11:37:30+00:00,14.75,14.1933,15.37,16.7,14.01,0.8,14.77,15.2635
2026-04-19T11:40:00+00:00,14.75,14.3118,15.2,17.44,13.64,0.73,14.19,15.3241
2026-04-19T11:42:30+00:00,14.94,14.4241,14.51,15.81,13.16,0.67,15.08,15.3812
2026-04-19T11:45:00+00:00,15.12,14.5305,15.01,17.03,13.68,0.68,15.85,15.435
2026-04-19T11:47:30+00:00,15.62,14.6312,15.72,17.47,14.28,0.74,18.62,15.4857
2026-04-19T11:50:00+00:00,15.85,14.7265,17.15,18.48,15.75,1.05,19.06,15.5333
2026-04-19T11:52:30+00:00,15.91,14.8167,17.28,19.01,16.01,1.07,18.27,15.5781
2026-04-19T11:55:00+00:00,15.74,14.9021,17.21,18.21,15.94,0.94,16.13,15.6201
2026-04-19T11:57:30+00:00,15.66,14.9828,15.98,17.31,14.76,0.7,15.11,15.6595
2026-04-19T12:00:00+00:00,15.49,15.059,15.56,16.72,14.06,0.62,13.72,15.6964
2026-04-19T12:02:30+00:00,15.68,15.1311,15.17,16.27,13.99,0.57,15.16,15.7308
2026-04-19T12:05:00+00:00,15.4,15.1992,15.67,16.93,14.63,0.6,13.24,15.763
2026-04-19T12:07:30+00:00,15.26,15.2635,14.39,15.74,13.26,0.57,12.65,15.6579
2026-04-19T12:10:00+00:00,15.31,15.3241,14.38,15.62,13.27,0.6,13.61,15.5553
2026-04-19T12:12:30+00:00,15.77,15.3812,17.42,18.3,16.29,0.57,17.07,15.4551
2026-04-19T12:15:00+00:00,16.17,15.435,18.9,20.04,17.62,0.7,19.49,15.3573
2026-04-19T12:17:30+00:00,16.46,15.4857,19.95,21.06,19.15,0.94,20.57,15.2618
2026-04-19T12:20:00+00:00,16.54,15.5333,20.59,21.77,19.47,1.08,19.95,15.1686
2026-04-19T12:22:30+00:00,16.74,15.5781,20.76,21.66,19.82,1.05,20.24,15.1464
2026-04-19T12:25:00+00:00,16.56,15.6201,20.92,21.98,19.98,1.05,17.85,15.1242
2026-04-19T12:27:30+00:00,16.54,15.6595,17.41,17.41,17.41,0.73,17.12,15.102
2026-04-19T12:30:00+00:00,16.54,15.6964,17.07,17.07,17.07,0.62,16.63,15.08
2026-04-19T12:32:30+00:00,16.56,15.7308,16.83,16.83,16.83,0.62,16.48,15.058
2026-04-19T12:35:00+00:00,16.77,15.763,16.74,16.74,16.74,0.55,17.65,15.0361
2026-04-19T12:37:30+00:00,16.67,15.6579,17.35,17.35,17.35,0.74,16.59,15.0143
2026-04-19T12:40:00+00:00,16.48,15.5553,16.82,16.82,16.82,0.6,15.08,14.9925
2026-04-19T12:42:30+00:00,16.6,15.4551,16.02,16.02,16.02,0.66,16.09,14.9708
2026-04-19T12:45:00+00:00,16.6,15.3573,16.48,16.48,16.48,0.52,16.14,14.9491
2026-04-19T12:47:30+00:00,16.56,15.2618,16.48,16.48,16.48,0.48,15.87,14.9061
2026-04-19T12:50:00+00:00,16.82,15.1686,16.32,16.32,16.32,0.42,17.74,14.8846
2026-04-19T12:52:30+00:00,16.87,15.1464,17.27,17.27,17.27,0.15,17.81,14.8633
2026-04-19T12:55:00+00:00,17.0,15.1242,17.34,17.34,17.34,0.16,18.4,14.842
2026-04-19T12:57:30+00:00,16.7,15.102,17.7,17.7,17.7,0.21,15.94,14.8207
2026-04-19T13:00:00+00:00,16.67,15.08,16.47,16.47,16.47,0.27,15.82,14.7996
2026-04-19T13:02:30+00:00,16.52,15.058,16.37,16.37,16.37,0.3,14.98,14.7393
2026-04-19T13:05:00+00:00,16.57,15.0361,15.88,15.88,15.88,0.43,15.67,14.5885
2026-04-19T13:07:30+00:00,16.42,15.0143,16.18,16.18,16.18,0.34,14.94,14.2034
2026-04-19T13:10:00+00:00,16.23,14.9925,15.75,15.75,15.75,0.45,14.12,13.2938
2026-04-19T13:12:30+00:00,16.1,14.9708,15.25,15.25,15.25,0.58,13.84,11.4579
2026-04-19T13:15:00+00:00,15.94,14.9491,15.01,15.01,15.01,0.62,13.45,8.5521
2026-04-19T13:20:00+00:00,15.49,14.9061,13.34,13.34,13.34,1.05,12.64,6.2454
2026-04-19T13:22:30+00:00,15.61,14.8846,13.98,13.98,13.98,0.81,14.44,4.2192
2026-04-19T13:25:00+00:00,15.76,14.8633,14.82,14.82,14.82,0.52,16.05,3.5394
2026-04-19T13:27:30+00:00,15.6,14.842,15.62,15.62,15.62,0.28,15.28,3.1469
2026-04-19T13:30:00+00:00,15.43,14.8207,15.25,15.25,15.25,0.36,14.45,2.9359
2026-04-19T13:32:30+00:00,15.11,14.7996,3.01,3.98,2.2,4.37,12.8,2.8284
2026-04-19T13:35:00+00:00,15.3,14.7393,2.37,2.91,2.2,4.32,14.91,2.7799
2026-04-19T13:37:30+00:00,15.61,14.5885,2.67,3.67,2.2,4.36,17.39,2.7673
2026-04-19T13:40:00+00:00,15.96,14.2034,2.9,4.33,2.2,4.41,19.44,2.7788
2026-04-19T13:42:30+00:00,16.07,13.2938,3.93,5.37,2.57,4.2,19.47,2.8083
2026-04-19T13:45:00+00:00,16.06,11.4579,3.59,5.0,2.2,4.27,18.55,2.8522
2026-04-19T13:47:30+00:00,15.56,8.5521,11.25,13.26,8.87,2.17,14.54,2.9082
2026-04-19T13:50:00+00:00,14.53,6.2454,9.19,11.54,6.89,2.87,8.02,2.9746
2026-04-19T13:52:30+00:00,13.15,4.2192,5.72,6.92,4.34,3.68,2.2,3.0503
2026-04-19T13:55:00+00:00,11.39,3.5394,2.83,3.59,2.2,4.62,2.2,3.1339
2026-04-19T13:57:30+00:00,9.19,3.1469,2.2,2.2,2.2,4.45,2.2,3.2246
2026-04-19T14:00:00+00:00,6.53,2.9359,2.2,2.2,2.2,3.67,2.2,3.3215
2026-04-19T14:02:30+00:00,4.05,2.8284,2.2,2.2,2.2,2.45,2.2,3.4237
2026-04-19T14:05:00+00:00,2.53,2.7799,2.2,2.2,2.2,1.37,2.2,3.5304
2026-04-19T14:07:30+00:00,1.16,2.7673,2.2,2.2,2.2,0.84,2.2,3.641
2026-04-19T14:10:00+00:00,-0.02,2.7788,2.2,2.2,2.2,0.49,2.2,3.7548
2026-04-19T14:12:30+00:00,-0.96,2.8083,2.2,2.2,2.2,0.26,2.2,3.9919
2026-04-19T14:15:00+00:00,-1.61,2.8522,2.2,2.2,2.2,0.06,2.2,4.2331
2026-04-19T14:17:30+00:00,-1.91,2.9082,2.2,2.2,2.2,0.01,2.2,4.4776
2026-04-19T14:20:00+00:00,-1.84,2.9746,2.2,2.2,2.2,0.0,2.2,4.7244
2026-04-19T14:22:30+00:00,-1.34,3.0503,2.2,2.2,2.2,0.0,3.3,4.9727
2026-04-19T14:25:00+00:00,-0.38,3.1339,2.2,2.2,2.2,0.03,11.43,5.2217
2026-04-19T14:27:30+00:00,1.08,3.2246,2.2,2.2,2.2,0.13,20.35,5.4708
2026-04-19T14:30:00+00:00,2.82,3.3215,4.76,6.71,3.01,1.5,28.53,5.7194
2026-04-19T14:32:30+00:00,4.37,3.4237,10.78,12.34,9.23,3.39,32.99,5.9668
2026-04-19T14:35:00+00:00,5.56,3.5304,14.69,16.8,12.82,4.38,33.5,6.2127
2026-04-19T14:37:30+00:00,6.38,3.641,16.56,18.15,15.03,4.64,30.97,6.4564
2026-04-19T14:40:00+00:00,7.06,3.7548,16.31,18.2,14.82,4.27,27.72,6.6977
2026-04-19T14:42:30+00:00,7.54,3.9919,16.06,17.52,14.36,3.82,23.74,6.9362
2026-04-19T14:45:00+00:00,7.79,4.2331,15.06,17.24,12.77,3.21,19.01,7.1715
2026-04-19T14:47:30+00:00,7.73,4.4776,13.67,15.42,12.03,2.5,13.5,7.4034
2026-04-19T14:50:00+00:00,7.34,4.7244,11.35,12.8,9.77,1.61,7.36,7.6316
2026-04-19T14:52:30+00:00,6.57,4.9727,7.54,9.27,5.02,1.08,2.2,7.856
2026-04-19T14:55:00+00:00,5.51,5.2217,4.11,5.69,2.93,1.54,2.2,8.0762
2026-04-19T14:57:30+00:00,5.12,5.4708,2.2,2.2,2.2,2.05,2.2,8.2922
2026-04-19T15:00:00+00:00,5.12,5.7194,2.2,2.2,2.2,1.97,2.2,8.5038
2026-04-19T15:02:30+00:00,5.34,5.9668,2.2,2.2,2.2,1.86,2.2,10.7123
2026-04-19T15:05:00+00:00,5.75,6.2127,2.48,3.4,2.2,1.72,2.76,12.2978
2026-04-19T15:07:30+00:00,5.98,6.4564,3.36,4.53,2.2,1.57,5.22,13.4006
2026-04-19T15:10:00+00:00,6.61,6.6977,4.33,7.06,3.0,1.26,9.86,14.1347
2026-04-19T15:12:30+00:00,7.07,6.9362,7.11,9.0,4.92,0.88,12.13,14.5843
2026-04-19T15:15:00+00:00,7.47,7.1715,8.61,10.3,6.04,0.86,13.44,14.8183
2026-04-19T15:17:30+00:00,8.07,7.4034,8.82,10.62,6.97,0.98,15.72,14.9073
2026-04-19T15:20:00+00:00,8.66,7.6316,10.78,12.61,8.91,1.25,17.35,14.8962
2026-04-19T15:22:30+00:00,9.12,7.856,11.71,13.54,9.79,1.39,17.71,14.8105
2026-04-19T15:25:00+00:00,9.24,8.0762,13.53,15.22,12.09,1.65,15.69,14.6758
2026-04-19T15:27:30+00:00,9.33,8.2922,12.5,14.61,10.93,1.31,13.85,14.5116
2026-04-19T15:30:00+00:00,9.25,8.5038,15.87,17.4,14.04,2.09,11.45,14.3325
2026-04-19T15:32:30+00:00,9.24,10.7123,14.65,16.34,12.49,1.69,10.0,14.1491
2026-04-19T15:35:00+00:00,9.58,12.2978,13.57,15.46,11.1,1.34,11.24,13.969
2026-04-19T15:37:30+00:00,10.72,13.4006,13.85,15.23,11.68,1.41,17.49,13.7976
2026-04-19T15:40:00+00:00,12.19,14.1347,16.88,19.16,14.45,2.09,24.62,13.6384
2026-04-19T15:42:30+00:00,13.74,14.5843,21.69,23.23,19.93,3.35,30.77,13.4935
2026-04-19T15:45:00+00:00,15.01,14.8183,25.2,26.67,23.78,4.16,33.6,13.364
2026-04-19T15:47:30+00:00,15.93,14.9073,26.55,28.24,25.02,4.26,33.45,13.2504
2026-04-19T15:50:00+00:00,16.56,14.8962,28.05,29.42,25.55,4.46,31.35,13.1522
2026-04-19T15:52:30+00:00,16.76,14.8105,26.78,28.27,25.21,3.73,26.91,13.0691
2026-04-19T15:55:00+00:00,16.61,14.6758,24.28,26.39,21.88,2.69,21.33,13.0002
2026-04-19T15:57:30+00:00,16.51,14.5116,22.14,24.43,20.12,1.9,17.36,12.9443
2026-04-19T16:00:00+00:00,16.1,14.3325,19.65,21.02,18.02,1.03,12.6,12.9005
2026-04-19T16:02:30+00:00,15.72,14.1491,17.75,19.16,16.1,0.8,9.26,12.8676
2026-04-19T16:05:00+00:00,15.33,13.969,15.38,17.2,13.66,0.93,7.19,12.8444
2026-04-19T16:07:30+00:00,14.89,13.7976,13.1,14.2,11.17,1.49,5.45,12.8298
2026-04-19T16:10:00+00:00,14.25,13.6384,11.62,13.13,10.25,1.86,3.12,12.8228
2026-04-19T16:12:30+00:00,13.84,13.4935,9.84,11.25,8.19,2.29,3.09,12.8224
2026-04-19T16:15:00+00:00,13.27,13.364,9.52,11.1,8.13,2.26,2.24,12.8276
2026-04-19T16:17:30+00:00,13.12,13.2504,8.41,9.75,6.87,2.45,4.45,12.8376
2026-04-19T16:20:00+00:00,13.15,13.1522,9.38,10.59,7.88,1.98,7.5,12.8517
2026-04-19T16:22:30+00:00,13.19,13.0691,10.27,11.82,8.66,1.58,9.98,12.8691
2026-04-19T16:25:00+00:00,13.29,13.0002,11.43,12.59,10.11,1.12,12.2,12.8891
2026-04-19T16:27:30+00:00,13.33,12.9443,13.18,14.3,11.88,0.62,13.51,12.9113
2026-04-19T16:30:00+00:00,13.18,12.9005,12.8,14.48,11.87,0.65,13.24,12.9351
2026-04-19T16:32:30+00:00,13.3,12.8676,13.47,15.12,11.8,0.51,14.63,12.9601
2026-04-19T16:35:00+00:00,13.3,12.8444,13.8,15.22,12.42,0.5,14.83,12.986
2026-04-19T16:37:30+00:00,13.38,12.8298,14.43,15.59,13.15,0.57,15.38,13.0123
2026-04-19T16:40:00+00:00,13.77,12.8228,14.42,15.91,12.89,0.58,17.79,13.0387
2026-04-19T16:42:30+00:00,13.85,12.8224,16.35,17.43,14.51,1.05,17.54,13.0651
2026-04-19T16:45:00+00:00,13.46,12.8276,15.75,16.94,14.38,0.87,14.06,13.0912
2026-04-19T16:47:30+00:00,13.38,12.8376,14.3,15.35,12.99,0.56,13.35,13.1169
2026-04-19T16:50:00+00:00,13.19,12.8517,14.08,15.27,12.48,0.52,12.02,13.1419
2026-04-19T16:52:30+00:00,12.47,12.8691,13.28,14.65,12.01,0.51,7.63,13.1662
2026-04-19T16:55:00+00:00,12.37,12.8891,10.72,12.23,9.13,0.98,8.27,13.1897
2026-04-19T16:57:30+00:00,12.33,12.9113,11.0,12.19,9.7,0.87,9.1,13.2122
2026-04-19T17:00:00+00:00,12.49,12.9351,10.98,12.37,9.55,0.82,11.23,13.2337
2026-04-19T17:02:30+00:00,12.74,12.9601,11.9,13.03,10.9,0.6,13.49,13.2542
2026-04-19T17:05:00+00:00,13.17,12.986,13.16,14.32,11.88,0.51,16.43,13.1603
2026-04-19T17:07:30+00:00,13.35,13.0123,16.91,17.92,16.01,0.74,17.01,13.0693
2026-04-19T17:10:00+00:00,13.42,13.0387,17.36,18.66,16.35,0.83,16.67,12.9809
2026-04-19T17:12:30+00:00,13.32,13.0651,17.58,18.47,16.39,0.85,15.19,12.8951
2026-04-19T17:15:00+00:00,13.22,13.0912,16.76,17.44,16.07,0.65,13.95,12.8118
2026-04-19T17:17:30+00:00,13.46,13.1169,16.19,17.23,15.18,0.57,15.17,12.7309
2026-04-19T17:20:00+00:00,13.5,13.1419,16.21,16.87,15.6,0.54,14.89,12.7145
2026-04-19T17:22:30+00:00,13.69,13.1662,14.43,14.45,14.41,0.59,15.63,12.6983
2026-04-19T17:25:00+00:00,13.57,13.1897,14.88,14.9,14.87,0.62,14.13,12.6824
2026-04-19T17:27:30+00:00,13.57,13.2122,14.17,14.18,14.16,0.49,13.79,12.6668
2026-04-19T17:30:00+00:00,13.21,13.2337,14.0,14.02,14.0,0.5,11.13,12.6514
2026-04-19T17:32:30+00:00,13.03,13.2542,12.6,12.61,12.59,0.75,10.33,12.6361
2026-04-19T17:35:00+00:00,13.04,13.1603,12.08,12.09,12.07,0.86,10.98,12.621
2026-04-19T17:37:30+00:00,12.94,13.0693,12.29,12.3,12.28,0.79,10.82,12.6061
2026-04-19T17:40:00+00:00,12.73,12.9809,12.11,12.11,12.1,0.79,10.04,12.5914
2026-04-19T17:42:30+00:00,12.58,12.8951,11.6,11.61,11.6,0.9,9.81,12.5767
2026-04-19T17:45:00+00:00,12.89,12.8118,11.36,11.37,11.36,0.92,12.77,12.5622
2026-04-19T17:47:30+00:00,13.49,12.7309,12.8,12.81,12.8,0.42,17.0,12.5478
2026-04-19T17:50:00+00:00,13.6,12.7145,15.03,15.03,15.03,0.4,17.03,12.5334
2026-04-19T17:52:30+00:00,13.51,12.6983,15.22,15.22,15.21,0.43,15.62,12.5192
2026-04-19T17:55:00+00:00,13.64,12.6824,14.64,14.64,14.63,0.28,15.88,12.505
2026-04-19T17:57:30+00:00,13.34,12.6668,14.87,14.87,14.86,0.31,13.26,12.4909
2026-04-19T18:00:00+00:00,13.08,12.6514,13.57,13.57,13.57,0.26,11.36,12.4769
2026-04-19T18:02:30+00:00,12.6,12.6361,12.56,12.56,12.56,0.52,8.49,12.463
2026-04-19T18:05:00+00:00,12.47,12.621,10.96,10.96,10.96,0.96,8.65,12.4491
2026-04-19T18:07:30+00:00,12.36,12.6061,10.85,10.86,10.85,0.96,8.93,12.4353
2026-04-19T18:10:00+00:00,12.31,12.5914,10.82,10.83,10.82,0.92,9.64,12.4216
2026-04-19T18:12:30+00:00,12.42,12.5767,11.05,11.05,11.05,0.81,11.32,12.4079
2026-04-19T18:15:00+00:00,12.37,12.5622,11.82,11.82,11.82,0.54,11.55,12.3942
2026-04-19T18:17:30+00:00,12.46,12.5478,11.9,11.9,11.9,0.49,12.61,12.3806
2026-04-19T18:20:00+00:00,12.63,12.5334,12.43,12.43,12.43,0.33,13.97,12.3671
2026-04-19T18:22:30+00:00,12.67,12.5192,13.17,13.17,13.17,0.19,14.11,12.3536
2026-04-19T18:25:00+00:00,13.1,12.505,13.31,13.31,13.31,0.19,16.73,12.3401
2026-04-19T18:27:30+00:00,13.34,12.4909,14.76,14.76,14.76,0.48,17.48,12.3268
2026-04-19T18:30:00+00:00,13.32,12.4769,15.33,15.33,15.33,0.6,16.3,12.3134
2026-04-19T18:32:30+00:00,13.43,12.463,14.9,14.9,14.9,0.44,16.09,12.3001
2026-04-19T18:35:00+00:00,13.28,12.4491,14.93,14.93,14.92,0.41,14.2,12.2868
2026-04-19T18:37:30+00:00,13.26,12.4353,14.04,14.04,14.04,0.19,13.63,12.2736
2026-04-19T18:40:00+00:00,13.13,12.4216,13.78,13.78,13.78,0.18,12.44,12.2071
2026-04-19T18:42:30+00:00,12.94,12.4079,13.15,13.15,13.15,0.3,11.09,12.0175
2026-04-19T18:45:00+00:00,12.97,12.3942,12.4,12.4,12.4,0.5,11.62,11.509
2026-04-19T18:47:30+00:00,13.01,12.3806,12.59,12.59,12.59,0.44,12.16,10.2868
2026-04-19T18:50:00+00:00,13.09,12.3671,12.81,12.81,12.81,0.37,12.87,7.8042
2026-04-19T18:52:30+00:00,13.11,12.3536,13.14,13.14,13.14,0.28,13.06,5.8305
2026-04-19T18:55:00+00:00,13.07,12.3401,13.23,13.23,13.23,0.26,12.77,4.1418
2026-04-19T18:57:30+00:00,12.73,12.3268,13.07,13.07,13.07,0.29,10.6,2.7035
2026-04-19T19:00:00+00:00,12.54,12.3134,11.92,11.92,11.92,0.6,9.91,2.2
2026-04-19T19:02:30+00:00,12.39,12.3001,11.45,11.45,11.45,0.71,9.64,2.2
2026-04-19T19:05:00+00:00,12.47,12.2868,11.19,11.19,11.19,0.75,10.98,2.2
2026-04-19T19:07:30+00:00,12.43,12.2736,2.2,2.2,2.2,3.25,11.27,2.2
2026-04-19T19:10:00+00:00,12.34,12.2071,2.2,2.2,2.2,3.18,11.17,2.2
2026-04-19T19:12:30+00:00,12.72,12.0175,2.2,2.2,2.2,3.26,14.21,2.2
2026-04-19T19:15:00+00:00,12.85,11.509,2.2,2.2,2.2,3.4,14.92,2.2113
2026-04-19T19:17:30+00:00,12.66,10.2868,2.2,2.2,2.2,3.48,13.23,2.2528
2026-04-19T19:20:00+00:00,12.19,7.8042,2.2,2.2,2.2,3.41,9.99,2.2692
2026-04-19T19:22:30+00:00,11.31,5.8305,2.88,4.14,2.2,3.75,4.94,2.3071
2026-04-19T19:25:00+00:00,9.92,4.1418,2.2,2.2,2.2,4.04,2.2,2.364
2026-04-19T19:27:30+00:00,8.19,2.7035,2.2,2.2,2.2,3.53,2.2,2.4377
2026-04-19T19:30:00+00:00,6.07,2.2,2.2,2.2,2.2,2.93,2.2,2.5263
2026-04-19T19:32:30+00:00,4.43,2.2,2.2,2.2,2.2,2.05,2.2,2.6284
2026-04-19T19:35:00+00:00,3.08,2.2,2.2,2.2,2.2,1.41,2.2,2.7423
2026-04-19T19:37:30+00:00,2.28,2.2,2.2,2.2,2.2,1.04,2.2,2.8667
2026-04-19T19:40:00+00:00,1.7,2.2,2.2,2.2,2.2,0.71,2.2,3.0003
2026-04-19T19:42:30+00:00,1.38,2.2,2.2,2.2,2.2,0.67,2.2,3.142
2026-04-19T19:45:00+00:00,1.38,2.2113,2.2,2.2,2.2,0.53,2.2,3.2907
2026-04-19T19:47:30+00:00,1.73,2.2528,2.2,2.2,2.2,0.43,2.29,3.4454
2026-04-19T19:50:00+00:00,2.21,2.2692,2.2,2.2,2.2,0.69,7.78,3.6052
2026-04-19T19:52:30+00:00,2.89,2.3071,2.2,2.2,2.2,0.82,12.84,3.9374
2026-04-19T19:55:00+00:00,3.5,2.364,2.2,2.2,2.2,0.9,15.94,4.2765
2026-04-19T19:57:30+00:00,3.69,2.4377,2.82,4.04,2.2,0.98,15.1,4.6211
2026-04-19T20:00:00+00:00,3.66,2.5263,2.42,3.31,2.2,1.14,12.68,4.97
2026-04-19T20:02:30+00:00,3.43,2.6284,2.5,3.59,2.2,1.11,9.13,5.3218
2026-04-19T20:05:00+00:00,3.44,2.7423,2.27,2.67,2.2,1.04,7.67,5.6756
2026-04-19T20:07:30+00:00,3.34,2.8667,2.23,2.33,2.2,1.09,5.9,6.0303
2026-04-19T20:10:00+00:00,3.15,3.0003,2.2,2.2,2.2,1.11,3.69,6.385
2026-04-19T20:12:30+00:00,3.31,3.142,2.2,2.2,2.2,1.06,4.32,6.7389
2026-04-19T20:15:00+00:00,3.56,3.2907,2.2,2.2,2.2,1.08,5.41,7.0912
2026-04-19T20:17:30+00:00,3.83,3.4454,2.2,2.2,2.2,1.08,6.5,7.4414
2026-04-19T20:20:00+00:00,4.17,3.6052,2.31,2.67,2.2,1.17,7.85,7.7886
2026-04-19T20:22:30+00:00,4.3,3.9374,2.44,3.26,2.2,1.2,7.46,8.1326
2026-04-19T20:25:00+00:00,4.43,4.2765,2.34,2.89,2.2,1.23,7.15,8.4726
2026-04-19T20:27:30+00:00,4.28,4.6211,2.38,3.38,2.2,1.25,5.04,8.8083
2026-04-19T20:30:00+00:00,4.46,4.97,2.22,2.35,2.2,1.3,5.6,9.1389
2026-04-19T20:32:30+00:00,4.43,5.3218,2.35,3.2,2.2,1.27,4.73,9.4641
2026-04-19T20:35:00+00:00,5.05,5.6756,2.24,2.38,2.2,1.29,8.47,9.7837
2026-04-19T20:37:30+00:00,5.33,6.0303,3.64,5.85,2.2,1.24,8.95,10.0973
2026-04-19T20:40:00+00:00,5.76,6.385,4.18,6.46,2.69,1.26,10.46,10.4045
2026-04-19T20:42:30+00:00,6.16,6.7389,4.91,7.16,2.92,1.27,11.45,10.7048
2026-04-19T20:45:00+00:00,6.73,7.0912,5.74,8.12,3.32,1.26,13.28,10.9981
2026-04-19T20:47:30+00:00,7.27,7.4414,7.5,10.41,5.3,1.31,14.55,11.2842
2026-04-19T20:50:00+00:00,7.48,7.7886,8.1,10.58,4.96,1.41,13.34,11.563
2026-04-19T20:52:30+00:00,7.66,8.1326,8.0,9.53,5.71,1.4,12.26,11.8345
2026-04-19T20:55:00+00:00,8.03,8.4726,7.44,9.57,5.36,1.35,12.63,12.0987
2026-04-19T20:57:30+00:00,8.3,8.8083,8.68,11.56,5.69,1.31,12.32,12.3555
2026-04-19T21:00:00+00:00,8.89,9.1389,9.08,11.72,6.45,1.14,14.29,12.605
2026-04-19T21:02:30+00:00,9.45,9.4641,9.61,12.09,7.95,1.26,15.67,12.8471
2026-04-19T21:05:00+00:00,9.99,9.7837,11.12,13.36,9.21,1.35,16.71,13.0819
2026-04-19T21:07:30+00:00,10.93,10.0973,11.95,14.46,9.91,1.4,20.09,13.3095
2026-04-19T21:10:00+00:00,11.63,10.4045,14.0,15.76,12.33,1.67,21.28,13.53
2026-04-19T21:12:30+00:00,11.88,10.7048,15.01,17.25,12.44,1.8,19.32,13.7433
2026-04-19T21:15:00+00:00,12.16,10.9981,14.67,16.71,12.98,1.6,17.97,13.9496
2026-04-19T21:17:30+00:00,12.13,11.2842,13.94,15.6,12.88,1.26,15.05,14.1489
2026-04-19T21:20:00+00:00,11.89,11.563,13.26,14.99,10.56,1.02,11.59,14.3386
2026-04-19T21:22:30+00:00,12.09,11.8345,11.37,13.75,9.52,0.97,11.79,14.5181
2026-04-19T21:25:00+00:00,12.28,12.0987,11.76,12.75,10.17,0.89,12.15,14.6881
2026-04-19T21:27:30+00:00,12.7,12.3555,10.82,13.14,9.01,1.14,14.11,14.8489
2026-04-19T21:30:00+00:00,12.88,12.605,12.95,15.13,10.67,0.92,14.19,15.0012
2026-04-19T21:32:30+00:00,13.03,12.8471,12.89,14.9,10.57,0.89,14.2,15.1454
2026-04-19T21:35:00+00:00,13.21,13.0819,13.78,15.48,11.92,0.84,14.5,15.2818
2026-04-19T21:37:30+00:00,13.24,13.3095,13.05,14.88,11.41,0.85,13.81,15.411
2026-04-19T21:40:00+00:00,13.54,13.53,13.04,14.93,10.9,0.82,15.11,15.5333
2026-04-19T21:42:30+00:00,13.56,13.7433,14.33,16.18,12.39,0.79,14.4,15.6491
2026-04-19T21:45:00+00:00,13.52,13.9496,13.09,14.88,11.6,0.84,13.47,15.7587
2026-04-19T21:47:30+00:00,13.55,14.1489,13.18,14.85,11.65,0.8,13.27,15.8624
2026-04-19T21:50:00+00:00,13.93,14.3386,12.78,13.98,11.21,0.85,15.57,15.9605
2026-04-19T21:52:30+00:00,14.5,14.5181,14.01,16.09,11.84,0.79,18.52,16.0533
2026-04-19T21:55:00+00:00,15.09,14.6881,15.68,18.01,14.18,0.93,20.97,16.1411
2026-04-19T21:57:30+00:00,15.13,14.8489,17.31,19.09,15.72,1.29,19.4,16.2241
2026-04-19T22:00:00+00:00,15.49,15.0012,17.2,18.58,15.53,1.22,20.15,16.3025
2026-04-19T22:02:30+00:00,15.33,15.1454,17.64,19.03,16.03,1.26,17.51,16.3767
2026-04-19T22:05:00+00:00,15.87,15.2818,16.04,18.14,14.28,0.93,19.75,16.4467
2026-04-19T22:07:30+00:00,16.32,15.411,18.12,19.29,16.49,1.33,21.15,16.5129
2026-04-19T22:10:00+00:00,16.84,15.5333,18.26,19.83,16.86,1.31,22.69,16.5754
2026-04-19T22:12:30+00:00,16.83,15.6491,19.67,21.53,18.24,1.6,20.45,16.6344
2026-04-19T22:15:00+00:00,16.83,15.7587,18.91,20.46,17.53,1.34,18.95,16.6901
2026-04-19T22:17:30+00:00,16.9,15.8624,18.43,20.28,16.44,1.15,18.13,16.7426
2026-04-19T22:20:00+00:00,16.97,15.9605,18.32,19.4,16.83,1.05,17.55,16.7921
2026-04-19T22:22:30+00:00,16.9,16.0533,17.7,18.92,15.74,0.9,16.33,16.8387
2026-04-19T22:25:00+00:00,16.63,16.1411,17.24,18.62,15.64,0.72,14.15,16.8825
2026-04-19T22:27:30+00:00,16.69,16.2241,15.47,17.22,13.9,0.65,14.71,16.9238
2026-04-19T22:30:00+00:00,16.66,16.3025,15.8,17.51,14.47,0.63,14.67,16.9625
2026-04-19T22:32:30+00:00,16.66,16.3767,15.96,17.6,14.44,0.58,14.96,16.9988
2026-04-19T22:35:00+00:00,16.91,16.4467,15.75,16.94,14.41,0.61,16.91,17.0328
2026-04-19T22:37:30+00:00,17.38,16.5129,17.46,18.25,16.38,0.75,19.97,17.0646
2026-04-19T22:40:00+00:00,17.55,16.5754,18.34,20.06,17.02,0.96,20.38,16.9533
2026-04-19T22:42:30+00:00,17.53,16.6344,21.89,22.77,20.5,1.06,19.38,16.8444
2026-04-19T22:45:00+00:00,17.27,16.6901,20.92,22.31,20.0,0.85,16.99,16.738
2026-04-19T22:47:30+00:00,17.27,16.7426,20.64,21.72,19.49,0.79,16.87,16.6338
2026-04-19T22:50:00+00:00,17.24,16.7921,19.87,21.19,18.6,0.64,16.61,16.532
2026-04-19T22:52:30+00:00,16.63,16.8387,19.37,20.75,18.37,0.57,12.51,16.4324
2026-04-19T22:55:00+00:00,16.63,16.8825,17.15,18.51,16.19,0.75,13.5,16.4062
2026-04-19T22:57:30+00:00,17.03,16.9238,15.27,15.27,15.27,0.73,16.98,16.3801
2026-04-19T23:00:00+00:00,17.27,16.9625,16.96,16.96,16.96,0.72,18.73,16.354
2026-04-19T23:02:30+00:00,17.48,16.9988,17.88,17.88,17.88,0.78,19.83,16.328
2026-04-19T23:05:00+00:00,17.74,17.0328,18.53,18.53,18.53,0.77,20.98,16.3021
2026-04-19T23:07:30+00:00,17.66,17.0646,19.24,19.24,19.24,1.05,19.59,16.2763
2026-04-19T23:10:00+00:00,17.65,16.9533,18.66,18.66,18.66,0.77,18.96,16.2506
2026-04-19T23:12:30+00:00,17.6,16.8444,18.41,18.41,18.41,0.69,18.12,16.2249
2026-04-19T23:15:00+00:00,17.38,16.738,18.02,18.02,18.02,0.63,16.37,16.1738
2026-04-19T23:17:30+00:00,17.23,16.6338,17.11,17.11,17.11,0.57,15.44,16.1484
2026-04-19T23:20:00+00:00,17.06,16.532,16.57,16.57,16.57,0.48,14.69,16.1231
2026-04-19T23:22:30+00:00,16.79,16.4324,16.09,16.09,16.09,0.39,13.43,16.0978
2026-04-19T23:25:00+00:00,16.44,16.4062,15.31,15.31,15.31,0.59,12.14,16.0726
2026-04-19T23:27:30+00:00,16.31,16.3801,14.39,14.39,14.39,0.82,12.39,16.0475
2026-04-19T23:30:00+00:00,16.18,16.354,14.4,14.4,14.4,0.76,12.74,16.0225
2026-04-19T23:32:30+00:00,16.49,16.328,14.41,14.41,14.41,0.7,15.97,15.9975
2026-04-19T23:35:00+00:00,16.67,16.3021,15.96,15.96,15.96,0.19,17.69,15.9727
2026-04-19T23:37:30+00:00,16.9,16.2763,16.86,16.86,16.86,0.14,19.26,15.9479
2026-04-19T23:40:00+00:00,16.75,16.2506,17.75,17.75,17.75,0.41,17.89,15.9232
2026-04-19T23:42:30+00:00,16.67,16.2249,17.14,17.14,17.14,0.23,17.21,15.8985
2026-04-19T23:47:30+00:00,16.17,16.1738,15.99,15.99,15.99,0.15,14.14,15.874
2026-04-19T23:50:00+00:00,16.08,16.1484,15.22,15.22,15.22,0.35,14.12,15.8495
2026-04-19T23:52:30+00:00,15.9,16.1231,15.11,15.11,15.11,0.35,13.54,15.8251
2026-04-19T23:55:00+00:00,16.03,16.0978,14.72,14.72,14.72,0.44,15.21,15.8008
2026-04-19T23:57:30+00:00,16.06,16.0726,15.5,15.5,15.5,0.18,15.82,15.7765
2026-04-20T00:00:00+00:00,16.02,16.0475,15.78,15.78,15.78,0.12,15.76,15.7524
2026-04-20T00:02:30+00:00,16.22,16.0225,15.74,15.74,15.74,0.12,17.36,15.7283
2026-04-20T00:05:00+00:00,16.47,15.9975,16.58,16.58,16.58,0.28,18.88,15.7042
2026-04-20T00:07:30+00:00,16.43,15.9727,17.44,17.44,17.44,0.52,18.15,15.6803
2026-04-20T00:10:00+00:00,16.4,15.9479,17.17,17.17,17.17,0.43,17.54,15.6564
2026-04-20T00:12:30+00:00,16.37,15.9232,16.93,16.93,16.93,0.35,17.01,15.6326
2026-04-20T00:15:00+00:00,16.51,15.8985,16.7,16.7,16.7,0.28,17.7,15.6089
2026-04-20T00:17:30+00:00,16.43,15.874,17.09,17.09,17.09,0.38,16.79,15.5853
2026-04-20T00:20:00+00:00,16.54,15.8495,16.66,16.66,16.66,0.25,17.36,15.5617
2026-04-20T00:22:30+00:00,16.86,15.8251,16.97,16.97,16.97,0.33,19.2,15.5382
2026-04-20T00:25:00+00:00,17.08,15.8008,17.97,17.97,17.97,0.6,19.98,15.5148
2026-04-20T00:27:30+00:00,17.13,15.7765,18.49,18.49,18.49,0.72,19.4,15.4914
2026-04-20T00:30:00+00:00,16.85,15.7524,18.31,18.31,18.31,0.64,16.74,15.4682
2026-04-20T00:32:30+00:00,16.72,15.7283,17.0,17.0,17.0,0.24,15.68,15.445
2026-04-20T00:35:00+00:00,16.5,15.7042,16.42,16.42,16.42,0.14,14.27,15.4218
2026-04-20T00:37:30+00:00,16.13,15.6803,15.62,15.62,15.62,0.27,12.25,15.3988
2026-04-20T00:40:00+00:00,16.01,15.6564,14.45,14.45,14.45,0.58,12.38,15.3758
2026-04-20T00:42:30+00:00,16.17,15.6326,14.33,14.33,14.33,0.57,14.41,15.3529
2026-04-20T00:45:00+00:00,16.14,15.6089,15.23,15.23,15.23,0.28,14.81,15.33
2026-04-20T00:47:30+00:00,16.14,15.5853,15.37,15.37,15.37,0.23,15.3,15.3073
2026-04-20T00:50:00+00:00,16.14,15.5617,15.57,15.57,15.57,0.17,15.69,15.2846
2026-04-20T00:52:30+00:00,16.05,15.5382,15.75,15.75,15.75,0.16,15.44,15.2619
2026-04-20T00:55:00+00:00,16.4,15.5148,15.59,15.59,15.59,0.16,18.1,15.2394
2026-04-20T00:57:30+00:00,16.66,15.4914,16.97,16.97,16.97,0.43,19.54,15.2169
2026-04-20T01:00:00+00:00,16.78,15.4682,17.82,17.82,17.82,0.67,19.69,15.1945
2026-04-20T01:02:30+00:00,16.8,15.445,18.03,18.03,18.03,0.71,19.05,15.1722
2026-04-20T01:05:00+00:00,16.63,15.4218,17.83,17.83,17.83,0.62,17.29,15.1499
2026-04-20T01:07:30+00:00,16.6,15.3988,17.0,17.0,17.0,0.37,16.79,15.1277
2026-04-20T01:10:00+00:00,16.16,15.3758,16.76,16.76,16.76,0.3,13.69,15.1056
2026-04-20T01:12:30+00:00,16.0,15.3529,15.13,15.13,15.13,0.3,13.11,15.0835
2026-04-20T01:15:00+00:00,15.75,15.33,14.71,14.71,14.71,0.4,12.15,15.0615
2026-04-20T01:17:30+00:00,15.6,15.3073,14.06,14.06,14.06,0.55,12.1,15.0396
2026-04-20T01:20:00+00:00,15.53,15.2846,13.87,13.87,13.87,0.56,12.72,15.0177
2026-04-20T01:22:30+00:00,15.87,15.2619,14.04,14.04,14.04,0.47,15.9,14.9959
2026-04-20T01:25:00+00:00,15.87,15.2394,15.59,15.59,15.59,0.19,16.17,14.9742
2026-04-20T01:27:30+00:00,15.84,15.2169,15.75,15.75,15.75,0.23,16.09,14.9526
2026-04-20T01:30:00+00:00,15.81,15.1945,15.72,15.72,15.72,0.23,16.02,14.931
2026-04-20T01:32:30+00:00,15.74,15.1722,15.71,15.71,15.71,0.24,15.65,14.9095
2026-04-20T01:35:00+00:00,15.66,15.1499,15.52,15.52,15.52,0.22,15.3,14.888
2026-04-20T01:37:30+00:00,15.92,15.1277,15.34,15.34,15.34,0.2,17.25,14.8667
2026-04-20T01:40:00+00:00,15.86,15.1056,16.36,16.36,16.36,0.43,16.62,14.8454
2026-04-20T01:42:30+00:00,15.57,15.0835,16.09,16.09,16.09,0.35,14.51,14.8241
2026-04-20T01:45:00+00:00,15.72,15.0615,15.02,15.02,15.02,0.19,15.78,14.8029
2026-04-20T01:47:30+00:00,15.86,15.0396,15.63,15.63,15.63,0.26,16.78,14.7818
2026-04-20T01:50:00+00:00,16.15,15.0177,16.16,16.16,16.16,0.39,18.54,14.7608
2026-04-20T01:52:30+00:00,16.31,14.9959,17.13,17.13,17.13,0.66,19.0,14.7398
2026-04-20T01:55:00+00:00,16.63,14.9742,17.49,17.49,17.49,0.74,20.39,14.7189
2026-04-20T01:57:30+00:00,16.65,14.9526,18.34,18.34,18.34,0.95,19.44,14.6981
2026-04-20T02:00:00+00:00,16.69,14.931,18.0,18.0,18.0,0.81,18.79,14.6773
2026-04-20T02:02:30+00:00,16.46,14.9095,17.78,17.78,17.78,0.71,16.46,14.6566
2026-04-20T02:05:00+00:00,16.28,14.888,16.64,16.64,16.64,0.36,14.94,14.6359
2026-04-20T02:07:30+00:00,16.13,14.8667,15.83,15.83,15.83,0.21,14.07,14.6153
2026-04-20T02:10:00+00:00,15.87,14.8454,15.29,15.29,15.29,0.23,12.72,14.5948
2026-04-20T02:12:30+00:00,15.9,14.8241,14.48,14.48,14.48,0.4,13.65,14.5744
2026-04-20T02:15:00+00:00,15.72,14.8029,14.82,14.82,14.82,0.3,12.99,14.554
2026-04-20T02:17:30+00:00,15.51,14.7818,14.36,14.36,14.36,0.39,12.34,14.5336
2026-04-20T02:20:00+00:00,15.45,14.7608,13.9,13.9,13.9,0.48,12.94,14.5134
2026-04-20T02:22:30+00:00,15.33,14.7398,14.07,14.07,14.07,0.39,12.99,14.4932
2026-04-20T02:25:00+00:00,14.96,14.7189,13.99,13.99,13.99,0.38,11.31,14.473
2026-04-20T02:27:30+00:00,14.64,14.6981,13.01,13.01,13.01,0.6,10.6,14.453
2026-04-20T02:30:00+00:00,14.75,14.6773,12.39,12.39,12.39,0.72,12.58,14.433
2026-04-20T02:32:30+00:00,14.5,14.6566,13.33,13.33,13.33,0.4,11.83,14.413
2026-04-20T02:35:00+00:00,14.27,14.6359,12.85,12.85,12.85,0.48,11.37,14.3931
2026-04-20T02:37:30+00:00,14.3,14.6153,12.51,12.51,12.51,0.52,12.78,14.3733
2026-04-20T02:40:00+00:00,14.55,14.5948,13.13,13.13,13.13,0.32,15.26,14.3536
2026-04-20T02:42:30+00:00,14.76,14.5744,14.38,14.38,14.38,0.29,16.9,14.3339
2026-04-20T02:45:00+00:00,14.69,14.554,15.3,15.3,15.3,0.53,16.25,14.3142
2026-04-20T02:47:30+00:00,14.72,14.5336,15.07,15.07,15.07,0.47,16.26,14.2947
2026-04-20T02:50:00+00:00,14.77,14.5134,15.16,15.16,15.16,0.5,16.4,14.2751
2026-04-20T02:52:30+00:00,14.88,14.4932,15.31,15.31,15.31,0.53,16.79,14.2557
2026-04-20T02:55:00+00:00,14.95,14.473,15.59,15.59,15.59,0.6,16.79,14.2363
2026-04-20T02:57:30+00:00,14.77,14.453,15.68,15.68,15.68,0.61,15.09,14.217
2026-04-20T03:00:00+00:00,14.44,14.433,14.87,14.87,14.87,0.38,12.73,14.1977
2026-04-20T03:02:30+00:00,14.45,14.413,13.63,13.63,13.63,0.23,13.22,14.1785
2026-04-20T03:05:00+00:00,14.57,14.3931,13.81,13.81,13.81,0.23,14.34,14.1594
2026-04-20T03:07:30+00:00,14.91,14.3733,14.34,14.34,14.34,0.29,16.66,14.1403
2026-04-20T03:10:00+00:00,14.95,14.3536,15.55,15.55,15.55,0.59,16.54,14.1213
2026-04-20T03:12:30+00:00,15.0,14.3339,15.57,15.57,15.57,0.58,16.44,14.1023
2026-04-20T03:15:00+00:00,14.89,14.3142,15.59,15.59,15.59,0.57,15.27,14.0834
2026-04-20T03:17:30+00:00,14.71,14.2947,15.04,15.04,15.04,0.41,13.85,14.0645
2026-04-20T03:20:00+00:00,14.72,14.2751,14.3,14.3,14.3,0.25,14.02,14.0458
2026-04-20T03:22:30+00:00,14.83,14.2557,14.35,14.35,14.35,0.26,14.89,14.027
2026-04-20T03:25:00+00:00,14.81,14.2363,14.76,14.76,14.76,0.34,14.72,14.0084
2026-04-20T03:27:30+00:00,14.53,14.217,14.68,14.68,14.68,0.32,12.87,13.9897
2026-04-20T03:30:00+00:00,14.75,14.1977,13.7,13.7,13.7,0.24,14.73,13.9712
2026-04-20T03:32:30+00:00,14.66,14.1785,14.6,14.6,14.6,0.32,14.18,13.9527
2026-04-20T03:35:00+00:00,15.02,14.1594,14.31,14.31,14.31,0.27,16.75,13.9343
2026-04-20T03:37:30+00:00,15.23,14.1403,15.64,15.64,15.64,0.59,17.72,13.9159
2026-04-20T03:40:00+00:00,15.25,14.1213,16.23,16.23,16.23,0.74,17.18,13.8976
2026-04-20T03:42:30+00:00,15.35,14.1023,16.06,16.06,16.06,0.67,17.26,13.8793
2026-04-20T03:45:00+00:00,14.95,14.0834,16.19,16.19,16.19,0.68,14.0,13.8611
2026-04-20T03:47:30+00:00,14.62,14.0645,14.55,14.55,14.55,0.26,11.87,13.843
2026-04-20T03:50:00+00:00,14.22,14.0458,13.38,13.38,13.38,0.32,9.77,13.8249
2026-04-20T03:52:30+00:00,13.89,14.027,12.14,12.14,12.14,0.62,8.92,13.8068
2026-04-20T03:55:00+00:00,13.82,14.0084,11.39,11.39,11.39,0.78,9.85,13.7889
2026-04-20T03:57:30+00:00,13.94,13.9897,11.66,11.66,11.66,0.65,11.77,13.7709
2026-04-20T04:00:00+00:00,14.16,13.9712,12.57,12.57,12.57,0.36,14.1,13.7531
2026-04-20T04:02:30+00:00,14.37,13.9527,13.71,13.71,13.71,0.26,15.87,13.7353
2026-04-20T04:05:00+00:00,14.77,13.9343,14.65,14.65,14.65,0.47,18.42,13.7175
2026-04-20T04:07:30+00:00,15.04,13.9159,16.07,16.07,16.07,0.87,19.49,13.6998
2026-04-20T04:10:00+00:00,15.27,13.8976,16.81,16.81,16.81,1.06,19.78,13.6822
2026-04-20T04:12:30+00:00,15.26,13.8793,17.26,17.26,17.26,1.15,18.62,13.6646
2026-04-20T04:15:00+00:00,15.05,13.8611,16.78,16.78,16.78,0.96,16.2,13.6471
2026-04-20T04:17:30+00:00,14.74,13.843,15.65,15.65,15.65,0.6,13.61,13.6296
2026-04-20T04:20:00+00:00,14.53,13.8249,14.33,14.33,14.33,0.27,12.25,13.6122
2026-04-20T04:22:30+00:00,14.6,13.8068,13.55,13.55,13.55,0.26,13.12,13.5948
2026-04-20T04:25:00+00:00,14.71,13.7889,13.89,13.89,13.89,0.23,14.13,13.5775
2026-04-20T04:27:30+00:00,14.76,13.7709,14.35,14.35,14.35,0.28,14.61,13.5603
2026-04-20T04:30:00+00:00,14.68,13.7531,14.58,14.58,14.58,0.32,14.06,13.5431
2026-04-20T04:32:30+00:00,14.29,13.7353,14.27,14.27,14.27,0.27,11.65,13.5259
2026-04-20T04:35:00+00:00,14.1,13.7175,12.97,12.97,12.97,0.34,11.06,13.5088
2026-04-20T04:37:30+00:00,13.78,13.6998,12.54,12.54,12.54,0.42,9.75,13.4918
2026-04-20T04:40:00+00:00,13.73,13.6822,11.72,11.72,11.72,0.6,10.64,13.4748
2026-04-20T04:42:30+00:00,13.55,13.6646,12.01,12.01,12.01,0.48,10.45,13.4579
2026-04-20T04:45:00+00:00,13.74,13.6471,11.77,11.77,11.77,0.5,12.78,13.441
2026-04-20T04:47:30+00:00,13.77,13.6296,12.86,12.86,12.86,0.24,13.59,13.4242
2026-04-20T04:50:00+00:00,13.78,13.6122,13.26,13.26,13.26,0.25,14.02,13.4074
2026-04-20T04:52:30+00:00,14.0,13.5948,13.5,13.5,13.5,0.29,15.71,13.3907
2026-04-20T04:55:00+00:00,14.0,13.5775,14.41,14.41,14.41,0.52,15.49,13.374
2026-04-20T04:57:30+00:00,14.2,13.5603,14.38,14.38,14.38,0.51,16.6,13.3574
2026-04-20T05:00:00+00:00,14.08,13.5431,15.04,15.04,15.04,0.69,15.24,13.3408
2026-04-20T05:02:30+00:00,13.7,13.5259,14.44,14.44,14.44,0.51,12.45,13.3243
2026-04-20T05:05:00+00:00,13.47,13.5088,13.02,13.02,13.02,0.23,11.22,13.3079
2026-04-20T05:07:30+00:00,13.41,13.4918,12.32,12.32,12.32,0.29,11.42,13.2915
2026-04-20T05:10:00+00:00,13.41,13.4748,12.32,12.32,12.32,0.28,11.99,13.2751
2026-04-20T05:12:30+00:00,13.44,13.4579,12.53,12.53,12.53,0.24,12.64,13.2588
2026-04-20T05:15:00+00:00,13.7,13.441,12.81,12.81,12.81,0.23,14.74,13.2426
2026-04-20T05:17:30+00:00,13.67,13.4242,13.89,13.89,13.89,0.44,14.41,13.2264
2026-04-20T05:20:00+00:00,13.76,13.4074,13.77,13.77,13.77,0.41,14.92,13.2102
2026-04-20T05:22:30+00:00,13.76,13.3907,14.07,14.07,14.07,0.48,14.69,13.1941
2026-04-20T05:25:00+00:00,13.58,13.374,14.01,14.01,14.01,0.46,13.27,13.1781
2026-04-20T05:27:30+00:00,13.82,13.3574,13.3,13.3,13.3,0.29,14.96,13.1621
2026-04-20T05:30:00+00:00,13.43,13.3408,14.18,14.18,14.18,0.5,12.05,13.1461
2026-04-20T05:32:30+00:00,13.24,13.3243,12.7,12.7,12.7,0.22,11.08,13.1302
2026-04-20T05:35:00+00:00,13.26,13.3079,12.12,12.12,12.12,0.28,11.8,13.1144
2026-04-20T05:37:30+00:00,13.45,13.2915,12.4,12.4,12.4,0.23,13.5,13.0986
2026-04-20T05:40:00+00:00,13.68,13.2751,13.23,13.23,13.23,0.3,15.13,13.0828
2026-04-20T05:42:30+00:00,13.76,13.2588,14.09,14.09,14.09,0.51,15.38,13.0671
2026-04-20T05:45:00+00:00,13.74,13.2426,14.3,14.3,14.3,0.56,14.89,13.0515
2026-04-20T05:47:30+00:00,13.97,13.2264,14.12,14.12,14.12,0.5,16.12,13.0359
2026-04-20T05:50:00+00:00,14.34,13.2102,14.81,14.81,14.81,0.68,17.94,13.0203
2026-04-20T05:52:30+00:00,14.35,13.1941,15.87,15.87,15.87,0.95,17.0,13.0048
2026-04-20T05:55:00+00:00,14.36,13.1781,15.54,15.54,15.54,0.81,16.2,12.9894
2026-04-20T05:57:30+00:00,14.32,13.1621,15.23,15.23,15.23,0.69,15.28,12.974
2026-04-20T06:00:00+00:00,14.17,13.1461,14.8,14.8,14.8,0.6,13.79,12.9586
2026-04-20T06:02:30+00:00,13.78,13.1302,14.05,14.05,14.05,0.38,11.01,12.9433
2026-04-20T06:05:00+00:00,13.69,13.1144,12.56,12.56,12.56,0.3,10.91,12.928
2026-04-20T06:07:30+00:00,13.29,13.0986,12.37,12.37,12.37,0.33,8.87,12.9128
2026-04-20T06:10:00+00:00,13.36,13.0828,11.16,11.16,11.16,0.6,10.5,12.8977
2026-04-20T06:12:30+00:00,13.45,13.0671,11.81,11.81,11.81,0.4,11.93,12.8826
2026-04-20T06:15:00+00:00,13.4,13.0515,12.44,12.44,12.44,0.26,12.18,12.8675
2026-04-20T06:17:30+00:00,13.63,13.0359,12.51,12.51,12.51,0.25,14.2,12.8525
2026-04-20T06:20:00+00:00,13.62,13.0203,13.52,13.52,13.52,0.38,14.19,12.8375
2026-04-20T06:22:30+00:00,13.38,13.0048,13.55,13.55,13.55,0.39,12.62,12.7984
2026-04-20T06:25:00+00:00,13.11,12.9894,12.76,12.76,12.76,0.25,11.12,12.7035
2026-04-20T06:27:30+00:00,13.04,12.974,11.94,11.94,11.94,0.29,11.29,12.464
2026-04-20T06:30:00+00:00,13.16,12.9586,11.95,11.95,11.95,0.27,12.71,11.9009
2026-04-20T06:32:30+00:00,13.24,12.9433,12.62,12.62,12.62,0.26,13.52,10.7664
2026-04-20T06:35:00+00:00,13.54,12.928,13.03,13.03,13.03,0.34,15.62,8.9719
2026-04-20T06:37:30+00:00,13.38,12.9128,14.16,14.16,14.16,0.63,14.17,7.6813
2026-04-20T06:40:00+00:00,13.09,12.8977,13.5,13.5,13.5,0.44,12.09,6.5533
2026-04-20T06:42:30+00:00,12.99,12.8826,12.44,12.44,12.44,0.24,11.72,5.8288
2026-04-20T06:45:00+00:00,13.01,12.8675,12.2,12.2,12.2,0.23,12.23,5.4491
2026-04-20T06:47:30+00:00,13.08,12.8525,12.42,12.42,12.42,0.24,12.99,5.2844
2026-04-20T06:50:00+00:00,13.54,12.8375,2.4,2.78,2.2,3.25,16.16,5.2388
2026-04-20T06:52:30+00:00,13.62,12.7984,3.16,4.13,2.2,3.41,16.13,5.2579
2026-04-20T06:55:00+00:00,13.43,12.7035,2.93,4.15,2.2,3.37,14.24,5.314
2026-04-20T06:57:30+00:00,13.29,12.464,2.53,3.1,2.2,3.31,12.97,5.3928
2026-04-20T07:00:00+00:00,13.11,11.9009,2.21,2.24,2.2,3.27,11.77,5.4872
2026-04-20T07:02:30+00:00,13.1,10.7664,2.2,2.2,2.2,3.21,11.99,5.5933
2026-04-20T07:05:00+00:00,12.91,8.9719,5.39,7.25,3.72,2.5,11.03,5.7087
2026-04-20T07:07:30+00:00,11.84,7.6813,5.28,6.77,3.98,2.53,4.62,5.8316
2026-04-20T07:10:00+00:00,10.41,6.5533,2.48,3.61,2.2,3.36,2.2,5.9609
2026-04-20T07:12:30+00:00,8.94,5.8288,2.2,2.2,2.2,3.1,2.2,6.0955
2026-04-20T07:15:00+00:00,7.57,5.4491,2.2,2.2,2.2,2.52,2.2,6.2344
2026-04-20T07:17:30+00:00,6.73,5.2844,2.2,2.2,2.2,2.03,2.2,6.377
2026-04-20T07:20:00+00:00,6.04,5.2388,2.2,2.2,2.2,1.57,2.2,6.5224
2026-04-20T07:22:30+00:00,5.76,5.2579,2.2,2.2,2.2,1.37,2.2,6.6699
2026-04-20T07:25:00+00:00,5.46,5.314,2.2,2.2,2.2,1.21,2.2,6.819
2026-04-20T07:27:30+00:00,5.19,5.3928,2.2,2.2,2.2,1.14,2.2,6.9691
2026-04-20T07:30:00+00:00,5.22,5.4872,2.2,2.2,2.2,1.0,3.06,7.2705
2026-04-20T07:32:30+00:00,5.58,5.5933,2.2,2.2,2.2,0.97,7.75,7.4208
2026-04-20T07:35:00+00:00,5.41,5.7087,2.2,2.2,2.2,1.13,7.75,7.5704
2026-04-20T07:37:30+00:00,5.38,5.8316,2.2,2.2,2.2,1.13,8.3,7.719
2026-04-20T07:40:00+00:00,5.78,5.9609,2.26,2.54,2.2,1.02,11.37,7.8662
2026-04-20T07:42:30+00:00,6.16,6.0955,2.55,3.63,2.2,1.06,13.15,8.0118
2026-04-20T07:45:00+00:00,6.52,6.2344,3.7,5.27,2.4,1.05,14.3,8.1555
2026-04-20T07:47:30+00:00,6.8,6.377,5.08,6.45,3.69,1.06,14.4,8.2971
2026-04-20T07:50:00+00:00,7.11,6.5224,5.12,6.52,3.98,1.14,14.53,8.4365
2026-04-20T07:52:30+00:00,6.96,6.6699,5.75,7.59,4.71,1.21,11.48,8.5735
2026-04-20T07:55:00+00:00,6.72,6.819,4.61,6.68,2.85,1.11,8.5,8.7077
2026-04-20T07:57:30+00:00,6.91,6.9691,3.55,5.27,2.2,1.14,8.91,8.8391
2026-04-20T08:02:30+00:00,7.03,7.2705,4.33,5.66,3.05,1.12,8.12,8.9676
2026-04-20T08:05:00+00:00,6.92,7.4208,4.26,5.98,2.44,1.08,6.73,9.0931
2026-04-20T08:07:30+00:00,7.15,7.5704,3.25,4.21,2.2,1.37,7.91,9.2156
2026-04-20T08:10:00+00:00,7.6,7.719,4.42,5.61,2.53,1.09,10.44,9.3349
2026-04-20T08:12:30+00:00,7.81,7.8662,6.04,7.33,4.65,0.93,10.85,9.451
2026-04-20T08:15:00+00:00,7.96,8.0118,6.75,7.87,5.63,0.93,10.71,9.564
2026-04-20T08:17:30+00:00,8.19,8.1555,6.92,8.37,5.53,0.91,11.18,9.6738
2026-04-20T08:20:00+00:00,8.43,8.2971,6.94,8.64,5.56,0.94,11.62,9.7803
2026-04-20T08:22:30+00:00,8.46,8.4365,8.11,9.18,6.47,0.91,10.61,9.8837
2026-04-20T08:25:00+00:00,8.75,8.5735,7.09,8.87,5.47,0.84,11.56,9.9839
2026-04-20T08:27:30+00:00,9.07,8.7077,7.51,8.55,6.34,0.87,12.53,10.0809
2026-04-20T08:30:00+00:00,9.31,8.8391,8.51,9.8,7.36,0.83,12.77,10.1746
2026-04-20T08:32:30+00:00,9.59,8.9676,9.3,10.56,8.26,0.79,13.13,10.2649
2026-04-20T08:35:00+00:00,9.39,9.0931,9.77,11.04,8.3,0.89,10.47,10.3521
2026-04-20T08:37:30+00:00,8.92,9.2156,8.19,9.32,6.76,0.69,6.56,10.436
2026-04-20T08:40:00+00:00,8.83,9.3349,5.7,6.82,4.66,1.21,6.07,10.5167
2026-04-20T08:42:30+00:00,9.11,9.451,5.57,6.93,4.14,1.23,8.29,10.5943
2026-04-20T08:45:00+00:00,9.57,9.564,7.36,8.8,5.55,0.81,11.33,10.6689
2026-04-20T08:47:30+00:00,9.55,9.6738,8.3,9.71,6.85,0.75,10.58,10.7405
2026-04-20T08:50:00+00:00,9.99,9.7803,7.81,9.07,6.83,0.81,13.01,10.8091
2026-04-20T08:52:30+00:00,10.48,9.8837,9.82,10.84,8.68,0.75,15.13,10.8749
2026-04-20T08:55:00+00:00,10.82,9.9839,11.23,12.39,9.82,0.87,15.86,10.9379
2026-04-20T08:57:30+00:00,10.78,10.0809,11.34,12.94,10.37,0.85,14.11,10.9981
2026-04-20T09:00:00+00:00,10.82,10.1746,10.63,12.22,9.47,0.68,13.09,11.0556
2026-04-20T09:02:30+00:00,11.17,10.2649,10.9,12.18,9.83,0.65,14.35,11.1106
2026-04-20T09:05:00+00:00,11.44,10.3521,11.52,12.04,10.96,0.7,14.88,11.163
2026-04-20T09:07:30+00:00,11.71,10.436,12.05,13.21,10.81,0.75,15.16,11.2129
2026-04-20T09:10:00+00:00,11.75,10.5167,12.73,13.78,11.45,0.84,14.1,11.2605
2026-04-20T09:12:30+00:00,11.98,10.5943,11.67,13.07,10.43,0.6,14.5,11.3057
2026-04-20T09:15:00+00:00,11.94,10.6689,12.77,13.51,11.73,0.76,13.09,11.3487
2026-04-20T09:17:30+00:00,11.68,10.7405,11.84,13.23,10.82,0.55,10.49,11.3894
2026-04-20T09:20:00+00:00,11.56,10.8091,10.43,12.09,9.28,0.6,9.51,11.428
2026-04-20T09:22:30+00:00,11.17,10.8749,10.2,11.16,9.03,0.63,7.08,11.4646
2026-04-20T09:25:00+00:00,11.23,10.9379,8.85,9.63,7.52,0.95,8.25,11.4992
2026-04-20T09:27:30+00:00,11.53,10.9981,8.83,10.0,8.03,0.94,10.86,11.5318
2026-04-20T09:30:00+00:00,11.48,11.0556,10.44,11.5,9.38,0.58,10.67,11.5625
2026-04-20T09:32:30+00:00,11.44,11.1106,10.17,11.55,8.76,0.59,10.65,11.5915
2026-04-20T09:35:00+00:00,11.47,11.163,10.42,11.73,8.88,0.56,11.04,11.6187
2026-04-20T09:37:30+00:00,11.79,11.2129,10.73,11.95,9.67,0.51,13.37,11.6442
2026-04-20T09:40:00+00:00,11.97,11.2605,11.47,12.64,10.04,0.54,14.2,11.6681
2026-04-20T09:42:30+00:00,12.18,11.3057,11.99,13.28,10.89,0.56,15.0,11.6904
2026-04-20T09:45:00+00:00,12.4,11.3487,12.93,13.95,11.79,0.75,15.72,11.7112
2026-04-20T09:47:30+00:00,12.5,11.3894,13.39,14.7,12.27,0.86,15.37,11.7305
2026-04-20T09:50:00+00:00,12.12,11.428,13.26,14.43,12.29,0.79,11.9,11.7484
2026-04-20T09:52:30+00:00,11.56,11.4646,11.81,12.73,10.81,0.48,7.97,11.765
2026-04-20T09:55:00+00:00,11.06,11.4992,9.46,10.49,8.5,0.71,5.51,11.7803
2026-04-20T09:57:30+00:00,11.23,11.5318,8.16,8.82,7.37,0.98,7.84,11.7943
2026-04-20T10:00:00+00:00,11.26,11.5625,9.22,10.06,8.0,0.66,9.0,11.8071
2026-04-20T10:02:30+00:00,11.51,11.5915,9.68,11.02,8.53,0.52,11.4,11.8187
2026-04-20T10:05:00+00:00,11.59,11.6187,10.97,11.95,9.94,0.41,12.21,11.8292
2026-04-20T10:07:30+00:00,11.84,11.6442,11.58,12.62,10.47,0.49,13.87,11.8387
2026-04-20T10:10:00+00:00,11.8,11.6681,12.47,13.38,11.69,0.69,13.2,11.8471
2026-04-20T10:12:30+00:00,11.78,11.6904,12.08,12.69,11.25,0.61,12.77,11.8546
2026-04-20T10:15:00+00:00,11.7,11.7112,12.08,12.76,11.02,0.59,12.01,11.8667
2026-04-20T10:17:30+00:00,11.82,11.7305,11.45,12.38,10.6,0.47,12.72,11.8714
2026-04-20T10:20:00+00:00,11.82,11.7484,12.0,12.79,11.07,0.56,12.44,11.8054
2026-04-20T10:22:30+00:00,12.09,11.765,11.81,12.6,10.99,0.49,14.07,11.7411
2026-04-20T10:25:00+00:00,12.23,11.7803,14.73,15.51,13.98,0.71,14.45,11.6783
2026-04-20T10:27:30+00:00,11.89,11.7943,15.2,15.84,14.35,0.81,11.49,11.6172
2026-04-20T10:30:00+00:00,11.72,11.8071,13.37,14.4,12.62,0.4,10.31,11.5575
2026-04-20T10:32:30+00:00,11.77,11.8187,12.75,13.45,12.12,0.38,10.9,11.4994
2026-04-20T10:35:00+00:00,12.0,11.8292,12.79,13.36,12.16,0.37,12.58,11.4887
2026-04-20T10:37:30+00:00,12.0,11.8387,13.48,14.11,12.95,0.44,12.42,11.478
2026-04-20T10:40:00+00:00,12.09,11.8471,12.14,12.14,12.14,0.47,12.88,11.4673
2026-04-20T10:42:30+00:00,12.54,11.8546,12.41,12.41,12.41,0.49,15.63,11.4567
2026-04-20T10:47:30+00:00,12.87,11.8667,14.5,14.5,14.5,0.9,15.91,11.4462
2026-04-20T10:50:00+00:00,12.79,11.8714,14.35,14.35,14.35,0.82,14.38,11.4356
2026-04-20T10:52:30+00:00,12.85,11.8054,13.68,13.68,13.68,0.66,14.05,11.4251
2026-04-20T10:55:00+00:00,12.73,11.7411,13.57,13.57,13.57,0.52,12.68,11.4146
2026-04-20T10:57:30+00:00,12.62,11.6783,12.89,12.89,12.89,0.39,11.72,11.4042
2026-04-20T11:00:00+00:00,12.08,11.6172,12.37,12.37,12.37,0.33,8.11,11.3937
2026-04-20T11:02:30+00:00,11.67,11.5575,10.42,10.42,10.42,0.76,6.38,11.3833
2026-04-20T11:05:00+00:00,11.25,11.4994,9.23,9.23,9.23,1.01,4.97,11.373
2026-04-20T11:07:30+00:00,11.17,11.4887,8.2,8.2,8.2,1.27,6.17,11.3627
2026-04-20T11:10:00+00:00,11.16,11.478,8.56,8.56,8.56,1.09,7.51,11.3524
2026-04-20T11:12:30+00:00,10.9,11.4673,9.14,9.14,9.14,0.85,7.28,11.3421
2026-04-20T11:15:00+00:00,10.82,11.4567,8.78,8.78,8.78,0.89,7.99,11.3319
2026-04-20T11:17:30+00:00,10.85,11.4462,9.08,9.08,9.08,0.74,9.4,11.3217
2026-04-20T11:20:00+00:00,10.93,11.4356,9.72,9.72,9.72,0.49,10.79,11.3116
2026-04-20T11:22:30+00:00,11.09,11.4251,10.41,10.41,10.41,0.25,12.35,11.3014
2026-04-20T11:25:00+00:00,11.48,11.4146,11.24,11.24,11.24,0.09,15.01,11.2913
2026-04-20T11:27:30+00:00,11.93,11.4042,12.72,12.72,12.72,0.5,17.25,11.2813
2026-04-20T11:30:00+00:00,11.83,11.3937,14.17,14.17,14.17,0.9,15.46,11.2713
2026-04-20T11:32:30+00:00,11.73,11.3833,13.4,13.4,13.4,0.63,13.88,11.2613
2026-04-20T11:35:00+00:00,11.39,11.373,12.74,12.74,12.74,0.39,10.96,11.2513
2026-04-20T11:37:30+00:00,11.5,11.3627,11.3,11.3,11.3,0.12,11.67,11.2414
2026-04-20T11:40:00+00:00,11.39,11.3524,11.65,11.65,11.65,0.09,10.75,11.2314
2026-04-20T11:42:30+00:00,11.4,11.3421,11.17,11.17,11.17,0.17,10.91,11.2216
2026-04-20T11:45:00+00:00,11.74,11.3319,11.22,11.22,11.22,0.16,13.18,11.2117
2026-04-20T11:47:30+00:00,11.56,11.3217,12.39,12.39,12.39,0.24,11.58,11.2019
2026-04-20T11:50:00+00:00,11.53,11.3116,11.61,11.61,11.61,0.11,11.27,11.1921
2026-04-20T11:52:30+00:00,11.43,11.3014,11.45,11.45,11.45,0.14,10.65,11.1824
2026-04-20T11:55:00+00:00,11.59,11.2913,11.11,11.11,11.11,0.23,11.81,11.1727
2026-04-20T11:57:30+00:00,11.75,11.2813,11.69,11.69,11.69,0.11,12.81,11.163
2026-04-20T12:00:00+00:00,11.79,11.2713,12.21,12.21,12.21,0.17,12.82,11.1533
2026-04-20T12:02:30+00:00,11.71,11.2613,12.27,12.27,12.27,0.17,11.93,11.1437
2026-04-20T12:05:00+00:00,11.48,11.2513,11.85,11.85,11.85,0.1,10.26,11.1341
2026-04-20T12:07:30+00:00,11.24,11.2414,10.98,10.98,10.98,0.29,8.89,11.1245
2026-04-20T12:10:00+00:00,11.21,11.2314,10.2,10.2,10.2,0.51,9.31,11.115
2026-04-20T12:12:30+00:00,11.15,11.2216,10.31,10.31,10.31,0.46,9.42,11.1055
2026-04-20T12:15:00+00:00,11.37,11.2117,10.28,10.28,10.28,0.45,11.42,11.096
2026-04-20T12:17:30+00:00,11.49,11.2019,11.26,11.26,11.26,0.16,12.36,11.0866
2026-04-20T12:20:00+00:00,11.6,11.1921,11.77,11.77,11.77,0.11,12.95,11.0771
2026-04-20T12:22:30+00:00,11.55,11.1824,12.12,12.12,12.12,0.18,12.33,11.0677
2026-04-20T12:25:00+00:00,11.47,11.1727,11.86,11.86,11.86,0.12,11.61,11.0584
2026-04-20T12:27:30+00:00,11.54,11.163,11.53,11.53,11.53,0.13,12.05,11.0491
2026-04-20T12:30:00+00:00,11.33,11.1533,11.76,11.76,11.76,0.12,10.53,11.0398
2026-04-20T12:32:30+00:00,11.53,11.1437,10.99,10.99,10.99,0.27,12.03,11.0305
2026-04-20T12:35:00+00:00,11.25,11.1341,11.74,11.74,11.74,0.12,10.02,11.0212
2026-04-20T12:37:30+00:00,10.92,11.1245,10.71,10.71,10.71,0.35,8.11,11.012
2026-04-20T12:40:00+00:00,10.78,11.115,9.65,9.65,9.65,0.65,7.95,11.0029
2026-04-20T12:42:30+00:00,10.79,11.1055,9.44,9.44,9.44,0.68,8.81,10.9937
2026-04-20T12:45:00+00:00,10.76,11.096,9.76,9.76,9.76,0.55,9.27,10.9846
2026-04-20T12:47:30+00:00,10.55,11.0866,9.92,9.92,9.92,0.48,8.47,10.9755
2026-04-20T12:50:00+00:00,10.59,11.0771,9.44,9.44,9.44,0.6,9.47,10.9664
2026-04-20T12:52:30+00:00,10.69,11.0677,9.88,9.88,9.88,0.44,10.66,10.9574
2026-04-20T12:55:00+00:00,10.83,11.0584,10.47,10.47,10.47,0.26,11.84,10.9484
2026-04-20T12:57:30+00:00,10.93,11.0491,11.1,11.1,11.1,0.14,12.44,10.9394
2026-04-20T13:00:00+00:00,10.78,11.0398,11.47,11.47,11.47,0.17,11.21,10.9304
2026-04-20T13:02:30+00:00,11.16,11.0305,10.91,10.91,10.91,0.17,13.75,10.9215
2026-04-20T13:05:00+00:00,11.52,11.0212,12.27,12.27,12.27,0.35,15.53,10.9126
2026-04-20T13:07:30+00:00,11.84,11.012,13.33,13.33,13.33,0.63,16.46,10.8681
2026-04-20T13:10:00+00:00,12.01,11.0029,14.1,14.1,14.1,0.81,16.22,10.7414
2026-04-20T13:12:30+00:00,11.74,10.9937,14.19,14.19,14.19,0.77,13.25,10.4017
2026-04-20T13:15:00+00:00,11.35,10.9846,12.73,12.73,12.73,0.3,9.92,9.5854
2026-04-20T13:17:30+00:00,11.26,10.9755,11.03,11.03,11.03,0.33,9.36,7.9267
2026-04-20T13:20:00+00:00,11.43,10.9664,10.66,10.66,10.66,0.44,10.78,5.2919
2026-04-20T13:22:30+00:00,11.44,10.9574,11.31,11.31,11.31,0.27,10.82,4.3433
2026-04-20T13:25:00+00:00,11.35,10.9484,11.3,11.3,11.3,0.28,10.28,3.5139
2026-04-20T13:27:30+00:00,11.24,10.9394,10.98,10.98,10.98,0.36,9.77,2.9813
2026-04-20T13:30:00+00:00,11.33,10.9304,10.66,10.66,10.66,0.45,10.71,2.7025
2026-04-20T13:32:30+00:00,11.3,10.9215,11.09,11.09,11.09,0.33,10.67,2.5818
2026-04-20T13:35:00+00:00,11.1,10.9126,11.04,11.04,11.04,0.34,9.5,2.5487
2026-04-20T13:37:30+00:00,10.82,10.8681,2.2,2.2,2.2,2.67,8.11,2.5631
2026-04-20T13:40:00+00:00,10.86,10.7414,2.2,2.2,2.2,2.58,9.09,2.6046
2026-04-20T13:42:30+00:00,10.73,10.4017,2.2,2.2,2.2,2.58,8.86,2.6627
2026-04-20T13:45:00+00:00,10.5,9.5854,2.2,2.2,2.2,2.6,7.97,2.7322
2026-04-20T13:47:30+00:00,10.55,7.9267,2.2,2.2,2.2,2.52,9.12,2.8101
2026-04-20T13:50:00+00:00,10.09,5.2919,2.2,2.2,2.2,2.6,6.69,2.8948
2026-04-20T13:52:30+00:00,8.94,4.3433,2.2,2.2,2.2,3.45,2.2,2.985
2026-04-20T13:55:00+00:00,7.4,3.5139,2.2,2.2,2.2,3.05,2.2,3.0797
2026-04-20T13:57:30+00:00,5.59,2.9813,2.2,2.2,2.2,2.48,2.2,3.1783
2026-04-20T14:00:00+00:00,3.98,2.7025,2.2,2.2,2.2,1.92,2.2,3.28
2026-04-20T14:02:30+00:00,2.68,2.5818,2.2,2.2,2.2,1.24,2.2,3.3842
2026-04-20T14:05:00+00:00,1.76,2.5487,2.2,2.2,2.2,0.89,2.2,3.4905
2026-04-20T14:07:30+00:00,1.26,2.5631,2.2,2.2,2.2,0.66,2.2,3.5984
2026-04-20T14:10:00+00:00,1.02,2.6046,2.2,2.2,2.2,0.54,2.2,3.7073
2026-04-20T14:12:30+00:00,1.09,2.6627,2.2,2.2,2.2,0.49,2.2,3.9307
2026-04-20T14:15:00+00:00,1.51,2.7322,2.2,2.2,2.2,0.51,2.45,4.1547
2026-04-20T14:17:30+00:00,2.33,2.8101,2.2,2.2,2.2,0.55,9.97,4.3788
2026-04-20T14:20:00+00:00,3.24,2.8948,2.2,2.2,2.2,0.77,15.7,4.6022
2026-04-20T14:22:30+00:00,3.75,2.985,2.23,2.31,2.2,1.05,17.27,4.8245
2026-04-20T14:25:00+00:00,4.26,3.0797,2.73,4.5,2.2,1.14,17.95,5.0451
2026-04-20T14:27:30+00:00,4.2,3.1783,3.58,5.57,2.2,1.32,14.41,5.2637
2026-04-20T14:30:00+00:00,4.39,3.28,2.92,4.47,2.2,1.26,12.97,5.4799
2026-04-20T14:32:30+00:00,4.09,3.3842,3.11,4.56,2.2,1.23,8.53,5.6932
2026-04-20T14:35:00+00:00,4.09,3.4905,2.23,2.34,2.2,1.37,6.99,5.9035
2026-04-20T14:37:30+00:00,4.07,3.5984,2.21,2.27,2.2,1.37,5.54,6.1104
2026-04-20T14:40:00+00:00,4.07,3.7073,2.2,2.2,2.2,1.44,4.6,6.3137
2026-04-20T14:42:30+00:00,3.85,3.9307,2.2,2.2,2.2,1.43,2.46,6.5132
2026-04-20T14:45:00+00:00,3.79,4.1547,2.2,2.2,2.2,1.35,2.2,6.7087
2026-04-20T14:47:30+00:00,4.01,4.3788,2.2,2.2,2.2,1.32,3.55,6.9001
2026-04-20T14:50:00+00:00,4.26,4.6022,2.2,2.2,2.2,1.38,5.03,7.0873
2026-04-20T14:52:30+00:00,4.63,4.8245,2.21,2.27,2.2,1.43,7.12,7.2702
2026-04-20T14:55:00+00:00,4.93,5.0451,2.59,3.57,2.2,1.38,8.29,7.4487
2026-04-20T14:57:30+00:00,5.24,5.2637,2.53,3.51,2.2,1.53,9.08,7.6227
2026-04-20T15:00:00+00:00,5.69,5.4799,3.13,4.63,2.2,1.47,10.71,7.7922
2026-04-20T15:02:30+00:00,6.09,5.6932,3.65,5.07,2.2,1.53,11.63,7.9571
2026-04-20T15:05:00+00:00,5.98,5.9035,4.86,6.8,2.93,1.47,9.17,8.1175
2026-04-20T15:07:30+00:00,5.83,6.1104,3.96,6.77,2.2,1.54,6.83,8.2734
2026-04-20T15:10:00+00:00,5.92,6.3137,3.46,5.45,2.2,1.58,6.63,8.4247
2026-04-20T15:12:30+00:00,5.96,6.5132,3.19,4.92,2.2,1.7,6.15,8.5715
2026-04-20T15:15:00+00:00,6.33,6.7087,2.86,4.49,2.2,1.77,8.16,8.7136
2026-04-20T15:17:30+00:00,7.03,6.9001,3.87,6.36,2.2,1.64,11.73,8.8512
2026-04-20T15:20:00+00:00,7.35,7.0873,5.52,7.68,3.61,1.58,12.25,8.9842
2026-04-20T15:22:30+00:00,7.26,7.2702,6.57,8.61,4.02,1.47,10.03,9.1127
2026-04-20T15:25:00+00:00,7.34,7.4487,5.83,7.98,4.0,1.54,9.29,9.2368
2026-04-20T15:27:30+00:00,7.32,7.6227,5.83,7.61,3.63,1.51,8.16,9.3565
2026-04-20T15:30:00+00:00,7.76,7.7922,5.54,8.0,3.03,1.52,10.33,9.472
2026-04-20T15:32:30+00:00,8.08,7.9571,7.13,9.55,5.39,1.31,11.33,9.5833
2026-04-20T15:35:00+00:00,8.6,8.1175,7.55,9.13,6.05,1.33,13.3,9.6904
2026-04-20T15:37:30+00:00,8.74,8.2734,9.08,10.76,7.22,1.21,12.52,9.7936
2026-04-20T15:40:00+00:00,8.71,8.4247,8.54,10.29,6.46,1.24,10.93,9.8928
2026-04-20T15:42:30+00:00,8.47,8.5715,8.03,9.79,5.7,1.3,8.14,9.9881
2026-04-20T15:45:00+00:00,8.28,8.7136,6.47,8.46,4.02,1.54,6.42,10.0797
2026-04-20T15:47:30+00:00,8.32,8.8512,6.02,8.2,3.52,1.55,6.67,10.1675
2026-04-20T15:50:00+00:00,8.66,8.9842,6.0,7.81,3.95,1.58,8.97,10.2515
2026-04-20T15:52:30+00:00,9.01,9.1127,7.31,8.96,5.28,1.32,11.0,10.3319
2026-04-20T15:55:00+00:00,9.06,9.2368,8.71,10.09,6.8,1.1,10.58,10.4087
2026-04-20T15:57:30+00:00,8.96,9.3565,8.65,10.69,6.49,1.05,9.22,10.4821
2026-04-20T16:00:00+00:00,8.75,9.472,7.91,9.47,6.04,1.18,7.49,10.5521
2026-04-20T16:02:30+00:00,8.95,9.5833,6.74,8.77,5.12,1.46,8.95,10.6189
2026-04-20T16:05:00+00:00,9.18,9.6904,7.9,9.25,5.1,1.21,10.32,10.6825
2026-04-20T16:07:30+00:00,9.0,9.7936,8.54,10.9,6.26,1.03,8.67,10.7431
2026-04-20T16:10:00+00:00,8.97,9.8928,8.22,10.29,6.8,1.02,8.42,10.8007
2026-04-20T16:12:30+00:00,9.13,9.9881,8.11,9.77,6.35,1.07,9.46,10.8555
2026-04-20T16:15:00+00:00,9.73,10.0797,7.9,10.22,6.03,1.17,13.28,10.9075
2026-04-20T16:17:30+00:00,10.2,10.1675,10.76,12.49,8.76,0.82,15.23,10.9568
2026-04-20T16:20:00+00:00,10.45,10.2515,11.9,13.2,10.39,0.94,15.39,13.0008
2026-04-20T16:22:30+00:00,10.82,10.3319,12.13,13.91,10.29,0.95,16.25,14.4228
2026-04-20T16:25:00+00:00,10.91,10.4087,12.88,14.62,11.06,1.07,15.07,15.3262
2026-04-20T16:27:30+00:00,10.64,10.4821,12.36,13.52,10.74,0.98,11.83,15.828
2026-04-20T16:30:00+00:00,10.95,10.5521,10.89,12.27,9.62,0.85,13.06,16.0764
2026-04-20T16:32:30+00:00,11.21,10.6189,11.7,13.41,10.06,0.89,13.76,16.1561
2026-04-20T16:35:00+00:00,11.02,10.6825,12.29,13.38,11.12,0.88,11.32,16.1087
2026-04-20T16:37:30+00:00,10.99,10.7431,11.08,12.57,9.43,0.86,10.55,15.9568
2026-04-20T16:40:00+00:00,10.8,10.8007,10.41,11.39,9.12,0.92,8.96,15.7337
2026-04-20T16:42:30+00:00,10.64,10.8555,9.66,11.33,8.06,1.0,8.03,15.4652
2026-04-20T16:45:00+00:00,10.61,10.9075,8.78,10.45,7.58,1.16,8.26,15.1707
2026-04-20T16:47:30+00:00,10.66,10.9568,9.45,10.98,7.92,0.92,9.05,14.8647
2026-04-20T16:50:00+00:00,10.65,13.0008,12.87,14.58,11.26,0.89,9.33,14.2577
2026-04-20T16:52:30+00:00,10.54,14.4228,13.51,14.97,11.36,1.08,8.9,13.9696
2026-04-20T16:55:00+00:00,11.27,15.3262,12.13,13.79,10.78,0.82,14.22,13.6971
2026-04-20T16:57:30+00:00,12.42,15.828,15.01,16.53,13.95,1.43,20.93,13.4422
2026-04-20T17:00:00+00:00,13.93,16.0764,19.16,20.74,17.9,2.6,28.51,13.206
2026-04-20T17:02:30+00:00,15.28,16.1561,23.17,24.87,21.85,3.66,33.26,12.9888
2026-04-20T17:05:00+00:00,16.59,16.1087,26.12,27.08,25.3,4.34,36.5,12.6876
2026-04-20T17:07:30+00:00,17.35,15.9568,29.18,30.46,26.82,5.01,35.2,12.408
2026-04-20T17:10:00+00:00,17.62,15.7337,28.46,29.75,27.32,4.5,30.93,12.1492
2026-04-20T17:12:30+00:00,17.64,15.4652,30.34,31.88,28.64,3.91,25.91,11.91
2026-04-20T17:15:00+00:00,17.37,15.1707,27.4,28.84,25.7,2.85,20.11,11.6892
2026-04-20T17:17:30+00:00,17.15,14.8647,23.76,25.05,22.81,1.64,16.25,11.4854
2026-04-20T17:22:30+00:00,15.99,14.2577,18.86,20.17,17.22,0.96,7.38,11.3653
2026-04-20T17:25:00+00:00,15.54,13.9696,16.39,17.56,15.17,1.32,5.62,11.2576
2026-04-20T17:27:30+00:00,15.01,13.6971,12.7,13.03,12.25,1.71,4.08,11.1612
2026-04-20T17:30:00+00:00,14.68,13.4422,11.16,11.55,10.82,2.06,4.49,11.0749
2026-04-20T17:32:30+00:00,14.19,13.206,10.76,11.19,10.46,2.09,4.0,10.9978
2026-04-20T17:35:00+00:00,13.6,12.9888,9.91,10.29,9.66,2.25,3.06,10.9289
2026-04-20T17:37:30+00:00,13.12,12.6876,8.76,9.09,8.57,2.53,3.25,10.8674
2026-04-20T17:40:00+00:00,13.06,12.408,8.52,8.82,8.17,2.46,6.18,10.8123
2026-04-20T17:42:30+00:00,12.79,12.1492,9.51,9.87,9.29,2.03,7.14,10.7631
2026-04-20T17:45:00+00:00,12.5,11.91,9.62,9.85,9.49,1.81,7.74,10.719
2026-04-20T17:47:30+00:00,12.47,11.6892,9.74,9.96,9.59,1.62,9.75,10.6794
2026-04-20T17:50:00+00:00,12.08,11.4854,10.67,10.92,10.49,1.25,8.96,10.6439
2026-04-20T17:52:30+00:00,11.61,11.3653,10.15,10.38,9.97,1.19,7.65,10.612
2026-04-20T17:55:00+00:00,11.91,11.2576,9.34,9.53,9.14,1.33,11.44,10.5832
2026-04-20T17:57:30+00:00,11.76,11.1612,11.23,11.42,11.11,0.67,11.46,10.5571
2026-04-20T18:00:00+00:00,11.73,11.0749,11.16,11.31,11.09,0.6,12.15,10.5334
2026-04-20T18:02:30+00:00,11.69,10.9978,11.54,11.64,11.47,0.45,12.42,10.5119
2026-04-20T18:05:00+00:00,11.67,10.9289,11.74,11.86,11.66,0.36,12.69,10.4922
2026-04-20T18:07:30+00:00,11.56,10.8674,11.94,12.01,11.86,0.28,12.21,10.4742
2026-04-20T18:10:00+00:00,11.25,10.8123,11.7,11.76,11.67,0.33,10.34,10.4576
2026-04-20T18:12:30+00:00,10.78,10.7631,10.78,10.86,10.73,0.55,7.77,10.4423
2026-04-20T18:15:00+00:00,10.4,10.719,9.38,9.45,9.35,0.92,6.45,10.428
2026-04-20T18:17:30+00:00,10.1,10.6794,8.49,8.54,8.44,1.13,5.83,10.4147
2026-04-20T18:20:00+00:00,9.81,10.6439,7.95,7.99,7.92,1.22,5.49,10.4022
2026-04-20T18:22:30+00:00,9.95,10.612,7.58,7.61,7.55,1.26,7.87,10.3905
2026-04-20T18:25:00+00:00,10.09,10.5832,8.75,8.79,8.72,0.83,9.85,10.3794
2026-04-20T18:27:30+00:00,10.27,10.5571,9.71,9.74,9.68,0.51,11.62,10.3689
2026-04-20T18:30:00+00:00,10.61,10.5334,10.64,10.65,10.63,0.26,14.0,10.3588
2026-04-20T18:32:30+00:00,10.82,10.5119,11.98,12.01,11.96,0.33,14.89,10.3492
2026-04-20T18:35:00+00:00,11.12,10.4922,12.61,12.64,12.6,0.49,15.87,10.3399
2026-04-20T18:37:30+00:00,11.08,10.4742,13.41,13.44,13.39,0.68,14.58,10.3309
2026-04-20T18:40:00+00:00,10.61,10.4576,12.87,12.89,12.86,0.49,10.46,10.3223
2026-04-20T18:42:30+00:00,10.46,10.4423,10.87,10.88,10.85,0.28,9.31,10.3139
2026-04-20T18:45:00+00:00,10.25,10.428,10.24,10.26,10.23,0.44,8.08,10.2977
2026-04-20T18:47:30+00:00,10.5,10.4147,9.53,9.54,9.52,0.63,10.21,10.2899
2026-04-20T18:50:00+00:00,10.44,10.4022,10.55,10.56,10.54,0.34,9.91,10.2822
2026-04-20T18:52:30+00:00,10.4,10.3905,10.37,10.38,10.37,0.38,9.76,10.2746
2026-04-20T18:55:00+00:00,10.34,10.3794,10.27,10.28,10.26,0.4,9.51,10.2672
2026-04-20T18:57:30+00:00,10.56,10.3689,10.1,10.11,10.1,0.43,11.22,10.2598
2026-04-20T19:00:00+00:00,10.81,10.3588,10.97,10.98,10.96,0.23,12.78,10.2526
2026-04-20T19:02:30+00:00,10.94,10.3492,11.82,11.83,11.82,0.24,13.15,10.2454
2026-04-20T19:05:00+00:00,11.21,10.3399,12.11,12.11,12.1,0.29,14.39,10.2384
2026-04-20T19:07:30+00:00,10.88,10.3309,12.86,12.87,12.86,0.45,11.23,10.2313
2026-04-20T19:10:00+00:00,10.75,10.3223,11.34,11.35,11.34,0.21,10.13,10.2244
2026-04-20T19:12:30+00:00,10.29,10.3139,10.77,10.78,10.77,0.33,7.05,10.2175
2026-04-20T19:17:30+00:00,9.81,10.2977,8.68,8.69,8.68,0.89,5.51,10.2106
2026-04-20T19:20:00+00:00,9.75,10.2899,7.98,7.98,7.98,1.05,6.29,10.2038
2026-04-20T19:22:30+00:00,9.76,10.2822,8.2,8.2,8.19,0.94,7.43,10.197
2026-04-20T19:25:00+00:00,10.09,10.2746,8.64,8.64,8.64,0.76,10.5,10.1903
2026-04-20T19:27:30+00:00,10.56,10.2672,10.16,10.16,10.16,0.3,13.8,10.1836
2026-04-20T19:30:00+00:00,10.66,10.2598,11.93,11.93,11.93,0.36,13.91,10.177
2026-04-20T19:32:30+00:00,10.49,10.2526,12.15,12.15,12.15,0.4,12.02,10.1703
2026-04-20T19:35:00+00:00,10.1,10.2454,11.31,11.31,11.31,0.2,9.05,10.1637
2026-04-20T19:37:30+00:00,10.23,10.2384,9.82,9.82,9.82,0.42,10.15,10.1572
2026-04-20T19:40:00+00:00,10.18,10.2313,10.35,10.35,10.35,0.27,9.87,10.1266
2026-04-20T19:42:30+00:00,10.29,10.2244,10.19,10.19,10.19,0.31,10.63,10.0407
2026-04-20T19:45:00+00:00,10.4,10.2175,10.58,10.58,10.58,0.22,11.3,9.8115
2026-04-20T19:47:30+00:00,10.47,10.2106,10.95,10.95,10.95,0.17,11.58,9.2608
2026-04-20T19:50:00+00:00,9.97,10.2038,11.14,11.14,11.14,0.17,7.92,8.1423
2026-04-20T19:52:30+00:00,9.62,10.197,9.26,9.26,9.26,0.57,6.01,6.3666
2026-04-20T19:55:00+00:00,9.76,10.1903,8.15,8.15,8.15,0.87,7.91,5.3846
2026-04-20T19:57:30+00:00,9.97,10.1836,8.98,8.99,8.98,0.59,9.9,4.5389
2026-04-20T20:00:00+00:00,10.08,10.177,9.95,9.95,9.95,0.29,10.79,4.0706
2026-04-20T20:02:30+00:00,10.06,10.1703,10.42,10.43,10.42,0.19,10.59,3.9229
2026-04-20T20:05:00+00:00,10.08,10.1637,10.36,10.36,10.36,0.19,10.69,3.9684
2026-04-20T20:07:30+00:00,9.98,10.1572,10.44,10.44,10.44,0.18,9.91,4.1132
2026-04-20T20:10:00+00:00,10.19,10.1266,2.2,2.2,2.2,2.46,11.4,4.3047
2026-04-20T20:12:30+00:00,10.59,10.0407,2.2,2.2,2.2,2.54,13.8,4.5162
2026-04-20T20:15:00+00:00,10.91,9.8115,2.2,2.2,2.2,2.74,15.06,4.7349
2026-04-20T20:17:30+00:00,11.01,9.2608,2.2,2.2,2.2,2.87,14.57,4.9547
2026-04-20T20:20:00+00:00,10.74,8.1423,2.2,2.2,2.2,2.85,11.66,5.1725
2026-04-20T20:22:30+00:00,9.84,6.3666,2.2,2.2,2.2,2.79,5.15,5.3869
2026-04-20T20:25:00+00:00,8.74,5.3846,2.26,2.51,2.2,3.15,2.2,5.5971
2026-04-20T20:27:30+00:00,7.16,4.5389,2.2,2.2,2.2,3.14,2.2,5.8026
2026-04-20T20:30:00+00:00,6.17,4.0706,2.2,2.2,2.2,2.54,2.2,6.0032
2026-04-20T20:32:30+00:00,5.09,3.9229,2.2,2.2,2.2,2.09,2.2,6.1986
2026-04-20T20:35:00+00:00,4.57,3.9684,2.2,2.2,2.2,1.54,2.2,6.3886
2026-04-20T20:37:30+00:00,4.13,4.1132,2.2,2.2,2.2,1.47,2.2,6.5733
2026-04-20T20:40:00+00:00,3.74,4.3047,2.2,2.2,2.2,1.36,2.2,6.7525
2026-04-20T20:42:30+00:00,3.86,4.5162,2.2,2.2,2.2,1.25,2.2,6.9262
2026-04-20T20:45:00+00:00,4.14,4.7349,2.2,2.2,2.2,1.2,3.68,7.0943
2026-04-20T20:47:30+00:00,4.2,4.9547,2.2,2.2,2.2,1.32,5.9,7.2569
2026-04-20T20:50:00+00:00,4.7,5.1725,2.2,2.2,2.2,1.4,10.23,7.4139
2026-04-20T20:52:30+00:00,5.15,5.3869,2.31,2.92,2.2,1.35,12.83,7.5654
2026-04-20T20:55:00+00:00,5.46,5.5971,2.8,4.29,2.2,1.4,13.71,7.7115
2026-04-20T20:57:30+00:00,5.71,5.8026,3.28,4.78,2.2,1.47,13.77,7.8521
2026-04-20T21:00:00+00:00,6.37,6.0032,3.76,5.38,2.2,1.38,16.17,7.9874
2026-04-20T21:02:30+00:00,6.72,6.1986,5.39,7.89,3.45,1.51,15.92,8.1174
2026-04-20T21:05:00+00:00,6.97,6.3886,6.63,8.62,3.7,1.46,14.86,8.2422
2026-04-20T21:07:30+00:00,7.35,6.5733,5.56,7.72,3.84,1.57,14.74,8.3619
2026-04-20T21:10:00+00:00,7.41,6.7525,6.61,9.31,4.49,1.55,12.57,8.4765
2026-04-20T21:12:30+00:00,7.46,6.9262,6.61,8.07,4.36,1.51,10.83,8.5862
2026-04-20T21:15:00+00:00,7.25,7.0943,5.62,7.73,3.32,1.58,7.86,8.691
2026-04-20T21:17:30+00:00,7.01,7.2569,4.63,6.51,2.6,1.68,5.27,8.7909
2026-04-20T21:20:00+00:00,7.03,7.4139,3.09,5.13,2.2,1.92,5.15,8.8862
2026-04-20T21:22:30+00:00,7.57,7.5654,3.41,5.28,2.2,1.84,8.67,8.9769
2026-04-20T21:25:00+00:00,7.83,7.7115,4.53,6.98,2.6,1.71,9.71,9.0631
2026-04-20T21:27:30+00:00,8.23,7.8521,4.98,6.74,3.21,1.66,11.48,9.145
2026-04-20T21:30:00+00:00,8.59,7.9874,6.65,8.4,4.25,1.34,12.5,9.2227
2026-04-20T21:32:30+00:00,8.55,8.1174,6.65,8.85,4.95,1.6,10.93,9.2964
2026-04-20T21:35:00+00:00,8.73,8.2422,7.45,9.17,5.09,1.35,11.07,9.3661
2026-04-20T21:37:30+00:00,8.86,8.3619,7.45,9.41,5.64,1.26,10.82,9.432
2026-04-20T21:40:00+00:00,8.98,8.4765,7.54,9.48,5.71,1.34,10.67,9.4942
2026-04-20T21:42:30+00:00,8.97,8.5862,7.99,8.96,6.69,1.26,9.67,9.5528
2026-04-20T21:45:00+00:00,8.94,8.691,7.15,8.97,5.47,1.44,8.88,9.608
2026-04-20T21:47:30+00:00,8.94,8.7909,6.67,8.59,4.11,1.49,8.44,9.6599
2026-04-20T21:50:00+00:00,8.54,8.8862,7.11,8.79,4.61,1.33,5.56,9.7085
2026-04-20T21:52:30+00:00,8.58,8.9769,5.85,8.35,4.32,1.49,6.31,9.7541
2026-04-20T21:55:00+00:00,8.79,9.0631,6.08,7.81,4.17,1.47,8.15,9.7967
2026-04-20T21:57:30+00:00,8.66,9.145,6.9,9.46,5.32,1.26,7.37,9.8364
2026-04-20T22:00:00+00:00,8.41,9.2227,6.51,8.52,4.42,1.32,6.0,9.8734
2026-04-20T22:02:30+00:00,8.25,9.2964,5.92,6.8,4.61,1.4,5.5,9.9078
2026-04-20T22:05:00+00:00,8.29,9.3661,5.34,6.84,3.52,1.5,6.53,9.9396
2026-04-20T22:07:30+00:00,8.68,9.432,5.55,7.16,3.86,1.45,9.75,9.969
2026-04-20T22:10:00+00:00,9.22,9.4942,7.21,9.04,5.31,1.11,13.25,9.9961
2026-04-20T22:12:30+00:00,9.51,9.5528,9.57,11.12,7.45,0.85,14.1,10.0209
2026-04-20T22:15:00+00:00,9.5,9.608,10.12,11.82,8.48,0.93,12.91,10.0436
2026-04-20T22:17:30+00:00,9.21,9.6599,9.81,11.27,8.77,0.82,9.94,10.0642
2026-04-20T22:20:00+00:00,8.91,9.7085,8.22,10.81,6.18,0.91,7.56,10.0828
2026-04-20T22:22:30+00:00,8.75,9.7541,7.61,9.18,5.61,0.95,6.66,10.0995
2026-04-20T22:25:00+00:00,8.67,9.7967,6.71,8.32,5.1,1.17,6.49,10.1144
2026-04-20T22:27:30+00:00,8.42,9.8364,7.01,8.63,5.31,1.01,5.31,10.1276
2026-04-20T22:30:00+00:00,8.36,9.8734,5.8,7.62,4.74,1.33,5.74,10.1391
2026-04-20T22:32:30+00:00,8.36,9.9078,6.39,8.1,4.83,1.1,6.45,10.1491
2026-04-20T22:35:00+00:00,8.28,9.9396,6.53,8.67,4.89,1.06,6.55,10.1576
2026-04-20T22:37:30+00:00,9.01,9.969,7.16,8.58,4.53,0.89,12.08,10.1647
2026-04-20T22:40:00+00:00,9.48,9.9961,9.38,10.29,8.44,0.67,14.44,10.1705
2026-04-20T22:42:30+00:00,9.88,10.0209,10.93,12.73,9.73,0.86,15.84,10.175
2026-04-20T22:45:00+00:00,10.17,10.0436,12.08,13.38,10.74,1.06,16.12,10.1783
2026-04-20T22:47:30+00:00,10.59,10.0642,12.8,14.29,11.67,1.21,17.12,10.1805
2026-04-20T22:50:00+00:00,10.86,10.0828,12.91,14.31,11.41,1.16,16.8,10.1816
2026-04-20T22:52:30+00:00,10.74,10.0995,13.24,14.56,11.99,1.2,14.03,10.1818
2026-04-20T22:55:00+00:00,10.83,10.1144,12.96,14.35,11.78,1.14,13.31,10.1809
2026-04-20T22:57:30+00:00,10.88,10.1276,11.92,13.13,10.89,0.83,12.38,10.1792
2026-04-20T23:00:00+00:00,10.7,10.1391,11.55,12.59,10.59,0.75,10.25,10.1767
2026-04-20T23:02:30+00:00,10.58,10.1491,10.74,12.27,9.38,0.64,8.97,10.1733
2026-04-20T23:05:00+00:00,10.78,10.1576,9.88,11.5,8.66,0.67,10.3,10.1692
2026-04-20T23:07:30+00:00,10.81,10.1647,10.45,12.52,8.97,0.62,10.26,10.1645
2026-04-20T23:10:00+00:00,10.56,10.1705,10.67,11.76,9.51,0.6,8.44,10.1591
2026-04-20T23:12:30+00:00,10.21,10.175,8.99,11.05,7.88,0.76,6.41,10.153
2026-04-20T23:15:00+00:00,10.05,10.1783,8.65,10.16,7.57,0.7,6.17,10.1464
2026-04-20T23:17:30+00:00,10.0,10.1805,8.13,9.4,6.61,0.77,6.78,10.1393
2026-04-20T23:20:00+00:00,10.48,10.1816,8.36,9.63,6.64,0.69,10.95,10.1317
2026-04-20T23:22:30+00:00,10.68,10.1818,10.64,11.92,9.99,0.61,12.33,10.1237
2026-04-20T23:25:00+00:00,10.4,10.1809,10.81,11.87,9.52,0.69,10.11,10.1152
2026-04-20T23:27:30+00:00,10.16,10.1792,10.48,11.53,9.29,0.59,8.69,10.1064
2026-04-20T23:30:00+00:00,10.05,10.1767,9.47,10.79,8.31,0.5,8.38,10.1185
2026-04-20T23:32:30+00:00,10.15,10.1733,9.07,10.83,7.64,0.5,9.6,10.1296
2026-04-20T23:35:00+00:00,10.46,10.1692,9.52,10.56,8.38,0.51,11.88,10.1396
2026-04-20T23:37:30+00:00,10.17,10.1645,10.8,12.28,9.55,0.69,9.76,10.1487
2026-04-20T23:40:00+00:00,9.75,10.1591,9.82,11.17,8.76,0.53,7.09,10.0689
2026-04-20T23:42:30+00:00,9.71,10.153,8.27,9.88,7.06,0.54,7.58,9.9912
2026-04-20T23:45:00+00:00,9.88,10.1464,11.08,12.29,10.16,0.49,9.42,9.9156
2026-04-20T23:47:30+00:00,9.99,10.1393,12.04,13.23,10.95,0.54,10.4,9.842
2026-04-20T23:50:00+00:00,10.19,10.1317,12.16,13.56,11.22,0.56,11.8,9.7703
2026-04-20T23:52:30+00:00,10.46,10.1237,12.73,13.83,12.04,0.68,13.34,9.7005
2026-04-20T23:55:00+00:00,10.71,10.1152,14.2,14.84,13.5,1.01,14.33,9.6948
2026-04-20T23:57:30+00:00,10.6,10.1064,14.4,15.64,13.33,1.06,12.63,9.6892
2026-04-21T00:00:00+00:00,10.61,10.1185,11.63,11.63,11.63,0.86,12.09,9.6835
2026-04-21T00:02:30+00:00,10.32,10.1296,11.43,11.43,11.43,0.72,9.63,9.6779
2026-04-21T00:05:00+00:00,10.15,10.1396,10.19,10.19,10.19,0.52,8.49,9.6723
2026-04-21T00:07:30+00:00,10.3,10.1487,9.55,9.55,9.55,0.63,9.8,9.6666
2026-04-21T00:10:00+00:00,10.51,10.0689,10.16,10.16,10.16,0.62,11.22,9.661
2026-04-21T00:12:30+00:00,10.45,9.9912,10.88,10.88,10.88,0.69,10.62,9.6554
2026-04-21T00:15:00+00:00,10.39,9.9156,10.59,10.59,10.59,0.61,10.09,9.6498
2026-04-21T00:17:30+00:00,10.34,9.842,10.32,10.32,10.32,0.54,9.76,9.6442
2026-04-21T00:20:00+00:00,10.27,9.7703,10.12,10.12,10.12,0.48,9.43,9.6386
2026-04-21T00:22:30+00:00,10.0,9.7005,9.92,9.92,9.92,0.43,7.81,9.633
2026-04-21T00:25:00+00:00,9.32,9.6948,9.02,9.02,9.02,0.33,4.06,9.6274
2026-04-21T00:27:30+00:00,8.74,9.6892,6.85,6.85,6.85,0.94,2.2,9.6219
2026-04-21T00:30:00+00:00,8.56,9.6835,5.31,5.31,5.31,1.33,2.59,9.6163
2026-04-21T00:32:30+00:00,8.52,9.6779,5.47,5.47,5.47,1.19,4.23,9.6107
2026-04-21T00:35:00+00:00,8.93,9.6723,6.09,6.09,6.09,0.91,8.43,9.6052
2026-04-21T00:37:30+00:00,9.14,9.6666,8.21,8.21,8.21,0.23,10.46,9.5996
2026-04-21T00:40:00+00:00,8.96,9.661,9.27,9.27,9.27,0.22,9.43,9.5941
2026-04-21T00:42:30+00:00,8.86,9.6554,8.81,8.81,8.81,0.15,9.0,9.5886
2026-04-21T00:45:00+00:00,9.16,9.6498,8.62,8.62,8.62,0.14,11.3,9.583
2026-04-21T00:47:30+00:00,9.39,9.6442,9.85,9.85,9.85,0.44,12.55,9.5775
2026-04-21T00:50:00+00:00,9.74,9.6386,10.62,10.62,10.62,0.66,14.27,9.572
2026-04-21T00:52:30+00:00,9.69,9.633,11.68,11.68,11.68,0.95,12.8,9.5665
2026-04-21T00:55:00+00:00,9.4,9.6274,11.11,11.11,11.11,0.74,10.02,9.561
2026-04-21T00:57:30+00:00,9.29,9.6219,9.79,9.79,9.79,0.33,8.94,9.5555
2026-04-21T01:00:00+00:00,9.33,9.6163,9.24,9.24,9.24,0.19,9.2,9.55
2026-04-21T01:02:30+00:00,9.52,9.6107,9.35,9.35,9.35,0.21,10.36,9.5445
2026-04-21T01:05:00+00:00,9.64,9.6052,9.95,9.95,9.95,0.36,10.84,9.539
2026-04-21T01:07:30+00:00,9.62,9.5996,10.24,10.24,10.24,0.43,10.35,9.5336
2026-04-21T01:10:00+00:00,9.61,9.5941,10.03,10.03,10.03,0.36,9.94,9.5281
2026-04-21T01:12:30+00:00,9.47,9.5886,9.84,9.84,9.84,0.3,8.8,9.5226
2026-04-21T01:15:00+00:00,9.41,9.583,9.25,9.25,9.25,0.17,8.44,9.5172
2026-04-21T01:17:30+00:00,9.16,9.5775,9.02,9.02,9.02,0.16,6.98,9.5117
2026-04-21T01:20:00+00:00,9.19,9.572,8.2,8.2,8.2,0.29,7.64,9.5063
2026-04-21T01:22:30+00:00,9.19,9.5665,8.45,8.45,8.45,0.22,8.06,9.5009
2026-04-21T01:25:00+00:00,9.26,9.561,8.59,8.59,8.59,0.18,8.93,9.4954
2026-04-21T01:27:30+00:00,9.07,9.5555,9.0,9.0,9.0,0.18,7.78,9.49
2026-04-21T01:30:00+00:00,8.88,9.55,8.39,8.39,8.39,0.2,6.93,9.4846
2026-04-21T01:32:30+00:00,8.93,9.5445,7.88,7.88,7.88,0.29,7.92,9.4792
2026-04-21T01:35:00+00:00,9.18,9.539,8.31,8.31,8.31,0.19,9.98,9.4738
2026-04-21T01:37:30+00:00,9.28,9.5336,9.35,9.35,9.35,0.31,10.57,9.4684
2026-04-21T01:40:00+00:00,9.27,9.5281,9.71,9.71,9.71,0.41,10.27,9.463
2026-04-21T01:42:30+00:00,9.5,9.5226,9.61,9.61,9.61,0.38,11.63,9.4576
2026-04-21T01:45:00+00:00,9.23,9.5172,10.38,10.38,10.38,0.59,9.26,9.4522
2026-04-21T01:47:30+00:00,8.99,9.5117,9.23,9.23,9.23,0.27,7.67,9.4469
2026-04-21T01:50:00+00:00,8.82,9.5063,8.39,8.39,8.39,0.19,6.84,9.4415
2026-04-21T01:52:30+00:00,8.89,9.5009,7.88,7.88,7.88,0.27,7.81,9.4361
2026-04-21T01:55:00+00:00,9.12,9.4954,8.3,8.3,8.3,0.19,9.67,9.4308
2026-04-21T01:57:30+00:00,9.18,9.49,9.23,9.23,9.23,0.32,9.98,9.4254
2026-04-21T02:00:00+00:00,9.17,9.4846,9.42,9.42,9.42,0.37,9.81,9.4201
2026-04-21T02:02:30+00:00,9.2,9.4792,9.37,9.37,9.37,0.35,9.85,9.4148
2026-04-21T02:05:00+00:00,8.98,9.4738,9.42,9.42,9.42,0.36,8.21,9.4094
2026-04-21T02:07:30+00:00,9.15,9.4684,8.59,8.59,8.59,0.2,9.51,9.4041
2026-04-21T02:10:00+00:00,9.4,9.463,9.23,9.23,9.23,0.32,11.13,9.3988
2026-04-21T02:12:30+00:00,10.03,9.4576,10.1,10.1,10.1,0.55,14.75,9.3935
2026-04-21T02:15:00+00:00,10.59,9.4522,12.17,12.17,12.17,1.13,17.1,9.3882
2026-04-21T02:17:30+00:00,11.04,9.4469,13.67,13.67,13.67,1.52,18.19,9.3829
2026-04-21T02:20:00+00:00,11.1,9.4415,14.57,14.57,14.57,1.71,16.37,9.3776
2026-04-21T02:22:30+00:00,10.67,9.4361,13.91,13.91,13.91,1.41,11.8,9.3723
2026-04-21T02:25:00+00:00,10.07,9.4308,11.62,11.62,11.62,0.66,6.94,9.367
2026-04-21T02:27:30+00:00,9.76,9.4254,9.09,9.09,9.09,0.27,5.19,9.3617
2026-04-21T02:30:00+00:00,9.47,9.4201,7.99,7.99,7.99,0.54,4.17,9.3565
2026-04-21T02:32:30+00:00,8.87,9.4148,7.14,7.14,7.14,0.76,2.2,9.3512
2026-04-21T02:35:00+00:00,8.44,9.4094,5.43,5.43,5.43,1.21,2.2,9.3459
2026-04-21T02:37:30+00:00,8.43,9.4041,4.58,4.58,4.58,1.38,2.75,9.3407
2026-04-21T02:40:00+00:00,8.46,9.3988,5.37,5.37,5.37,1.05,4.77,9.3355
2026-04-21T02:42:30+00:00,8.71,9.3935,6.21,6.21,6.21,0.72,7.75,9.3302
2026-04-21T02:45:00+00:00,9.02,9.3882,7.71,7.71,7.71,0.27,10.6,9.325
2026-04-21T02:47:30+00:00,9.31,9.3829,9.19,9.19,9.19,0.39,12.67,9.3198
2026-04-21T02:50:00+00:00,9.48,9.3776,10.37,10.37,10.37,0.73,13.26,9.3145
2026-04-21T02:52:30+00:00,9.55,9.3723,10.85,10.85,10.85,0.86,13.03,9.3093
2026-04-21T02:55:00+00:00,9.24,9.367,10.92,10.92,10.92,0.86,10.17,9.3041
2026-04-21T02:57:30+00:00,9.19,9.3617,9.57,9.57,9.57,0.46,9.54,9.2989
2026-04-21T03:00:00+00:00,9.25,9.3565,9.28,9.28,9.28,0.38,9.86,9.2937
2026-04-21T03:02:30+00:00,9.22,9.3512,9.46,9.46,9.46,0.42,9.45,9.2885
2026-04-21T03:05:00+00:00,9.16,9.3459,9.27,9.27,9.27,0.37,8.92,9.2833
2026-04-21T03:07:30+00:00,8.7,9.3407,9.0,9.0,9.0,0.31,5.89,9.2782
2026-04-21T03:10:00+00:00,8.45,9.3355,7.39,7.39,7.39,0.36,4.91,9.273
2026-04-21T03:12:30+00:00,8.57,9.3302,6.74,6.74,6.74,0.5,6.61,9.2678
2026-04-21T03:15:00+00:00,9.07,9.325,7.47,7.47,7.47,0.29,10.63,9.2627
2026-04-21T03:17:30+00:00,9.42,9.3198,9.51,9.51,9.51,0.51,12.69,9.2575
2026-04-21T03:20:00+00:00,9.64,9.3145,10.67,10.67,10.67,0.83,13.45,9.2524
2026-04-21T03:22:30+00:00,9.76,9.3093,11.22,11.22,11.22,0.97,13.31,9.2472
2026-04-21T03:25:00+00:00,9.81,9.3041,11.32,11.32,11.32,0.96,12.59,9.2421
2026-04-21T03:27:30+00:00,10.03,9.2989,11.1,11.1,11.1,0.85,13.19,9.2369
2026-04-21T03:30:00+00:00,10.19,9.2937,11.54,11.54,11.54,0.94,13.2,9.2318
2026-04-21T03:32:30+00:00,10.26,9.2885,11.68,11.68,11.68,0.93,12.61,9.2267
2026-04-21T03:35:00+00:00,10.07,9.2833,11.49,11.49,11.49,0.83,10.37,9.2216
2026-04-21T03:37:30+00:00,9.8,9.2782,10.41,10.41,10.41,0.49,8.17,9.2165
2026-04-21T03:40:00+00:00,9.44,9.273,9.25,9.25,9.25,0.25,5.88,9.2114
2026-04-21T03:42:30+00:00,9.35,9.2678,7.95,7.95,7.95,0.41,5.95,9.2063
2026-04-21T03:45:00+00:00,9.49,9.2627,7.81,7.81,7.81,0.42,7.66,9.2012
2026-04-21T03:47:30+00:00,9.56,9.2575,8.55,8.55,8.55,0.26,8.61,9.1961
2026-04-21T03:50:00+00:00,9.49,9.2524,8.97,8.97,8.97,0.24,8.45,9.191
2026-04-21T03:52:30+00:00,9.3,9.2472,8.84,8.84,8.84,0.24,7.54,9.1859
2026-04-21T03:55:00+00:00,9.45,9.2421,8.31,8.31,8.31,0.27,9.1,9.1809
2026-04-21T03:57:30+00:00,9.59,9.2369,9.06,9.06,9.06,0.28,10.24,9.1758
2026-04-21T04:00:00+00:00,9.93,9.2318,9.64,9.64,9.64,0.4,12.44,9.1708
2026-04-21T04:02:30+00:00,10.01,9.2267,10.84,10.84,10.84,0.72,12.46,9.1657
2026-04-21T04:05:00+00:00,9.98,9.2216,10.97,10.97,10.97,0.74,11.61,9.1607
2026-04-21T04:07:30+00:00,9.74,9.2165,10.63,10.63,10.63,0.62,9.5,9.1556
2026-04-21T04:10:00+00:00,9.62,9.2114,9.59,9.59,9.59,0.35,8.7,9.1506
2026-04-21T04:12:30+00:00,9.5,9.2063,9.16,9.16,9.16,0.27,8.06,9.1456
2026-04-21T04:15:00+00:00,9.16,9.2012,8.77,8.77,8.77,0.24,6.1,9.1406
2026-04-21T04:17:30+00:00,8.68,9.1961,7.67,7.67,7.67,0.4,3.88,9.1355
2026-04-21T04:20:00+00:00,8.54,9.191,6.27,6.27,6.27,0.74,4.31,9.1305
2026-04-21T04:22:30+00:00,8.33,9.1859,6.27,6.27,6.27,0.68,4.2,9.1255
2026-04-21T04:25:00+00:00,8.54,9.1809,6.01,6.01,6.01,0.7,6.88,9.1205
2026-04-21T04:27:30+00:00,8.29,9.1758,7.33,7.33,7.33,0.31,6.03,9.1155
2026-04-21T04:30:00+00:00,7.99,9.1708,6.82,6.82,6.82,0.39,4.94,9.1105
2026-04-21T04:32:30+00:00,7.97,9.1657,6.15,6.15,6.15,0.52,5.96,9.1056
2026-04-21T04:35:00+00:00,8.09,9.1607,6.57,6.57,6.57,0.37,7.73,9.1006
2026-04-21T04:37:30+00:00,8.41,9.1556,7.42,7.42,7.42,0.25,10.31,9.0956
2026-04-21T04:40:00+00:00,8.3,9.1506,8.78,8.78,8.78,0.53,9.46,9.0907
2026-04-21T04:42:30+00:00,8.44,9.1456,8.44,8.44,8.44,0.44,10.35,9.0857
2026-04-21T04:45:00+00:00,8.49,9.1406,8.97,8.97,8.97,0.59,10.4,9.0807
2026-04-21T04:47:30+00:00,8.42,9.1355,9.09,9.09,9.09,0.61,9.56,9.0758
2026-04-21T04:50:00+00:00,8.56,9.1305,8.75,8.75,8.75,0.51,10.24,9.0709
2026-04-21T04:52:30+00:00,8.78,9.1255,9.15,9.15,9.15,0.61,11.31,9.0659
2026-04-21T04:55:00+00:00,9.26,9.1205,9.8,9.8,9.8,0.78,13.63,9.061
2026-04-21T04:57:30+00:00,9.27,9.1155,11.22,11.22,11.22,1.16,12.6,9.0561
2026-04-21T05:00:00+00:00,9.22,9.1105,10.8,10.8,10.8,0.98,11.24,9.0512
2026-04-21T05:02:30+00:00,8.88,9.1056,10.22,10.22,10.22,0.77,8.13,9.0462
2026-04-21T05:05:00+00:00,8.54,9.1006,8.67,8.67,8.67,0.33,5.76,9.0413
2026-04-21T05:07:30+00:00,8.37,9.0956,7.37,7.37,7.37,0.3,5.11,9.0364
2026-04-21T05:10:00+00:00,8.28,9.0907,6.89,6.89,6.89,0.39,5.25,9.0315
2026-04-21T05:12:30+00:00,8.29,9.0857,6.81,6.81,6.81,0.38,6.04,9.0266
2026-04-21T05:15:00+00:00,8.33,9.0807,7.08,7.08,7.08,0.31,6.99,9.0218
2026-04-21T05:17:30+00:00,8.92,9.0758,7.48,7.48,7.48,0.24,11.4,9.012
2026-04-21T05:20:00+00:00,9.35,9.0709,9.75,9.75,9.75,0.7,13.78,9.0071
2026-04-21T05:22:30+00:00,9.33,9.0659,11.12,11.12,11.12,1.08,12.53,9.0023
2026-04-21T05:25:00+00:00,9.4,9.061,10.67,10.67,10.67,0.9,12.09,8.9974
2026-04-21T05:27:30+00:00,9.36,9.0561,10.58,10.58,10.58,0.84,10.99,8.9926
2026-04-21T05:30:00+00:00,9.15,9.0512,10.12,10.12,10.12,0.67,9.01,8.9877
2026-04-21T05:32:30+00:00,9.22,9.0462,9.14,9.14,9.14,0.39,9.27,8.9829
2026-04-21T05:35:00+00:00,9.56,9.0413,9.26,9.26,9.26,0.41,11.36,8.978
2026-04-21T05:37:30+00:00,9.81,9.0364,10.35,10.35,10.35,0.69,12.36,8.9732
2026-04-21T05:40:00+00:00,9.7,9.0315,10.96,10.96,10.96,0.83,10.8,8.9684
2026-04-21T05:42:30+00:00,9.47,9.0266,10.25,10.25,10.25,0.59,8.73,8.9636
2026-04-21T05:45:00+00:00,9.1,9.0218,9.2,9.2,9.2,0.31,6.25,8.9588
2026-04-21T05:50:00+00:00,9.02,9.012,8.5,8.5,8.5,0.23,6.56,8.954
2026-04-21T05:52:30+00:00,9.13,9.0071,7.8,7.8,7.8,0.31,7.93,8.9492
2026-04-21T05:55:00+00:00,9.06,9.0023,8.4,8.4,8.4,0.23,7.82,8.9444
2026-04-21T05:57:30+00:00,8.74,8.9974,8.29,8.29,8.29,0.23,6.05,8.9396
2026-04-21T06:00:00+00:00,8.69,8.9926,7.3,7.3,7.3,0.37,6.5,8.9348
2026-04-21T06:02:30+00:00,8.27,8.9877,7.42,7.42,7.42,0.32,4.4,8.93
2026-04-21T06:05:00+00:00,8.28,8.9829,6.22,6.22,6.22,0.59,5.7,8.9252
2026-04-21T06:07:30+00:00,8.12,8.978,6.73,6.73,6.73,0.41,5.58,8.9205
2026-04-21T06:10:00+00:00,8.14,8.9732,6.56,6.56,6.56,0.41,6.61,8.9157
2026-04-21T06:12:30+00:00,8.04,8.9684,7.0,7.0,7.0,0.28,6.66,8.9109
2026-04-21T06:15:00+00:00,8.25,8.9636,6.97,6.97,6.97,0.26,8.8,8.9062
2026-04-21T06:17:30+00:00,8.27,8.9588,8.05,8.05,8.05,0.31,9.07,8.9014
2026-04-21T06:20:00+00:00,8.47,8.954,8.23,8.23,8.23,0.36,10.48,8.8967
2026-04-21T06:22:30+00:00,8.29,8.9492,9.02,9.02,9.02,0.57,8.94,8.892
2026-04-21T06:25:00+00:00,8.68,8.9444,8.31,8.31,8.31,0.38,11.53,8.8872
2026-04-21T06:27:30+00:00,9.25,8.9396,9.71,9.71,9.71,0.76,14.47,8.8825
2026-04-21T06:30:00+00:00,9.37,8.9348,11.49,11.49,11.49,1.25,13.9,8.8778
2026-04-21T06:32:30+00:00,9.24,8.93,11.43,11.43,11.43,1.18,11.83,8.8731
2026-04-21T06:35:00+00:00,9.13,8.9252,10.47,10.47,10.47,0.84,10.22,8.8684
2026-04-21T06:37:30+00:00,9.07,8.9205,9.73,9.73,9.73,0.58,9.24,8.8637
2026-04-21T06:40:00+00:00,9.0,8.9157,9.25,9.25,9.25,0.42,8.44,8.859
2026-04-21T06:42:30+00:00,8.89,8.9109,8.82,8.82,8.82,0.3,7.57,8.8543
2026-04-21T06:45:00+00:00,8.8,8.9062,8.33,8.33,8.33,0.22,7.13,8.8496
2026-04-21T06:47:30+00:00,8.7,8.9014,8.03,8.03,8.03,0.21,6.77,8.8449
2026-04-21T06:50:00+00:00,8.82,8.8967,7.76,7.76,7.76,0.23,7.98,8.8402
2026-04-21T06:52:30+00:00,9.0,8.892,8.3,8.3,8.3,0.22,9.41,8.8356
2026-04-21T06:55:00+00:00,9.22,8.8872,9.01,9.01,9.01,0.35,10.79,8.8309
2026-04-21T06:57:30+00:00,9.41,8.8825,9.76,9.76,9.76,0.55,11.66,8.8262
2026-04-21T07:00:00+00:00,9.47,8.8778,10.29,10.29,10.29,0.68,11.4,8.8216
2026-04-21T07:02:30+00:00,9.1,8.8731,10.26,10.26,10.26,0.64,8.35,8.8169
2026-04-21T07:05:00+00:00,8.47,8.8684,8.74,8.74,8.74,0.24,4.18,8.8123
2026-04-21T07:07:30+00:00,8.54,8.8637,6.5,6.5,6.5,0.57,5.66,8.8076
2026-04-21T07:10:00+00:00,8.7,8.859,7.08,7.08,7.08,0.39,7.54,8.803
2026-04-21T07:12:30+00:00,8.91,8.8543,7.93,7.93,7.93,0.2,9.33,8.7984
2026-04-21T07:15:00+00:00,9.27,8.8496,8.83,8.83,8.83,0.31,11.77,8.7938
2026-04-21T07:17:30+00:00,9.43,8.8449,10.14,10.14,10.14,0.66,12.25,8.7891
2026-04-21T07:20:00+00:00,9.66,8.8402,10.51,10.51,10.51,0.75,13.09,8.7845
2026-04-21T07:22:30+00:00,9.66,8.8356,11.09,11.09,11.09,0.88,12.14,8.7799
2026-04-21T07:25:00+00:00,9.44,8.8309,10.74,10.74,10.74,0.74,9.87,8.7753
2026-04-21T07:27:30+00:00,9.28,8.8262,9.66,9.66,9.66,0.4,8.5,8.7707
2026-04-21T07:30:00+00:00,9.06,8.8216,8.95,8.95,8.95,0.22,7.06,8.7661
2026-04-21T07:32:30+00:00,9.09,8.8169,8.15,8.15,8.15,0.22,7.64,8.7615
2026-04-21T07:35:00+00:00,9.0,8.8123,8.35,8.35,8.35,0.19,7.35,8.757
2026-04-21T07:37:30+00:00,8.92,8.8076,8.13,8.13,8.13,0.21,7.23,8.7524
2026-04-21T07:40:00+00:00,9.02,8.803,7.99,7.99,7.99,0.22,8.38,8.7478
2026-04-21T07:42:30+00:00,9.06,8.7984,8.52,8.52,8.52,0.18,8.9,8.7433
2026-04-21T07:45:00+00:00,9.03,8.7938,8.77,8.77,8.77,0.21,8.79,8.7387
2026-04-21T07:47:30+00:00,8.9,8.7891,8.71,8.71,8.71,0.2,8.1,8.7341
2026-04-21T07:50:00+00:00,8.86,8.7845,8.33,8.33,8.33,0.17,8.1,8.7296
2026-04-21T07:52:30+00:00,8.9,8.7799,8.3,8.3,8.3,0.17,8.63,8.725
2026-04-21T07:55:00+00:00,9.08,8.7753,8.55,8.55,8.55,0.19,10.0,8.6945
2026-04-21T07:57:30+00:00,9.21,8.7707,9.26,9.26,9.26,0.35,10.71,8.6039
2026-04-21T08:00:00+00:00,9.17,8.7661,9.68,9.68,9.68,0.46,10.1,8.3578
2026-04-21T08:02:30+00:00,8.81,8.7615,9.44,9.44,9.44,0.38,7.5,7.7635
2026-04-21T08:05:00+00:00,8.35,8.757,8.11,8.11,8.11,0.17,4.74,6.5533
2026-04-21T08:07:30+00:00,8.21,8.7524,6.6,6.6,6.6,0.53,4.71,4.6301
2026-04-21T08:10:00+00:00,8.55,8.7478,6.42,6.42,6.42,0.54,8.02,3.9633
2026-04-21T08:12:30+00:00,8.95,8.7433,8.0,8.0,8.0,0.15,10.98,3.3812
2026-04-21T08:15:00+00:00,9.34,8.7387,9.54,9.54,9.54,0.49,13.26,3.0137
2026-04-21T08:17:30+00:00,9.34,8.7341,10.85,10.85,10.85,0.86,12.36,2.8294
2026-04-21T08:20:00+00:00,9.28,8.7296,10.56,10.56,10.56,0.74,11.19,2.7587
2026-04-21T08:22:30+00:00,9.31,8.725,2.2,2.2,2.2,1.97,10.8,2.7502
2026-04-21T08:25:00+00:00,9.06,8.6945,2.2,2.2,2.2,1.97,8.56,2.7749
2026-04-21T08:27:30+00:00,8.81,8.6039,2.2,2.2,2.2,1.81,6.9,2.8178
2026-04-21T08:30:00+00:00,8.48,8.3578,2.2,2.2,2.2,1.7,5.06,2.8715
2026-04-21T08:32:30+00:00,8.22,7.7635,2.2,2.2,2.2,1.57,4.09,2.9322
2026-04-21T08:35:00+00:00,7.9,6.5533,2.2,2.2,2.2,1.45,3.26,2.9979
2026-04-21T08:37:30+00:00,7.61,4.6301,2.2,2.2,2.2,2.2,2.71,3.0674
2026-04-21T08:40:00+00:00,6.79,3.9633,2.2,2.2,2.2,2.2,2.2,3.1399
2026-04-21T08:42:30+00:00,5.34,3.3812,2.2,2.2,2.2,1.95,2.2,3.2147
2026-04-21T08:45:00+00:00,4.01,3.0137,2.2,2.2,2.2,1.13,2.2,3.2914
2026-04-21T08:47:30+00:00,3.12,2.8294,2.2,2.2,2.2,0.69,2.2,3.3696
2026-04-21T08:50:00+00:00,2.34,2.7587,2.2,2.2,2.2,0.54,2.2,3.4488
2026-04-21T08:52:30+00:00,2.0,2.7502,2.2,2.2,2.2,0.35,2.2,3.5288
2026-04-21T08:55:00+00:00,1.82,2.7749,2.2,2.2,2.2,0.3,2.2,3.6092
2026-04-21T08:57:30+00:00,1.97,2.8178,2.2,2.2,2.2,0.15,2.2,3.6899
2026-04-21T09:00:00+00:00,2.25,2.8715,2.2,2.2,2.2,0.31,2.94,3.7704
2026-04-21T09:02:30+00:00,2.31,2.9322,2.2,2.2,2.2,0.32,4.81,3.935
2026-04-21T09:05:00+00:00,2.41,2.9979,2.2,2.2,2.2,0.34,6.24,4.0987
2026-04-21T09:07:30+00:00,2.58,3.0674,2.2,2.2,2.2,0.37,7.55,4.261
2026-04-21T09:10:00+00:00,2.66,3.1399,2.2,2.2,2.2,0.41,7.65,4.4216
2026-04-21T09:12:30+00:00,2.71,3.2147,2.2,2.2,2.2,0.47,7.33,4.5803
2026-04-21T09:15:00+00:00,2.93,3.2914,2.2,2.2,2.2,0.44,7.83,4.7367
2026-04-21T09:17:30+00:00,3.14,3.3696,2.2,2.2,2.2,0.51,8.18,4.8907
2026-04-21T09:20:00+00:00,3.48,3.4488,2.22,2.3,2.2,0.5,9.14,5.0421
2026-04-21T09:22:30+00:00,4.06,3.5288,2.79,3.86,2.2,0.59,11.29,5.1907
2026-04-21T09:25:00+00:00,4.36,3.6092,3.55,5.03,2.2,0.8,11.14,5.3363
2026-04-21T09:27:30+00:00,4.12,3.6899,3.92,5.21,2.42,0.9,7.45,5.4789
2026-04-21T09:30:00+00:00,3.95,3.7704,2.9,4.28,2.2,0.7,4.98,5.6183
2026-04-21T09:32:30+00:00,3.78,3.935,2.34,3.14,2.2,0.75,3.01,5.7545
2026-04-21T09:35:00+00:00,3.92,4.0987,2.2,2.2,2.2,0.7,3.63,5.8873
2026-04-21T09:37:30+00:00,4.21,4.261,2.33,3.03,2.2,0.76,5.23,6.0167
2026-04-21T09:40:00+00:00,4.5,4.4216,2.39,3.38,2.2,0.78,6.56,6.1428
2026-04-21T09:42:30+00:00,4.9,4.5803,3.14,4.03,2.31,0.75,8.32,6.2654
2026-04-21T09:45:00+00:00,5.1,4.7367,3.89,5.52,2.36,0.83,8.46,6.3845
2026-04-21T09:47:30+00:00,5.16,4.8907,4.61,5.52,3.4,0.79,7.6,6.5002
2026-04-21T09:50:00+00:00,4.9,5.0421,3.84,5.48,2.77,0.91,4.8,6.6124
2026-04-21T09:52:30+00:00,4.88,5.1907,2.92,4.45,2.2,0.92,4.3,6.7212
2026-04-21T09:55:00+00:00,4.68,5.3363,3.39,4.7,2.2,0.92,2.74,6.8266
2026-04-21T09:57:30+00:00,4.27,5.4789,2.46,3.55,2.2,1.0,2.2,6.9286
2026-04-21T10:00:00+00:00,3.98,5.6183,2.2,2.2,2.2,1.05,2.2,7.0273
2026-04-21T10:02:30+00:00,4.36,5.7545,2.2,2.2,2.2,0.87,2.8,7.1226
2026-04-21T10:05:00+00:00,4.55,5.8873,2.4,3.34,2.2,0.91,4.58,7.2147
2026-04-21T10:07:30+00:00,4.71,6.0167,2.82,3.91,2.2,0.84,5.72,7.3035
2026-04-21T10:10:00+00:00,4.85,6.1428,3.3,5.46,2.2,0.75,6.5,7.3892
2026-04-21T10:12:30+00:00,5.01,6.2654,4.05,6.03,2.84,0.76,7.18,7.4718
2026-04-21T10:15:00+00:00,5.11,6.3845,4.33,6.05,2.2,0.7,7.28,7.5513
2026-04-21T10:17:30+00:00,5.47,6.5002,5.03,6.14,3.78,0.69,9.12,7.6279
2026-04-21T10:20:00+00:00,5.75,6.6124,5.67,7.41,4.1,0.72,9.76,7.7015
2026-04-21T10:22:30+00:00,6.04,6.7212,6.25,7.72,4.68,0.76,10.43,7.7723
2026-04-21T10:25:00+00:00,6.13,6.8266,6.89,8.18,5.6,0.84,9.73,7.8403
2026-04-21T10:27:30+00:00,6.63,6.9286,6.85,8.34,5.41,0.74,11.59,7.9056
2026-04-21T10:30:00+00:00,7.54,7.0273,7.75,9.86,6.35,0.88,15.84,7.9682
2026-04-21T10:32:30+00:00,8.04,7.1226,10.51,11.89,8.76,1.5,16.44,8.0283
2026-04-21T10:35:00+00:00,8.13,7.2147,11.25,12.76,9.78,1.56,14.18,8.0858
2026-04-21T10:37:30+00:00,8.21,7.3035,10.59,11.91,8.85,1.29,12.34,8.1409
2026-04-21T10:40:00+00:00,8.19,7.3892,9.28,10.51,8.48,0.88,10.42,8.1936
2026-04-21T10:42:30+00:00,7.87,7.4718,9.04,10.03,7.64,0.74,6.9,8.244
2026-04-21T10:45:00+00:00,7.56,7.5513,7.46,8.72,6.2,0.56,4.27,8.2922
2026-04-21T10:47:30+00:00,7.4,7.6279,5.84,7.49,4.68,0.86,3.37,8.3382
2026-04-21T10:50:00+00:00,7.3,7.7015,5.23,6.97,3.79,1.01,3.25,8.3821
2026-04-21T10:52:30+00:00,7.63,7.7723,4.71,5.8,3.66,1.16,6.17,8.4239
2026-04-21T10:55:00+00:00,7.89,7.8403,6.37,7.65,5.05,0.74,8.1,8.4638
2026-04-21T10:57:30+00:00,7.98,7.9056,7.22,8.42,5.99,0.58,8.61,8.5017
2026-04-21T11:00:00+00:00,8.08,7.9682,7.78,9.24,6.3,0.52,9.02,8.5377
2026-04-21T11:02:30+00:00,8.02,8.0283,7.91,9.16,6.52,0.54,8.28,8.572
2026-04-21T11:05:00+00:00,8.1,8.0858,8.33,9.47,7.26,0.57,8.64,8.6044
2026-04-21T11:07:30+00:00,7.86,8.1409,7.95,9.39,6.51,0.54,6.77,8.6352
2026-04-21T11:10:00+00:00,8.05,8.1936,6.69,7.64,6.05,0.63,8.23,8.6643
2026-04-21T11:12:30+00:00,8.24,8.244,7.7,8.88,6.7,0.5,9.43,8.6918
2026-04-21T11:15:00+00:00,8.08,8.2922,8.7,9.84,7.3,0.58,8.0,8.7178
2026-04-21T11:17:30+00:00,7.77,8.3382,7.8,9.05,6.76,0.51,5.89,8.7424
2026-04-21T11:20:00+00:00,7.84,8.3821,6.66,7.52,5.48,0.6,6.78,8.7655
2026-04-21T11:22:30+00:00,8.3,8.4239,6.95,7.88,5.98,0.54,10.1,8.7873
2026-04-21T11:25:00+00:00,8.35,8.4638,8.64,9.95,7.53,0.61,9.97,8.8078
2026-04-21T11:27:30+00:00,8.29,8.5017,8.99,10.52,7.84,0.64,9.16,8.8271
2026-04-21T11:30:00+00:00,8.46,8.5377,8.55,9.91,7.23,0.57,10.02,8.8451
2026-04-21T11:32:30+00:00,8.75,8.572,8.97,10.22,7.81,0.64,11.46,8.862
2026-04-21T11:35:00+00:00,8.88,8.6044,9.67,10.73,8.66,0.77,11.48,8.8778
2026-04-21T11:37:30+00:00,8.85,8.6352,10.12,11.38,8.95,0.86,10.5,8.8925
2026-04-21T11:40:00+00:00,8.32,8.6643,9.39,10.38,8.74,0.67,6.27,8.9062
2026-04-21T11:42:30+00:00,8.11,8.6918,7.37,8.35,6.6,0.47,5.21,8.9189
2026-04-21T11:45:00+00:00,8.08,8.7178,6.8,8.28,5.71,0.56,5.58,8.9307
2026-04-21T11:47:30+00:00,8.24,8.7424,6.71,7.97,5.87,0.56,7.25,8.9416
2026-04-21T11:50:00+00:00,8.53,8.7655,7.69,8.79,6.8,0.44,9.46,8.9516
2026-04-21T11:52:30+00:00,8.91,8.7873,8.85,9.84,7.95,0.53,11.8,8.9608
2026-04-21T11:55:00+00:00,9.05,8.8078,9.85,11.0,9.16,0.77,12.04,8.8941
2026-04-21T11:57:30+00:00,9.0,8.8271,12.16,13.04,11.51,0.79,10.84,8.8292
2026-04-21T12:00:00+00:00,8.76,8.8451,12.07,13.19,10.89,0.72,8.68,8.7659
2026-04-21T12:02:30+00:00,8.86,8.862,10.6,11.66,9.74,0.44,9.2,8.7042
2026-04-21T12:05:00+00:00,8.77,8.8778,10.92,11.76,10.08,0.49,8.35,8.6442
2026-04-21T12:07:30+00:00,8.98,8.8925,10.44,11.2,9.6,0.43,9.74,8.5858
2026-04-21T12:10:00+00:00,9.37,8.9062,10.96,11.86,10.24,0.47,12.04,8.5534
2026-04-21T12:12:30+00:00,9.57,8.9189,10.64,10.64,10.64,0.7,12.57,8.4565
2026-04-21T12:15:00+00:00,9.81,8.9307,11.04,11.04,11.04,0.77,13.25,8.1923
2026-04-21T12:17:30+00:00,9.81,8.9416,11.53,11.53,11.53,0.86,12.12,7.5532
2026-04-21T12:20:00+00:00,9.57,8.9516,11.09,11.09,11.09,0.71,9.68,6.2517
2026-04-21T12:22:30+00:00,9.19,8.9608,9.9,9.9,9.9,0.55,6.8,4.1832
2026-04-21T12:25:00+00:00,8.89,8.8941,8.38,8.38,8.38,0.7,5.14,3.4895
2026-04-21T12:27:30+00:00,8.53,8.8292,7.38,7.38,7.38,0.89,3.68,2.885
2026-04-21T12:30:00+00:00,8.32,8.7659,6.35,6.35,6.35,1.09,3.54,2.5596
2026-04-21T12:32:30+00:00,8.18,8.7042,6.04,6.04,6.04,1.14,3.98,2.3796
2026-04-21T12:35:00+00:00,7.95,8.6442,6.05,6.05,6.05,1.06,3.78,2.3202
2026-04-21T12:37:30+00:00,7.8,8.5858,2.2,2.2,2.2,1.57,4.2,2.3263
2026-04-21T12:40:00+00:00,7.96,8.5534,2.2,2.2,2.2,1.48,6.46,2.3666
2026-04-21T12:42:30+00:00,8.17,8.4565,2.2,2.2,2.2,1.63,8.68,2.4253
2026-04-21T12:45:00+00:00,8.0,8.1923,2.2,2.2,2.2,1.74,7.85,2.4944
2026-04-21T12:47:30+00:00,8.02,7.5532,2.2,2.2,2.2,1.72,8.32,2.5699
2026-04-21T12:50:00+00:00,8.37,6.2517,2.2,2.2,2.2,1.74,10.89,2.6497
2026-04-21T12:52:30+00:00,8.04,4.1832,2.64,3.86,2.2,2.47,8.28,2.7325
2026-04-21T12:55:00+00:00,7.45,3.4895,2.6,3.8,2.2,2.46,4.44,2.8177
2026-04-21T12:57:30+00:00,6.28,2.885,2.2,2.2,2.2,2.54,2.2,2.9046
2026-04-21T13:00:00+00:00,5.03,2.5596,2.2,2.2,2.2,2.09,2.2,2.9926
2026-04-21T13:02:30+00:00,4.11,2.3796,2.2,2.2,2.2,1.56,2.2,3.0815
2026-04-21T13:05:00+00:00,3.28,2.3202,2.2,2.2,2.2,1.4,2.2,3.1709
2026-04-21T13:07:30+00:00,2.42,2.3263,2.2,2.2,2.2,0.9,2.2,3.2605
2026-04-21T13:10:00+00:00,1.92,2.3666,2.2,2.2,2.2,0.73,2.2,3.3499
2026-04-21T13:12:30+00:00,1.72,2.4253,2.2,2.2,2.2,0.64,2.2,3.4389
2026-04-21T13:15:00+00:00,1.72,2.4944,2.2,2.2,2.2,0.47,2.2,3.5274
2026-04-21T13:17:30+00:00,1.99,2.5699,2.2,2.2,2.2,0.59,2.2,3.6151
2026-04-21T13:20:00+00:00,2.28,2.6497,2.2,2.2,2.2,0.55,5.08,3.7018
2026-04-21T13:22:30+00:00,2.69,2.7325,2.2,2.2,2.2,0.67,8.48,3.7873
2026-04-21T13:25:00+00:00,3.27,2.8177,2.22,2.29,2.2,0.76,11.74,3.96
2026-04-21T13:27:30+00:00,3.49,2.9046,2.54,3.3,2.2,0.87,11.75,4.13
2026-04-21T13:30:00+00:00,3.55,2.9926,2.72,3.64,2.2,0.96,10.4,4.2969
2026-04-21T13:32:30+00:00,3.57,3.0815,3.03,4.23,2.2,0.93,8.92,4.4607
2026-04-21T13:35:00+00:00,3.68,3.1709,2.9,4.08,2.2,0.91,8.2,4.621
2026-04-21T13:37:30+00:00,3.77,3.2605,2.77,3.69,2.2,0.94,7.54,4.7779
2026-04-21T13:40:00+00:00,3.54,3.3499,2.57,3.43,2.2,0.96,4.73,4.9312
2026-04-21T13:42:30+00:00,3.32,3.4389,2.26,2.46,2.2,0.97,2.6,5.0808
2026-04-21T13:45:00+00:00,3.0,3.5274,2.2,2.21,2.2,0.98,2.2,5.2267
2026-04-21T13:47:30+00:00,2.94,3.6151,2.2,2.2,2.2,0.88,2.2,5.3687
2026-04-21T13:50:00+00:00,2.82,3.7018,2.2,2.2,2.2,0.87,2.2,5.5069
2026-04-21T13:52:30+00:00,3.09,3.7873,2.2,2.2,2.2,0.89,2.49,5.6411
2026-04-21T13:55:00+00:00,3.07,3.96,2.2,2.2,2.2,0.91,2.52,5.7715
2026-04-21T13:57:30+00:00,3.01,4.13,2.2,2.2,2.2,0.96,2.28,5.898
2026-04-21T14:00:00+00:00,3.16,4.2969,2.23,2.31,2.2,0.89,3.55,6.0206
2026-04-21T14:02:30+00:00,3.42,4.4607,2.27,2.6,2.2,0.9,5.2,6.1393
2026-04-21T14:05:00+00:00,3.7,4.621,2.49,3.98,2.2,0.87,6.63,6.2542
2026-04-21T14:07:30+00:00,3.87,4.7779,3.09,4.63,2.2,0.9,7.01,6.3653
2026-04-21T14:10:00+00:00,3.93,4.9312,3.32,4.54,2.29,0.92,6.49,6.4726
2026-04-21T14:12:30+00:00,4.72,5.0808,3.48,4.68,2.36,0.88,10.77,6.5762
2026-04-21T14:15:00+00:00,5.01,5.2267,5.88,7.09,4.37,1.03,10.84,6.6761
2026-04-21T14:17:30+00:00,5.21,5.3687,6.42,8.04,4.19,1.03,10.29,6.7724
2026-04-21T14:20:00+00:00,5.61,5.5069,5.75,8.04,4.48,0.99,11.15,6.8653
2026-04-21T14:22:30+00:00,5.87,5.6411,7.2,9.36,5.33,1.06,10.87,6.9546
2026-04-21T14:25:00+00:00,5.92,5.7715,6.9,8.79,4.84,0.98,9.24,7.0405
2026-04-21T14:27:30+00:00,6.04,5.898,6.73,8.09,5.02,0.86,8.67,7.1231
2026-04-21T14:30:00+00:00,6.14,6.0206,6.05,7.56,4.5,0.96,7.93,7.2025
2026-04-21T14:32:30+00:00,6.51,6.1393,5.56,6.96,4.38,0.99,9.32,7.2786
2026-04-21T14:35:00+00:00,6.68,6.2542,7.67,8.98,6.28,0.84,9.09,7.3517
2026-04-21T14:37:30+00:00,6.79,6.3653,7.07,8.32,5.88,0.8,8.58,7.4217
2026-04-21T14:40:00+00:00,6.71,6.4726,6.62,8.44,4.6,0.89,7.05,7.4888
2026-04-21T14:42:30+00:00,6.56,6.5762,5.85,7.42,4.4,1.01,5.35,7.5531
2026-04-21T14:45:00+00:00,6.37,6.6761,5.64,7.54,3.84,0.98,3.96,7.6145
2026-04-21T14:47:30+00:00,6.5,6.7724,4.72,6.64,2.57,1.18,5.07,7.6733
2026-04-21T14:50:00+00:00,6.87,6.8653,5.51,7.17,3.74,0.95,7.63,7.7294
2026-04-21T14:52:30+00:00,6.86,6.9546,5.95,7.53,4.3,0.99,7.14,7.7829
2026-04-21T14:55:00+00:00,7.0,7.0405,6.32,7.83,4.98,0.86,7.8,9.6211
2026-04-21T14:57:30+00:00,7.26,7.1231,7.3,8.72,5.25,0.65,9.22,10.9068
2026-04-21T15:00:00+00:00,7.46,7.2025,7.61,9.54,5.93,0.71,9.89,11.7645
2026-04-21T15:02:30+00:00,7.62,7.2786,8.35,9.78,7.29,0.64,10.08,12.2954
2026-04-21T15:05:00+00:00,7.43,7.3517,8.6,10.03,7.53,0.69,7.96,12.5802
2026-04-21T15:07:30+00:00,7.09,7.4217,7.4,9.02,5.87,0.7,5.29,12.6825
2026-04-21T15:10:00+00:00,6.75,7.4888,6.05,7.43,4.56,0.94,3.25,12.6522
2026-04-21T15:12:30+00:00,7.07,7.5531,4.79,6.72,3.01,1.25,6.15,12.5279
2026-04-21T15:15:00+00:00,7.24,7.6145,6.2,7.81,4.56,0.88,7.47,12.3397
2026-04-21T15:17:30+00:00,7.52,7.6733,6.48,7.38,5.71,0.85,9.21,12.1106
2026-04-21T15:20:00+00:00,7.98,7.7294,7.57,8.72,6.66,0.64,11.83,11.858
2026-04-21T15:22:30+00:00,8.19,7.7829,13.43,15.28,12.38,1.75,12.23,11.5948
2026-04-21T15:25:00+00:00,8.34,9.6211,13.36,14.93,11.69,1.68,11.99,11.3306
2026-04-21T15:27:30+00:00,8.34,10.9068,12.75,14.39,11.42,1.45,10.85,11.0722
2026-04-21T15:30:00+00:00,9.01,11.7645,12.32,14.16,11.07,1.37,14.18,10.8244
2026-04-21T15:32:30+00:00,10.2,12.2954,13.89,15.86,12.36,1.69,20.24,10.5902
2026-04-21T15:35:00+00:00,11.38,12.5802,17.6,18.91,16.65,2.75,24.87,10.3717
2026-04-21T15:37:30+00:00,12.82,12.6825,19.97,21.29,18.66,3.26,30.06,10.1696
2026-04-21T15:40:00+00:00,13.89,12.6522,23.54,25.21,21.93,4.15,31.61,9.9844
2026-04-21T15:42:30+00:00,14.53,12.5279,24.43,26.12,23.36,4.14,29.93,9.8158
2026-04-21T15:45:00+00:00,14.67,12.3397,24.39,25.58,23.34,3.88,25.26,9.663
2026-04-21T15:47:30+00:00,14.53,12.1106,23.05,23.99,21.87,3.27,19.82,9.5251
2026-04-21T15:50:00+00:00,14.1,11.858,19.96,21.52,18.96,2.12,13.98,9.4013
2026-04-21T15:52:30+00:00,13.37,11.5948,16.7,18.28,15.39,1.07,7.31,9.2905
2026-04-21T15:55:00+00:00,12.84,11.3306,12.95,14.49,11.58,0.67,4.05,9.1918
2026-04-21T15:57:30+00:00,12.35,11.0722,10.52,12.0,9.3,1.22,2.2,9.1041
2026-04-21T16:00:00+00:00,11.81,10.8244,8.5,9.55,7.49,1.73,2.2,9.0263
2026-04-21T16:02:30+00:00,11.54,10.5902,7.69,9.07,6.36,1.94,2.2,8.9576
2026-04-21T16:05:00+00:00,11.46,10.3717,7.4,8.69,6.35,1.92,3.47,8.8969
2026-04-21T16:07:30+00:00,11.35,10.1696,7.84,9.17,7.16,1.66,5.11,8.8435
2026-04-21T16:10:00+00:00,11.06,9.9844,8.66,9.51,7.43,1.37,5.31,8.7157
2026-04-21T16:12:30+00:00,10.73,9.8158,10.4,11.77,9.47,1.37,5.25,8.5963
2026-04-21T16:15:00+00:00,10.13,9.663,10.11,11.14,9.27,1.36,3.44,8.4844
2026-04-21T16:17:30+00:00,9.96,9.5251,9.28,10.04,8.32,1.57,4.8,8.3795
2026-04-21T16:20:00+00:00,9.89,9.4013,9.42,10.49,8.4,1.38,6.48,8.2809
2026-04-21T16:22:30+00:00,9.75,9.2905,9.9,11.16,8.74,1.11,7.15,8.188
2026-04-21T16:25:00+00:00,9.81,9.1918,10.23,11.1,9.26,0.97,9.02,8.1593
2026-04-21T16:27:30+00:00,9.94,9.1041,9.01,9.14,8.92,0.74,10.89,8.1337
2026-04-21T16:30:00+00:00,9.97,9.0263,10.01,10.13,9.91,0.56,11.54,8.1109
2026-04-21T16:32:30+00:00,9.97,8.9576,10.42,10.51,10.34,0.47,11.7,8.0904
2026-04-21T16:35:00+00:00,10.1,8.8969,10.59,10.67,10.5,0.48,12.64,8.072
2026-04-21T16:37:30+00:00,10.0,8.8435,11.16,11.26,11.08,0.56,11.66,8.0554
2026-04-21T16:40:00+00:00,9.97,8.7157,10.78,10.87,10.7,0.55,11.22,8.0405
2026-04-21T16:42:30+00:00,9.88,8.5963,10.6,10.69,10.55,0.43,10.45,8.0269
2026-04-21T16:45:00+00:00,9.56,8.4844,10.25,10.34,10.21,0.42,8.25,8.0146
2026-04-21T16:47:30+00:00,8.83,8.3795,9.12,9.2,9.07,0.66,3.95,8.0034
2026-04-21T16:50:00+00:00,8.24,8.2809,6.7,6.78,6.66,1.28,2.2,7.9931
2026-04-21T16:52:30+00:00,7.93,8.188,5.11,5.15,5.09,1.64,2.2,7.9836
2026-04-21T16:55:00+00:00,7.63,8.1593,4.77,4.82,4.74,1.65,2.2,7.9748
2026-04-21T16:57:30+00:00,7.43,8.1337,4.56,4.61,4.53,1.62,2.3,7.9666
2026-04-21T17:00:00+00:00,7.37,8.1109,4.68,4.72,4.65,1.49,3.86,7.959
2026-04-21T17:02:30+00:00,7.62,8.0904,5.3,5.34,5.28,1.21,6.96,7.9518
2026-04-21T17:05:00+00:00,8.31,8.072,6.88,6.9,6.86,0.67,12.45,7.9451
2026-04-21T17:07:30+00:00,8.54,8.0554,9.77,9.8,9.75,0.36,13.47,7.9386
2026-04-21T17:10:00+00:00,8.75,8.0405,10.52,10.54,10.5,0.56,13.88,7.9325
2026-04-21T17:12:30+00:00,8.79,8.0269,11.06,11.08,11.05,0.68,13.18,7.9267
2026-04-21T17:15:00+00:00,9.16,8.0146,10.86,10.88,10.85,0.59,14.4,7.9211
2026-04-21T17:17:30+00:00,9.23,8.0034,11.81,11.82,11.8,0.81,13.38,7.9157
2026-04-21T17:20:00+00:00,8.73,7.9931,11.5,11.51,11.49,0.67,8.86,7.9104
2026-04-21T17:22:30+00:00,8.51,7.9836,9.23,9.24,9.22,0.26,7.07,7.9053
2026-04-21T17:25:00+00:00,8.12,7.9748,8.28,8.29,8.27,0.48,4.55,7.9004
2026-04-21T17:27:30+00:00,7.62,7.9666,6.87,6.88,6.87,0.87,2.2,7.8955
2026-04-21T17:30:00+00:00,7.49,7.959,5.34,5.34,5.33,1.29,2.63,7.8907
2026-04-21T17:32:30+00:00,7.32,7.9518,5.33,5.34,5.32,1.24,2.86,7.8814
2026-04-21T17:35:00+00:00,7.1,7.9451,5.22,5.23,5.22,1.21,2.85,7.8769
2026-04-21T17:37:30+00:00,6.98,7.9386,5.01,5.02,5.01,1.21,3.3,7.8724
2026-04-21T17:40:00+00:00,7.21,7.9325,5.15,5.15,5.15,1.1,6.2,7.868
2026-04-21T17:42:30+00:00,7.56,7.9267,6.52,6.53,6.52,0.65,9.19,7.8636
2026-04-21T17:45:00+00:00,7.82,7.9211,8.07,8.07,8.06,0.26,10.94,7.8592
2026-04-21T17:47:30+00:00,7.68,7.9157,9.08,9.09,9.08,0.32,9.51,7.8548
2026-04-21T17:50:00+00:00,7.76,7.9104,8.49,8.49,8.49,0.24,9.76,7.8505
2026-04-21T17:52:30+00:00,8.1,7.9053,8.71,8.72,8.71,0.25,11.6,7.8462
2026-04-21T17:55:00+00:00,8.63,7.9004,9.78,9.78,9.77,0.45,14.06,7.8419
2026-04-21T17:57:30+00:00,8.55,7.8955,11.34,11.34,11.33,0.85,12.22,7.8377
2026-04-21T18:00:00+00:00,8.35,7.8907,10.53,10.53,10.52,0.56,9.73,7.8334
2026-04-21T18:05:00+00:00,7.63,7.8814,7.73,7.74,7.73,0.47,4.36,7.8292
2026-04-21T18:07:30+00:00,7.78,7.8769,6.52,6.52,6.52,0.8,6.01,7.8249
2026-04-21T18:10:00+00:00,7.73,7.8724,7.23,7.23,7.23,0.58,6.07,7.8207
2026-04-21T18:12:30+00:00,8.01,7.868,7.18,7.18,7.18,0.58,8.32,7.8165
2026-04-21T18:15:00+00:00,8.18,7.8636,8.28,8.28,8.28,0.3,9.44,7.8123
2026-04-21T18:17:30+00:00,8.32,7.8592,8.89,8.89,8.89,0.22,10.04,7.8081
2026-04-21T18:20:00+00:00,8.39,7.8548,9.26,9.27,9.26,0.24,10.08,7.8039
2026-04-21T18:22:30+00:00,8.41,7.8505,9.36,9.36,9.36,0.24,9.65,7.7997
2026-04-21T18:25:00+00:00,8.49,7.8462,9.21,9.21,9.21,0.22,9.76,7.7955
2026-04-21T18:27:30+00:00,8.23,7.8419,9.32,9.32,9.32,0.22,7.58,7.7914
2026-04-21T18:30:00+00:00,8.45,7.8377,8.23,8.23,8.23,0.37,9.11,7.7872
2026-04-21T18:32:30+00:00,8.78,7.8334,9.0,9.0,9.0,0.23,11.06,7.783
2026-04-21T18:35:00+00:00,8.77,7.8292,10.05,10.05,10.05,0.31,10.27,7.7788
2026-04-21T18:37:30+00:00,8.55,7.8249,9.73,9.73,9.73,0.24,8.23,7.7746
2026-04-21T18:40:00+00:00,8.46,7.8207,8.72,8.72,8.72,0.31,7.54,7.7705
2026-04-21T18:42:30+00:00,8.47,7.8165,8.34,8.34,8.34,0.4,7.72,7.7663
2026-04-21T18:45:00+00:00,8.58,7.8123,8.39,8.39,8.39,0.39,8.58,7.7621
2026-04-21T18:47:30+00:00,8.75,7.8081,8.8,8.8,8.8,0.29,9.64,7.7579
2026-04-21T18:50:00+00:00,8.74,7.8039,9.35,9.35,9.35,0.21,9.3,7.7538
2026-04-21T18:52:30+00:00,8.45,7.7997,9.21,9.21,9.21,0.23,7.16,7.7496
2026-04-21T18:55:00+00:00,8.21,7.7955,8.11,8.11,8.11,0.48,5.76,7.7454
2026-04-21T18:57:30+00:00,7.8,7.7914,7.31,7.31,7.31,0.69,3.65,7.7413
2026-04-21T19:00:00+00:00,7.22,7.7872,6.08,6.08,6.08,1.02,2.2,7.7371
2026-04-21T19:02:30+00:00,7.43,7.783,4.43,4.43,4.43,1.46,4.02,7.7329
2026-04-21T19:05:00+00:00,7.23,7.7788,5.8,5.8,5.8,0.98,3.89,7.7288
2026-04-21T19:07:30+00:00,7.19,7.7746,5.58,5.58,5.58,0.98,4.81,7.7246
2026-04-21T19:10:00+00:00,7.33,7.7705,5.93,5.93,5.93,0.82,6.74,7.6736
2026-04-21T19:12:30+00:00,7.04,7.7663,6.85,6.85,6.85,0.51,5.4,7.5145
2026-04-21T19:15:00+00:00,6.66,7.7621,6.14,6.14,6.14,0.68,3.62,7.0753
2026-04-21T19:17:30+00:00,7.05,7.7579,5.14,5.14,5.14,0.92,7.36,6.0088
2026-04-21T19:20:00+00:00,7.54,7.7538,6.98,6.98,6.98,0.35,10.94,4.9193
2026-04-21T19:22:30+00:00,7.93,7.7496,8.9,8.9,8.9,0.35,12.88,3.238
2026-04-21T19:25:00+00:00,8.03,7.7454,10.17,10.17,10.17,0.69,12.57,2.2
2026-04-21T19:27:30+00:00,8.04,7.7413,10.17,10.17,10.17,0.65,11.46,2.2
2026-04-21T19:30:00+00:00,8.05,7.7371,9.8,9.8,9.8,0.51,10.58,2.2
2026-04-21T19:32:30+00:00,8.26,7.7329,9.49,9.49,9.49,0.38,11.13,2.2
2026-04-21T19:35:00+00:00,8.1,7.7288,9.89,9.89,9.89,0.46,9.12,2.2
2026-04-21T19:37:30+00:00,8.07,7.7246,8.95,8.95,8.95,0.2,8.38,2.2
2026-04-21T19:40:00+00:00,7.79,7.6736,2.2,2.2,2.2,1.37,6.16,2.2089
2026-04-21T19:42:30+00:00,7.72,7.5145,2.2,2.2,2.2,1.26,5.89,2.2543
2026-04-21T19:45:00+00:00,7.76,7.0753,2.2,2.2,2.2,1.25,6.44,2.3226
2026-04-21T19:47:30+00:00,7.51,6.0088,2.2,2.2,2.2,1.29,5.06,2.4068
2026-04-21T19:50:00+00:00,7.07,4.9193,2.2,2.2,2.2,1.28,2.7,2.503
2026-04-21T19:52:30+00:00,6.2,3.238,2.2,2.2,2.2,1.2,2.2,2.6088
2026-04-21T19:55:00+00:00,4.99,2.2,2.2,2.2,2.2,2.05,2.2,2.7227
2026-04-21T19:57:30+00:00,3.57,2.2,2.2,2.2,2.2,1.64,2.2,2.8433
2026-04-21T20:00:00+00:00,2.48,2.2,2.2,2.2,2.2,1.19,2.2,2.9695
2026-04-21T20:02:30+00:00,1.86,2.2,2.2,2.2,2.2,1.01,2.2,3.1006
2026-04-21T20:05:00+00:00,1.59,2.2,2.2,2.2,2.2,0.82,2.2,3.2356
2026-04-21T20:07:30+00:00,1.55,2.2,2.2,2.2,2.2,0.93,2.2,3.3738
2026-04-21T20:10:00+00:00,1.68,2.2089,2.2,2.2,2.2,0.79,2.2,3.5145
2026-04-21T20:12:30+00:00,1.97,2.2543,2.2,2.2,2.2,0.72,2.99,3.6571
2026-04-21T20:15:00+00:00,2.19,2.3226,2.2,2.2,2.2,0.78,5.7,3.9492
2026-04-21T20:17:30+00:00,2.38,2.4068,2.2,2.2,2.2,0.88,7.4,4.2429
2026-04-21T20:20:00+00:00,2.62,2.503,2.2,2.2,2.2,1.03,8.59,4.5374
2026-04-21T20:22:30+00:00,2.97,2.6088,2.2,2.2,2.2,1.06,10.08,4.8317
2026-04-21T20:25:00+00:00,3.28,2.7227,2.2,2.2,2.2,1.11,10.71,5.1252
2026-04-21T20:27:30+00:00,3.59,2.8433,2.2,2.2,2.2,1.23,11.01,5.4172
2026-04-21T20:30:00+00:00,3.5,2.9695,2.2,2.2,2.2,1.36,8.48,5.7069
2026-04-21T20:32:30+00:00,3.54,3.1006,2.2,2.2,2.2,1.35,7.2,5.9939
2026-04-21T20:35:00+00:00,3.57,3.2356,2.2,2.2,2.2,1.24,6.22,6.2777
2026-04-21T20:37:30+00:00,3.25,3.3738,2.2,2.2,2.2,1.23,3.0,6.5579
2026-04-21T20:40:00+00:00,3.03,3.5145,2.2,2.2,2.2,1.22,2.2,6.834
2026-04-21T20:42:30+00:00,3.03,3.6571,2.2,2.2,2.2,1.15,2.2,7.1057
2026-04-21T20:45:00+00:00,2.9,3.9492,2.2,2.2,2.2,1.16,2.2,7.3727
2026-04-21T20:47:30+00:00,2.65,4.2429,2.2,2.2,2.2,1.12,2.2,7.6348
2026-04-21T20:50:00+00:00,2.8,4.5374,2.2,2.2,2.2,0.97,2.2,7.8918
2026-04-21T20:52:30+00:00,3.12,4.8317,2.2,2.2,2.2,1.0,3.73,8.1433
2026-04-21T20:55:00+00:00,3.34,5.1252,2.2,2.2,2.2,1.09,5.06,8.3895
2026-04-21T20:57:30+00:00,3.67,5.4172,2.2,2.2,2.2,1.15,6.88,8.6299
2026-04-21T21:00:00+00:00,3.99,5.7069,2.2,2.2,2.2,1.21,8.15,8.8644
2026-04-21T21:02:30+00:00,4.46,5.9939,2.23,2.37,2.2,1.27,9.95,9.0929
2026-04-21T21:05:00+00:00,5.35,6.2777,2.44,3.54,2.2,1.39,14.11,9.3152
2026-04-21T21:07:30+00:00,6.29,6.5579,4.97,7.05,2.39,1.45,17.64,9.5314
2026-04-21T21:10:00+00:00,7.01,6.834,6.58,9.38,3.11,1.68,18.82,9.7415
2026-04-21T21:12:30+00:00,7.04,7.1057,8.19,11.41,5.43,1.9,15.2,9.9454
2026-04-21T21:15:00+00:00,7.36,7.3727,7.34,9.59,4.85,1.7,14.22,10.1432
2026-04-21T21:17:30+00:00,7.76,7.6348,7.2,11.07,2.33,1.58,13.96,10.3347
2026-04-21T21:20:00+00:00,8.25,7.8918,7.17,9.7,3.57,1.7,14.42,10.5197
2026-04-21T21:22:30+00:00,8.31,8.1433,7.82,10.4,4.78,1.73,12.08,10.6984
2026-04-21T21:25:00+00:00,8.25,8.3895,7.09,9.19,3.86,1.72,9.72,10.8709
2026-04-21T21:27:30+00:00,8.13,8.6299,5.12,8.58,2.86,1.9,7.38,11.0372
2026-04-21T21:30:00+00:00,7.94,8.8644,3.97,6.76,2.2,2.14,5.33,11.1974
2026-04-21T21:32:30+00:00,8.17,9.0929,4.48,6.38,2.2,1.97,6.66,11.3517
2026-04-21T21:35:00+00:00,8.54,9.3152,4.65,6.93,2.2,2.01,8.87,11.6428
2026-04-21T21:37:30+00:00,8.6,9.5314,6.41,8.67,4.01,1.58,8.71,11.7798
2026-04-21T21:40:00+00:00,8.81,9.7415,5.97,7.8,3.83,1.76,9.62,11.9114
2026-04-21T21:42:30+00:00,9.42,9.9454,6.73,8.89,4.56,1.68,13.05,12.0376
2026-04-21T21:45:00+00:00,9.63,10.1432,8.68,10.64,6.86,1.31,13.16,12.1585
2026-04-21T21:47:30+00:00,9.82,10.3347,8.55,10.82,6.47,1.53,13.11,12.2743
2026-04-21T21:50:00+00:00,10.3,10.5197,9.11,11.64,6.73,1.34,14.82,12.3852
2026-04-21T21:52:30+00:00,10.48,10.6984,9.9,13.97,6.64,1.25,14.35,12.4911
2026-04-21T21:55:00+00:00,10.58,10.8709,9.99,13.52,7.59,1.3,13.61,12.5924
2026-04-21T21:57:30+00:00,10.6,11.0372,9.18,12.12,6.68,1.46,12.44,12.689
2026-04-21T22:00:00+00:00,10.43,11.1974,9.68,12.06,7.12,1.27,10.25,12.7812
2026-04-21T22:02:30+00:00,10.68,11.3517,8.11,10.33,5.91,1.59,11.41,12.869
2026-04-21T22:07:30+00:00,10.48,11.6428,8.99,11.12,6.96,1.37,8.98,12.9526
2026-04-21T22:10:00+00:00,10.86,11.7798,8.4,10.92,6.47,1.34,11.57,13.0321
2026-04-21T22:12:30+00:00,11.27,11.9114,9.84,11.86,7.39,1.14,13.82,13.1077
2026-04-21T22:15:00+00:00,11.63,12.0376,11.41,13.34,9.0,1.05,15.31,13.1794
2026-04-21T22:17:30+00:00,11.7,12.1585,11.85,13.81,10.0,1.01,14.58,13.2474
2026-04-21T22:20:00+00:00,11.81,12.2743,11.84,14.09,10.09,1.09,14.24,13.3118
2026-04-21T22:22:30+00:00,11.9,12.3852,11.49,13.43,10.1,1.03,13.84,13.3727
2026-04-21T22:25:00+00:00,12.31,12.4911,11.83,14.02,9.93,1.0,15.66,13.4303
2026-04-21T22:27:30+00:00,12.72,12.5924,13.15,15.31,11.42,1.16,17.0,13.4846
2026-04-21T22:30:00+00:00,13.1,12.689,14.2,15.91,11.87,1.28,17.91,13.5357
2026-04-21T22:32:30+00:00,12.86,12.7812,14.53,15.56,13.49,1.27,14.74,13.5839
2026-04-21T22:35:00+00:00,13.13,12.869,12.7,14.46,10.43,1.08,15.52,13.6291
2026-04-21T22:37:30+00:00,13.07,12.9526,13.42,15.01,11.47,1.11,13.94,13.6715
2026-04-21T22:40:00+00:00,13.12,13.0321,12.96,15.52,10.84,1.01,13.56,13.7112
2026-04-21T22:42:30+00:00,12.86,13.1077,12.29,14.55,10.48,1.08,11.26,13.7483
2026-04-21T22:45:00+00:00,12.83,13.1794,11.9,13.78,9.75,0.92,11.04,13.7828
2026-04-21T22:47:30+00:00,12.9,13.2474,11.88,13.2,10.33,0.87,11.66,13.815
2026-04-21T22:50:00+00:00,13.04,13.3118,12.15,13.72,10.05,0.87,12.69,13.8448
2026-04-21T22:52:30+00:00,12.82,13.3727,12.34,14.83,10.46,0.92,11.1,13.8723
2026-04-21T22:55:00+00:00,12.72,13.4303,10.61,12.31,9.08,1.1,10.79,13.8977
2026-04-21T22:57:30+00:00,12.66,13.4846,10.9,12.48,9.32,0.91,10.79,13.9211
2026-04-21T23:00:00+00:00,13.01,13.5357,11.29,12.84,9.99,0.82,13.64,13.9424
2026-04-21T23:02:30+00:00,13.64,13.5839,12.94,15.17,11.14,0.89,17.68,13.9619
2026-04-21T23:05:00+00:00,14.13,13.6291,14.83,16.63,13.27,1.31,19.8,13.9795
2026-04-21T23:07:30+00:00,14.01,13.6715,16.09,17.93,14.78,1.57,17.57,13.9953
2026-04-21T23:10:00+00:00,13.88,13.7112,15.4,17.17,13.86,1.32,15.54,13.8743
2026-04-21T23:12:30+00:00,14.02,13.7483,14.47,16.22,13.05,1.06,15.78,13.7564
2026-04-21T23:15:00+00:00,14.0,13.7828,18.35,19.96,16.88,1.05,14.89,13.6415
2026-04-21T23:17:30+00:00,13.77,13.815,17.97,19.11,16.81,0.95,12.8,13.5296
2026-04-21T23:20:00+00:00,13.88,13.8448,16.72,18.03,15.48,0.75,13.48,13.4206
2026-04-21T23:22:30+00:00,13.95,13.8723,17.13,18.43,15.79,0.81,13.83,13.3144
2026-04-21T23:25:00+00:00,13.78,13.8977,17.33,18.86,15.67,0.86,12.55,13.2816
2026-04-21T23:27:30+00:00,13.67,13.9211,16.68,18.02,15.11,0.81,11.97,
2026-04-21T23:30:00+00:00,13.71,13.9424,13.04,13.04,13.04,0.7,12.59,
2026-04-21T23:32:30+00:00,13.89,13.9619,13.29,13.29,13.29,0.85,14.01,
2026-04-21T23:35:00+00:00,14.05,13.9795,13.98,13.98,13.98,0.75,15.09,
2026-04-21T23:37:30+00:00,14.18,13.9953,14.55,14.55,14.55,0.88,15.67,
2026-04-21T23:40:00+00:00,14.35,13.8743,14.9,14.9,14.9,0.91,16.4,
2026-04-21T23:42:30+00:00,14.49,13.7564,15.35,15.35,15.35,1.02,16.7,
2026-04-21T23:45:00+00:00,14.45,13.6415,15.6,15.6,15.6,0.98,15.81,
2026-04-21T23:47:30+00:00,14.06,13.5296,15.23,15.23,15.23,0.76,12.68,
2026-04-21T23:50:00+00:00,13.91,13.4206,13.63,13.63,13.63,0.68,11.86,
2026-04-21T23:52:30+00:00,13.44,13.3144,13.13,13.13,13.13,0.56,9.12,
2026-04-21T23:57:30+00:00,13.03,13.2816,11.29,11.29,11.29,0.76,8.77,
